-3.8396,0.935323,-2.54036,1.8061,-1.2718,2.47642,0.302759,2.61511,1.43776,2.56899,1.19189,2.91968,0.0339906,2.98772,-0.653448,1.9207,-0.45756,0.717819,-0.193186,0.541603,-0.424226,0.74691,-0.847417,0.392685,-0.924338,-0.121871,-0.648625,-0.189903,-0.428848,-0.0796229,-0.33329,-0.149347,-0.182554,-0.29483,-0.0198994,-0.351068,0.103942,-0.341422,0.216949,-0.341043,0.23301,-0.351775,0.0827543,-0.33829,-0.140155,-0.296168,-0.260031,-0.210762,-0.184423,-0.0663903,0.000404049,0.047501,0.130912,0.0270208,0.123866,-0.0620721,-0.00734865,-0.0368442,-0.207252,0.156316,-0.376675,0.349831,-0.441878,0.403367,-0.455515,0.349957,-0.477965,0.235737,-0.498092,0.103235,-0.529607,0.0732087,-0.552335,0.1796,-0.479581,0.297355,-0.338694,0.367079,-0.265334,0.393418,-0.28488,0.308138,-0.310512,0.166468,-0.322431,0.162251,-0.342684,0.277304,-0.33632,0.317961,-0.312608,0.231343,-0.34026,0.0868201,-0.403165,-0.0651782,-0.408847,-0.163514,-0.301395,-0.143311,-0.123791,-0.0102275,0.0199247,0.151973,0.0748249,0.230636,0.0281824,0.190029,-0.128513,0.0895221,-0.338366,-0.00994972,-0.477536,-0.0751784,-0.474177,-0.0957091,-0.390413,-0.0764411,-0.321068,0.0023738,-0.270157,0.128387,-0.21806,0.166645,-0.19907,0.0459101,-0.237758,-0.07384,-0.287203,-0.0793199,-0.291597,-0.0571982,-0.251596,-0.0647236,-0.183489,-0.0815927,-0.0973001,-0.10331,-0.0209853,-0.106543,0.0284855,-0.0738905,0.0658095,-0.0453798,0.0995981,-0.0306067,0.0906838,0.0248743,0.00934364,0.126063,-0.0484101,0.168716,0.0150761,0.0469202,0.104775,-0.146821,0.115785,-0.173893,0.092098,-0.0300511,0.0813906,0.0529052,0.0744713,0.0339401,0.0722995,0.0531325,0.0913656,0.127326,0.121745,0.183918,0.139473,0.189903,0.136947,0.141493,0.10475,0.0672742,0.0385362,0.0144953,-0.0603043,-0.018157,-0.1771,-0.0563901,-0.243364,-0.0754057,-0.188413,-0.0437888,-0.0384099,0.00621227,0.0901282,0.00669206,0.126366,-0.0461374,0.119775,-0.0684611,0.100204,-0.0237884,0.0242682,0.0458596,-0.0971991,0.127705,-0.194322,0.187858,-0.225813,0.14215,-0.213565,0.0252783,-0.223288,-0.041415,-0.252758,-0.0501021,-0.225636,-0.0498748,-0.156468,-0.0412888,-0.115104,-0.0410868,-0.0884363,-0.0719965,-0.0668196,-0.0863908,-0.0897747,-0.0123487,-0.157756,0.125533,-0.22556,0.198464,-0.249904,0.15316,-0.22604,0.103815,-0.182807,0.137503,-0.125659,0.184777,-0.0397736,0.171519,0.0337633,0.124371,0.0333088,0.110103,0.0033334,0.170761,0.0413645,0.234879,0.123589,0.177453,0.139927,0.0476273,0.0669712,-0.0254551,-0.0431575,-0.0610872,-0.135306,-0.0828553,-0.142781,-0.0128033
3.05623,1.44604,2.29901,1.93189,0.322659,1.05916,-0.626402,-0.0245459,-0.986107,-1.41382,-1.77658,-3.09393,-1.76716,-3.86602,-0.992446,-3.43672,-1.00732,-2.34545,-1.14002,-1.02376,-0.0677792,-0.430817,0.845927,-0.952495,0.166241,-1.32144,-0.749486,-0.818477,-0.590821,-0.401372,-0.0710621,-0.605998,0.109927,-0.791608,0.141771,-0.573775,0.163791,-0.302734,0.0951788,-0.282708,0.00373744,-0.402559,0.0194701,-0.449303,0.120558,-0.389579,0.232025,-0.348417,0.319881,-0.400463,0.328694,-0.478243,0.191242,-0.499253,-0.0306825,-0.45506,-0.135281,-0.335765,-0.0341927,-0.107629,0.168817,0.127452,0.362836,0.18162,0.482182,0.0481828,0.481021,-0.154751,0.350361,-0.369301,0.137756,-0.505794,-0.059572,-0.436171,-0.197378,-0.206444,-0.284148,0.0154296,-0.267279,0.177933,-0.120129,0.310234,0.0691429,0.377104,0.230258,0.333214,0.316648,0.242707,0.244172,0.204575,0.0546982,0.206267,-0.0825271,0.19013,-0.109144,0.185358,-0.0831584,0.236141,-0.0437888,0.304173,0.00439403,0.365866,0.0731581,0.42857,0.16763,0.412686,0.259501,0.274854,0.298163,0.109674,0.258819,-0.0289905,0.183817,-0.134043,0.127124,-0.142781,0.069648,-0.0793957,-0.00893959,-0.0608852,-0.0478546,-0.051188,-0.0318441,0.0772997,-0.0554305,0.257834,-0.146089,0.323189,-0.197908,0.290107,-0.133614,0.288491,-0.012273,0.336926,0.0412383,0.334654,-0.00765169,0.217883,-0.0802543,0.0760875,-0.137907,0.0241419,-0.189802,0.0520971,-0.201292,0.112679,-0.174448,0.160433,-0.165685,0.138715,-0.147402,0.074143,-0.0427282,0.0569709,0.088108,0.106088,0.0747996,0.168867,-0.101846,0.188034,-0.26248,0.129346,-0.296926,0.0296724,-0.256622,-0.0304047,-0.214828,-0.0275764,-0.195156,-0.00936889,-0.163716,-0.0151013,-0.0793957,-0.0228793,0.0168438,-0.0211116,0.0226773,-0.0621226,-0.0989415,-0.144448,-0.267986,-0.185206,-0.370766,-0.153034,-0.349806,-0.0832594,-0.251849,0.010076,-0.187959,0.118235,-0.199171,0.182731,-0.233035,0.154524,-0.239576,0.0423494,-0.231924,-0.088714,-0.258718,-0.14465,-0.294653,-0.111063,-0.273844,-0.0806583,-0.215787,-0.105028,-0.145382,-0.122073,-0.0711127,-0.0956081,-0.0551022,-0.0696227,-0.0913656,-0.0695722,-0.0915171,-0.116619,-0.065456,-0.224677,-0.111012,-0.325613,-0.208691,-0.353846,-0.225081,-0.324527,-0.155256,-0.267026,-0.135104,-0.222783,-0.178539,-0.231823,-0.14167,-0.255738,-0.00512636,-0.26296,0.0539911,-0.265864,-0.031036,-0.227631,-0.107023,-0.147074,-0.0886888,-0.0834109,-0.0896989,-0.020657,-0.186443,0.0563901,-0.28892,0.0702035,-0.304148,0.00962142,-0.260182,-0.0063385,-0.223616,0.0709359,-0.200737,0.126998
-2.74743,0.0531073,-4.28812,-0.557411,-3.22636,1.95653,-1.55279,3.50972,-0.325916,2.71768,0.751708,1.01295,1.19419,-1.06639,1.54577,-1.94027,1.81873,-0.216091,1.05101,1.23788,0.124851,0.108184,-0.121947,-1.31622,-0.329881,-1.31298,-0.558068,-0.893504,-0.460288,-0.630519,-0.342886,-0.328845,-0.454176,-0.178868,-0.616049,-0.301092,-0.677666,-0.45703,-0.65759,-0.433545,-0.612766,-0.267102,-0.558446,-0.123715,-0.536325,-0.0684358,-0.631175,-0.0512637,-0.819285,-0.00227278,-0.938328,0.13071,-0.872923,0.329351,-0.673575,0.510339,-0.439025,0.665822,-0.191242,0.875069,0.0527284,1.06899,0.206015,1.04636,0.224247,0.82777,0.200459,0.613094,0.222252,0.432156,0.253415,0.212858,0.220712,0.0117932,0.094396,-0.0789663,-0.096694,-0.0833352,-0.317052,-0.104118,-0.551174,-0.187479,-0.741784,-0.257152,-0.843427,-0.232985,-0.883479,-0.121013,-0.873958,0.0428292,-0.789967,0.222858,-0.63418,0.393948,-0.463444,0.526552,-0.377104,0.577361,-0.408292,0.566654,-0.429782,0.561654,-0.316573,0.56476,-0.115306,0.508799,0.0564406,0.376347,0.128033,0.258996,0.129902,0.220283,0.153311,0.197024,0.194348,0.114901,0.216899,-0.0102528,0.29488,-0.109674,0.445868,-0.139599,0.517764,-0.135356,0.421474,-0.160711,0.267026,-0.225661,0.167251,-0.315108,0.0974769,-0.382736,-0.00714662,-0.339932,-0.131417,-0.170357,-0.208994,0.0210106,-0.228616,0.106669,-0.199171,0.0839665,-0.0991183,0.0710874,0.0145458,0.131644,0.0336876,0.209702,0.000126264,0.216974,0.0576275,0.151998,0.194019,0.10927,0.276092,0.126972,0.30488,0.119043,0.346144,0.00760119,0.36675,-0.146569,0.358619,-0.2245,0.351902,-0.226318,0.329906,-0.250132,0.317835,-0.305385,0.335942,-0.309678,0.29882,-0.26291,0.163488,-0.217,-0.00555567,-0.170054,-0.157428,-0.12374,-0.25541,-0.0752794,-0.266723,0.00116163,-0.230914,0.082022,-0.213464,0.129902,-0.212934,0.19114,-0.178817,0.349932,-0.0764915,0.549557,0.0744966,0.620367,0.22104,0.533698,0.316143,0.384023,0.322532,0.221747,0.259778,0.113007,0.238743,0.116139,0.31685,0.1522,0.399327,0.110583,0.387534,-0.00424252,0.290259,-0.0809361,0.182403,-0.0353291,0.116593,0.0477788,0.0979062,0.0677287,0.147175,0.0777542,0.234576,0.105709,0.246647,0.0818705,0.180231,-0.00292935,0.131897,-0.0925273,0.108866,-0.142427,0.0720975,-0.102199,0.0484101,0.0439909,0.0702793,0.201014,0.0989668,0.282279,0.107755,0.312279,0.138235,0.289425,0.179701,0.195029,0.154221,0.1347,0.0684611,0.185282,0.0124245,0.239424,0.0193944,0.168261,0.0585871,-0.0170458
0.660772,-0.713298,0.731506,-3.42124,1.74653,-3.94572,3.88021,-3.39401,4.43611,-2.29401,1.33321,-1.94623,-2.58235,-2.57594,-3.64089,-2.09636,-1.87118,-0.319325,-0.158438,1.28879,-0.54481,1.81499,-2.08436,1.12836,-3.01479,0.31983,-3.2285,0.320335,-3.34255,0.682186,-3.48472,0.847493,-3.65056,0.854741,-3.81112,0.888681,-3.83516,1.03338,-3.78162,1.18765,-3.82051,1.21336,-3.942,1.17667,-4.01885,1.2196,-3.94097,1.33904,-3.70192,1.43251,-3.42298,1.4367,-3.21262,1.36218,-3.05666,1.24205,-2.83683,1.1152,-2.48978,1.03325,-2.11161,0.967243,-1.83802,0.79527,-1.7261,0.504152,-1.70721,0.251925,-1.6562,0.136796,-1.58195,0.0604811,-1.574,-0.0812896,-1.59524,-0.238136,-1.52453,-0.324426,-1.31553,-0.347508,-1.04338,-0.372256,-0.822392,-0.445969,-0.685267,-0.566654,-0.591528,-0.711657,-0.501097,-0.892721,-0.404276,-1.1079,-0.34074,-1.2998,-0.345614,-1.45496,-0.385059,-1.61615,-0.411347,-1.78244,-0.402509,-1.88777,-0.33377,-1.89693,-0.232151,-1.8956,-0.158968,-1.96426,-0.0713147,-2.05186,0.101492,-2.11012,0.332734,-2.1578,0.562361,-2.19697,0.713854,-2.23997,0.7234,-2.29429,0.65057,-2.29225,0.606251,-2.19765,0.604988,-2.09931,0.595745,-2.09563,0.553951,-2.1426,0.514481,-2.11646,0.508319,-1.98888,0.50986,-1.84143,0.543699,-1.76585,0.664535,-1.77585,0.801633,-1.81163,0.858529,-1.8164,0.841255,-1.74744,0.769991,-1.59905,0.661782,-1.42218,0.576427,-1.26831,0.575164,-1.20821,0.664787,-1.27334,0.782997,-1.33412,0.857392,-1.26058,0.857165,-1.11886,0.78282,-1.03462,0.718122,-1.01323,0.79277,-1.00512,0.978834,-1.01689,1.0955,-1.04298,1.06028,-1.00502,0.988961,-0.888075,0.991284,-0.768552,1.01007,-0.675899,0.97545,-0.600493,0.929591,-0.54678,0.930778,-0.484152,0.96891,-0.359881,0.973506,-0.20753,0.915929,-0.118033,0.872898,-0.0584104,0.896484,0.0695975,0.932798,0.224576,0.946435,0.334982,0.978607,0.422736,1.05123,0.469152,1.1251,0.46703,1.12977,0.533092,1.04141,0.702515,0.946763,0.85921,0.943783,0.92954,1.03858,0.931207,1.15785,0.915373,1.2078,0.910323,1.16477,0.879261,1.10035,0.791179,1.09033,0.676984,1.11396,0.56976,1.11449,0.478495,1.1229,0.411069,1.17232,0.365109,1.18056,0.327507,1.0805,0.303188,0.953783,0.315083,0.881357,0.351068,0.827089,0.394478,0.798628,0.486248,0.860801,0.648398,0.939717,0.806659,0.89055,0.836104,0.723248,0.715142,0.559255,0.573447
-1.77261,-3.59298,0.117275,-3.38684,4.85465,-3.39262,11.2215,-1.32586,13.739,0.764789,10.3917,0.431499,6.11766,-0.214601,4.79109,0.756052,4.9323,1.28743,4.13166,0.37021,2.54798,-0.139725,1.59461,0.442939,1.24634,1.31753,0.752491,1.94398,0.359578,2.13197,0.381574,2.03075,0.513546,1.81943,0.460161,1.59559,0.208161,1.54779,-0.0174499,1.65188,-0.0239147,1.72797,0.112477,1.76375,0.265031,1.7714,0.383215,1.65822,0.353341,1.41276,0.0931081,1.1472,-0.250763,0.951005,-0.406095,0.832569,-0.313971,0.697363,-0.175231,0.455338,-0.0948758,0.167655,-0.00464656,-0.122578,0.0905575,-0.457283,0.106038,-0.748274,0.0825523,-0.837215,0.1646,-0.718096,0.346775,-0.54832,0.509127,-0.50092,0.626983,-0.594634,0.675747,-0.673272,0.588674,-0.575442,0.421954,-0.297027,0.275157,0.0200509,0.14465,0.220081,0.00287886,0.270738,-0.15821,0.269652,-0.350639,0.25594,-0.563623,0.161948,-0.759234,0.0242682,-0.87464,-0.000934371,-0.889842,0.136897,-0.848781,0.296244,-0.771911,0.322608,-0.690722,0.244399,-0.66312,0.160862,-0.659888,0.116846,-0.608195,0.186166,-0.495945,0.379402,-0.351876,0.576528,-0.230283,0.708071,-0.169322,0.769764,-0.131316,0.736506,-0.065557,0.634711,0.0257834,0.545643,0.114649,0.496728,0.182681,0.466929,0.242985,0.435287,0.328694,0.373165,0.440085,0.311269,0.528143,0.33632,0.545845,0.429934,0.514733,0.503167,0.497006,0.558143,0.487006,0.602816,0.437282,0.578472,0.358442,0.513218,0.30334,0.499885,0.297254,0.50842,0.286218,0.460161,0.178741,0.378594,-0.00227278,0.335538,-0.120205,0.381422,-0.113437,0.464707,-0.0406827,0.44251,0.0207075,0.305234,0.0348997,0.168766,0.0595972,0.0505061,0.189701,-0.0540163,0.381624,-0.0716682,0.481323,-0.00674257,0.424959,0.0874261,0.300183,0.253642,0.219878,0.486096,0.178792,0.632261,0.106694,0.637615,0.0257329,0.642337,0.0149751,0.74537,0.0676782,0.882873,0.0911636,0.94545,0.0315411,0.888959,-0.0586376,0.761784,-0.132452,0.668272,-0.22152,0.657843,-0.304729,0.685015,-0.284627,0.700445,-0.140609,0.695091,0.0148235,0.669787,0.0495718,0.619963,-0.0362382,0.550593,-0.11725,0.498268,-0.0895979,0.486627,0.0249248,0.457762,0.107528,0.360715,0.104346,0.247202,0.0876282,0.158867,0.113538,0.0636882,0.145862,-0.0417433,0.140836,-0.1048,0.103891,-0.0956334,0.0779057,-0.0642186,0.125003,-0.0828806,0.238263,-0.169473,0.323189,-0.292229,0.332785,-0.397079,0.299047,-0.448596,0.262607,-0.424832,0.250157,-0.295991,0.258213,-0.0889413
-0.84325,-1.00558,0.404125,-0.428444,2.17229,2.37775,0.892292,5.20716,-2.18654,5.14847,-3.49116,3.27739,-2.6863,0.990905,-1.60021,-0.888024,-0.89959,-1.06177,0.196974,-0.176696,1.64653,0.316042,2.14828,0.406221,1.59448,0.32526,1.00611,0.20253,0.667615,0.257152,0.498647,0.393392,0.565239,0.416524,0.78686,0.281041,0.97742,0.0518951,1.02462,-0.163766,0.9579,-0.279375,0.832366,-0.292961,0.659156,-0.216318,0.472258,-0.0140407,0.291976,0.279097,0.117452,0.570896,0.00755066,0.816735,-0.0249753,0.955475,-0.0750774,0.914287,-0.174751,0.710924,-0.262607,0.40862,-0.310638,0.0673499,-0.351245,-0.254223,-0.421221,-0.511551,-0.473369,-0.625771,-0.429681,-0.530971,-0.351371,-0.277784,-0.341497,0.0075254,-0.376852,0.177706,-0.383215,0.135912,-0.305638,-0.0815674,-0.159296,-0.374781,-0.0509354,-0.64312,-0.0214651,-0.803957,0.0270965,-0.826861,0.163034,-0.713702,0.282885,-0.528193,0.252505,-0.392054,0.138867,-0.330436,0.113285,-0.275309,0.22205,-0.237303,0.390109,-0.252682,0.56279,-0.264526,0.757441,-0.222303,0.920651,-0.155887,0.906004,-0.0998001,0.722541,-0.0579305,0.538017,-0.047501,0.426146,-0.0528294,0.346447,0.00994971,0.258465,0.154524,0.138715,0.285587,0.0114649,0.355942,-0.0509607,0.379453,-0.0613145,0.359932,-0.0965677,0.336851,-0.142932,0.325967,-0.164877,0.253945,-0.180534,0.0962142,-0.188918,-0.0619963,-0.170281,-0.13475,-0.140357,-0.122528,-0.160786,-0.0637135,-0.259804,0.0379301,-0.376549,0.127553,-0.440464,0.107452,-0.424858,0.0143942,-0.333113,-0.0366927,-0.187201,-0.0417433,-0.0590922,-0.0724006,-0.020657,-0.128967,-0.0296724,-0.123336,-0.0469455,-0.0197226,-0.138286,0.0850776,-0.284956,0.113967,-0.35526,0.130533,-0.315234,0.185358,-0.246167,0.216646,-0.20008,0.20806,-0.150458,0.234374,-0.0702541,0.312431,0.0206065,0.382584,0.0911888,0.428519,0.107906,0.474126,0.0621478,0.494758,-0.0016162,0.446474,-0.0615922,0.355235,-0.148387,0.304754,-0.245813,0.308264,-0.260233,0.274955,-0.157453,0.183994,-0.0416928,0.154397,-0.0310865,0.247859,-0.111442,0.365917,-0.171569,0.375033,-0.172504,0.242556,-0.173842,0.0815674,-0.208919,0.0299501,-0.256243,0.063461,-0.285839,0.0493192,-0.285183,-0.0536123,-0.266546,-0.15417,-0.245536,-0.158943,-0.212757,-0.0986385,-0.134397,-0.0613145,0.000505053,-0.0572487,0.131973,-0.0747238,0.173564,-0.129119,0.103411,-0.189423,-0.0150761,-0.208313,-0.102325,-0.179827,-0.172579,-0.13518,-0.282784,-0.121189,-0.366952,-0.126442,-0.336421,-0.109649,-0.236344,-0.0666176,-0.127932,0.0097982,0.00148993,0.08831
-0.520794,4.63505,0.596957,3.83655,1.953,2.94885,3.17474,3.18754,3.48843,3.12716,2.12383,0.828275,-0.103058,-1.49905,-2.0332,-1.66602,-2.72508,-0.688576,-1.88931,0.0512637,-0.892949,0.224197,-0.918656,0.125988,-1.39738,0.152806,-1.56786,0.328088,-1.49559,0.46049,-1.41523,0.611049,-1.33723,0.938581,-1.18634,1.2947,-0.925677,1.4595,-0.60375,1.46551,-0.30738,1.45114,-0.0678045,1.47137,0.142099,1.49738,0.35127,1.40208,0.567588,1.0997,0.800143,0.765648,1.03305,0.603978,1.18283,0.570038,1.17631,0.546047,1.0423,0.474556,0.906408,0.265107,0.897949,-0.157251,0.987319,-0.665797,0.997193,-0.986057,0.824791,-1.0005,0.546123,-0.861281,0.26344,-0.795396,-0.0069446,-0.862418,-0.190635,-0.91406,-0.179145,-0.812871,-0.0715925,-0.566376,-0.0565164,-0.23801,-0.162529,0.0541426,-0.328997,0.164751,-0.451828,0.109927,-0.399403,0.0313896,-0.226747,0.00429301,-0.102224,0.039218,-0.0213894,0.116417,0.0872746,0.154978,0.206494,0.0904565,0.30483,-0.0133841,0.356902,-0.0411625,0.384579,0.00517688,0.460136,0.0493193,0.543724,0.0497233,0.520542,-0.0210358,0.41862,-0.157503,0.350614,-0.302254,0.318997,-0.407282,0.297759,-0.487132,0.326042,-0.594887,0.358568,-0.69004,0.295663,-0.672994,0.182504,-0.564507,0.154675,-0.447762,0.232227,-0.369882,0.273036,-0.361826,0.174095,-0.409756,-0.00684359,-0.459252,-0.187858,-0.456399,-0.327835,-0.388165,-0.400488,-0.316093,-0.420514,-0.305007,-0.417711,-0.318391,-0.385791,-0.27844,-0.320588,-0.221545,-0.27993,-0.182024,-0.315158,-0.0628549,-0.369806,0.131215,-0.355109,0.26291,-0.282355,0.302608,-0.219904,0.269223,-0.154473,0.144953,-0.0215914,0.0111366,0.133033,-0.0143943,0.19859,0.0190913,0.178059,0.00194449,0.154776,-0.0529052,0.153362,-0.103815,0.136569,-0.157074,0.0926788,-0.20311,0.0659863,-0.213212,0.0913403,-0.189221,0.150205,-0.150912,0.185257,-0.102553,0.145104,-0.0930071,0.0703046,-0.16662,0.0563396,-0.227328,0.0797745,-0.216368,0.0345967,-0.241445,-0.0632842,-0.312103,-0.120962,-0.293845,-0.131846,-0.178211,-0.133437,-0.094699,-0.130079,-0.0947495,-0.125912,-0.107048,-0.139422,-0.0810624,-0.18258,-0.0404554,-0.245712,-0.00909111,-0.291723,0.0140407,-0.282632,0.0409352,-0.206267,0.0840927,-0.0760623,0.147983,0.0165155,0.216444,-0.0424757,0.264122,-0.171923,0.304729,-0.192378,0.360589,-0.115255,0.391549,-0.0470212,0.358442,0.0255056,0.282304,0.128058,0.208691,0.193691,0.211065,0.210737,0.301118,0.236268,0.353442,0.246773,0.29786,0.195737,0.19359,0.140988,0.0797492
0.968733,-0.927899,0.0356824,-2.51917,-0.856963,-2.22111,-1.64579,-1.30841,-2.04032,-2.58965,-1.98014,-3.97862,-0.968531,-2.16315,1.47988,0.602311,3.81758,0.706682,4.33615,-1.22323,3.5095,-2.49874,2.88602,-2.12088,3.05911,-1.04096,3.5372,-0.208237,3.87655,0.312254,3.99304,0.64961,3.9045,0.894918,3.66462,1.20384,3.38346,1.57556,3.15459,1.83057,2.94587,1.90012,2.7262,1.93444,2.54844,2.06436,2.37046,2.21376,2.11507,2.23083,1.84577,2.07611,1.63259,1.84969,1.45276,1.73496,1.28629,1.81643,1.13321,1.94343,0.982597,1.90976,0.860119,1.67547,0.844943,1.3497,0.89709,1.0348,0.808856,0.761784,0.565139,0.536906,0.42107,0.34622,0.457182,0.166115,0.484682,-0.00459607,0.381372,-0.15172,0.226874,-0.279526,0.150635,-0.416953,0.154322,-0.555113,0.143639,-0.657186,0.086315,-0.708551,0.022551,-0.692035,-0.0273996,-0.633044,-0.0656075,-0.616175,-0.0562133,-0.66057,0.0205055,-0.714283,0.108714,-0.767264,0.180761,-0.835245,0.265688,-0.882191,0.331043,-0.86166,0.322835,-0.839917,0.309451,-0.90507,0.397887,-0.95401,0.553118,-0.859665,0.674611,-0.719485,0.740799,-0.687111,0.771406,-0.746506,0.778451,-0.782391,0.780901,-0.736228,0.80479,-0.637741,0.84772,-0.586149,0.885019,-0.632286,0.936763,-0.690697,0.990804,-0.694485,0.974996,-0.654206,0.972344,-0.559709,1.08518,-0.425893,1.13841,-0.326194,0.982951,-0.310512,0.745269,-0.353821,0.572891,-0.368038,0.519733,-0.2994,0.565593,-0.20056,0.598725,-0.131164,0.538623,-0.0683853,0.411777,-0.00651529,0.28041,-0.00522738,0.20508,-0.0851029,0.181418,-0.182479,0.119977,-0.217126,0.010379,-0.197125,-0.0676025,-0.185837,-0.115306,-0.162478,-0.173893,-0.0902797,-0.210888,-0.0383342,-0.221394,-0.0840675,-0.262708,-0.21551,-0.301572,-0.352432,-0.281521,-0.409378,-0.279476,-0.380185,-0.328618,-0.327154,-0.328972,-0.29738,-0.276344,-0.315537,-0.264374,-0.394807,-0.289198,-0.498117,-0.283188,-0.524304,-0.221267,-0.401524,-0.112856,-0.216242,0.00386372,-0.157049,0.0804058,-0.273516,0.124927,-0.425337,0.179852,-0.49496,0.235788,-0.473748,0.251344,-0.419757,0.261344,-0.390842,0.351876,-0.358265,0.476601,-0.318744,0.491096,-0.351119,0.407761,-0.419125,0.362053,-0.387988,0.392079,-0.246899,0.448394,-0.102123,0.478621,-0.0296976,0.444505,-0.0322482,0.360589,-0.0302279,0.287355,0.0697237,0.260511,0.226571,0.269273,0.328214,0.279526,0.345033,0.257783,0.29632,0.185812,0.239626,0.0640165,0.279501,-0.06187,0.415059,-0.116215,0.534633
2.42472,-2.14298,1.94125,-3.83145,0.466879,-4.46762,-1.08002,-3.75847,-1.07651,-3.32659,0.972647,-2.94802,1.78304,-1.52276,-0.43107,-0.762845,-2.81135,-1.79572,-3.01337,-2.58581,-1.66564,-1.96297,-0.23051,-0.848604,0.518749,0.0994466,0.598043,0.821028,0.411852,1.26076,0.258238,1.37523,0.105962,1.18116,-0.175029,0.798123,-0.541704,0.429075,-0.802568,0.212757,-0.832089,0.116189,-0.704258,0.0167428,-0.5413,-0.0843705,-0.314754,-0.0893454,-0.0259097,-0.0306572,0.100583,-0.00777794,-0.105785,0.0570467,-0.452459,0.318113,-0.6162,0.702414,-0.565189,0.947723,-0.510516,0.918681,-0.565012,0.69754,-0.656757,0.389655,-0.691732,0.0400009,-0.663297,-0.270334,-0.609836,-0.438747,-0.5613,-0.449631,-0.515718,-0.39266,-0.411448,-0.391448,-0.22104,-0.484253,-0.0206065,-0.562058,0.138387,-0.486904,0.249677,-0.280461,0.275536,-0.101391,0.24849,-0.024546,0.29339,0.00838403,0.412686,0.0387635,0.463596,0.024748,0.398822,-0.0756329,0.321547,-0.218035,0.332255,-0.31733,0.429757,-0.331649,0.514759,-0.2719,0.509481,-0.168286,0.453444,-0.0717187,0.419075,-0.0616175,0.420161,-0.116644,0.414706,-0.0907848,0.342785,0.0569204,0.22099,0.197226,0.144321,0.215788,0.145963,0.124195,0.167478,-0.0100002,0.152352,-0.125685,0.0914161,-0.157958,0.0278036,-0.117048,0.0189146,-0.107275,0.0340159,-0.125735,0.0324502,-0.0368947,0.114649,0.144725,0.318189,0.238237,0.455161,0.208616,0.393317,0.183236,0.218187,0.20003,0.0334603,0.181317,-0.13417,0.104623,-0.236571,0.0390665,-0.187327,0.0402534,0.012475,0.0899262,0.218212,0.106366,0.3118,0.0202277,0.325967,-0.140458,0.325512,-0.29185,0.323871,-0.379074,0.347785,-0.392559,0.402812,-0.34627,0.411474,-0.236066,0.371826,-0.0546476,0.379503,0.103891,0.394074,0.10225,0.319148,0.00790421,0.246647,0.024849,0.307279,0.143412,0.434126,0.189095,0.490415,0.145912,0.486778,0.124094,0.491854,0.153816,0.490667,0.19907,0.488874,0.258162,0.551098,0.337128,0.644105,0.351599,0.636377,0.214651,0.480212,0.0137124,0.285082,-0.0833099,0.174499,-0.0361119,0.137099,0.0627286,0.129851,0.12922,0.196191,0.152705,0.313113,0.145912,0.357836,0.113841,0.324047,0.0537133,0.298062,-0.0122477,0.297784,-0.00305562,0.305133,0.121366,0.297431,0.275107,0.244349,0.354578,0.179903,0.341018,0.167882,0.282885,0.172327,0.235763,0.11975,0.192403,0.0335361,0.0852291,-0.0134851,-0.101896,0.0116922,-0.259172,0.0634105,-0.29084,0.0786128,-0.250586,0.0986638,-0.214575,0.159776,-0.159498,0.179524,-0.0638397
1.47986,-6.45898,3.49424,-6.44332,3.25345,-6.38567,2.02126,-6.2787,2.94125,-5.24415,4.77733,-2.84643,3.7593,-0.793679,0.00603554,-0.253743,-3.41576,0.24748,-5.06534,1.53907,-5.40004,2.18176,-4.70838,1.34791,-3.25318,0.128513,-1.86254,-0.173236,-1.11015,0.464252,-0.904136,1.1426,-0.930399,1.27475,-0.949667,1.02103,-0.803755,0.779764,-0.520188,0.688197,-0.319325,0.666555,-0.317785,0.660494,-0.420969,0.642489,-0.558446,0.556805,-0.714839,0.440515,-0.772769,0.441979,-0.611377,0.586503,-0.265183,0.717465,0.117528,0.744562,0.318568,0.723147,0.200737,0.690166,-0.0418443,0.586376,-0.0921485,0.388771,0.0541931,0.181065,0.201848,0.00573245,0.275587,-0.139372,0.240005,-0.189474,0.0809613,-0.102452,-0.0531325,0.0688651,-0.0767188,0.245788,-0.115609,0.325335,-0.242404,0.235232,-0.340563,0.0977799,-0.314047,0.082123,-0.241495,0.140937,-0.199903,0.124018,-0.16316,0.0138639,-0.121013,-0.0512637,-0.0993961,0.00143941,-0.114649,0.0555315,-0.146013,0.0136619,-0.16561,-0.069749,-0.165559,-0.12571,-0.118109,-0.158008,-0.0245207,-0.161089,0.0271218,-0.106719,-0.0378544,-0.055885,-0.138665,-0.12523,-0.156241,-0.284905,-0.156973,-0.384402,-0.223944,-0.388594,-0.261571,-0.371624,-0.212176,-0.369503,-0.162554,-0.370766,-0.147857,-0.348669,-0.112578,-0.301976,-0.0390665,-0.244298,0.0410868,-0.179524,0.105432,-0.135988,0.163135,-0.130988,0.241369,-0.143437,0.320866,-0.175433,0.320689,-0.243919,0.243743,-0.305663,0.195459,-0.324755,0.151847,-0.357609,0.0328037,-0.421044,-0.0779562,-0.415413,-0.0874261,-0.272758,-0.0254298,-0.0757845,0.0381826,0.0273743,0.0744713,-0.00952041,0.102149,-0.0936889,0.116063,-0.132983,0.0999264,-0.167908,0.0712389,-0.270637,0.0638398,-0.380387,0.118866,-0.38319,0.219121,-0.307178,0.243566,-0.305158,0.134321,-0.416246,0.00550516,-0.523925,-0.0498748,-0.551906,-0.0483091,-0.515541,-0.00212126,-0.44501,0.0504304,-0.365968,0.0264652,-0.321901,-0.0749764,-0.335134,-0.166746,-0.338846,-0.211823,-0.25849,-0.225106,-0.134599,-0.186115,-0.0569709,-0.0908605,-0.0550264,0.0192176,-0.109472,0.0910626,-0.180181,0.0801028,-0.199525,0.0229298,-0.146695,-0.0177529,-0.126139,-0.0552537,-0.223439,-0.0604811,-0.358139,0.0279299,-0.434025,0.108916,-0.469429,0.0624003,-0.497359,-0.0668701,-0.496728,-0.216747,-0.448747,-0.343593,-0.399377,-0.37665,-0.396675,-0.323265,-0.407307,-0.262682,-0.389125,-0.210762,-0.333239,-0.121947,-0.222328,-0.0324249,-0.0895979,-0.0380816,-0.0292431,-0.124397,-0.0639913,-0.190585,-0.131392,-0.196014,-0.198565,-0.170888,-0.260915,-0.145331,-0.307355
1.69216,-1.10108,0.535011,-2.77973,-0.477232,-5.05501,0.518041,-6.44797,2.90751,-5.93273,3.76384,-3.69548,1.97636,-0.797517,-0.766961,1.54256,-2.51904,2.29078,-2.56387,1.302,-1.2544,-0.00611124,0.121695,-0.0767694,0.388518,0.917394,-0.336977,1.78766,-1.04674,2.07585,-1.12636,2.16775,-0.796558,2.44197,-0.534734,2.92504,-0.539835,3.44305,-0.641226,3.82597,-0.642388,3.99264,-0.567967,4.0036,-0.434934,4.06231,-0.218944,4.27737,-0.0140407,4.50916,0.17715,4.57103,0.461626,4.41416,0.758375,4.09499,0.922848,3.69553,0.977016,3.33068,0.976814,3.09509,0.890777,2.93249,0.75489,2.7445,0.775219,2.54056,1.01106,2.37235,1.23866,2.28545,1.31124,2.26672,1.24732,2.20075,1.06937,2.01542,0.864009,1.79605,0.77787,1.7161,0.836659,1.83161,0.939818,1.9782,1.02575,2.02211,1.05525,1.98451,0.927975,1.87216,0.684586,1.74893,0.557108,1.77251,0.617589,1.93305,0.737996,2.05906,0.846432,2.08924,0.929793,2.10691,0.991688,2.16116,1.05492,2.2199,1.10313,2.27876,1.09821,2.33662,1.0878,2.34013,1.18846,2.30098,1.37662,2.29288,1.4891,2.32823,1.49773,2.34184,1.51738,2.22043,1.59019,1.94663,1.67302,1.67031,1.73375,1.50723,1.78605,1.44402,1.87456,1.42864,2.00335,1.42882,2.13704,1.41215,2.24714,1.302,2.30788,1.09934,2.33823,0.940424,2.36078,0.880095,2.33157,0.826912,2.27793,0.716884,2.29106,0.567739,2.34578,0.441095,2.34457,0.405463,2.23225,0.429732,2.05734,0.384604,1.9212,0.218338,1.83842,0.0421726,1.80529,-0.0220459,1.81362,0.0120205,1.78481,0.0827038,1.70357,0.143766,1.63031,0.13917,1.61625,0.0781835,1.65105,0.0215156,1.63193,-0.00262633,1.57811,0.00835877,1.61377,0.0311623,1.67132,0.0467939,1.66398,0.0539153,1.65696,0.0144953,1.65254,-0.100154,1.61193,-0.249374,1.54872,-0.38218,1.48127,-0.489935,1.44791,-0.600367,1.44756,-0.717111,1.4246,-0.795724,1.33707,-0.831861,1.17881,-0.867822,1.05429,-0.891105,1.04419,-0.871989,1.03575,-0.852821,0.953505,-0.882822,0.869817,-0.963784,0.809765,-1.0676,0.733198,-1.12965,0.631251,-1.09131,0.546022,-0.989415,0.513142,-0.926586,0.453621,-0.946813,0.277203,-1.033,0.065456,-1.1601,-0.0543193,-1.23379,-0.0725773,-1.16487,-0.0611882,-1.03785,-0.0873504,-0.990224,-0.141771,-1.03919,-0.187529,-1.09268,-0.215939,-1.04899,-0.196545,-0.935348,-0.113109,-0.856988,-0.0227783,-0.820371,0.0193438,-0.76484
-2.20096,2.48571,0.0428293,-0.998456,2.83597,-5.44161,3.77541,-8.27485,3.3907,-6.39072,2.69175,-1.08962,1.48978,3.2231,0.646958,4.10345,1.15207,2.82519,2.58258,1.89898,3.65442,2.21098,3.40906,2.54647,2.56256,1.83166,2.23649,0.895095,2.24399,0.838402,2.10323,1.29763,1.88092,1.55385,1.71686,1.61688,1.5969,1.62266,1.46056,1.53387,1.28599,1.48922,1.12308,1.60607,0.982345,1.7014,0.886459,1.61971,0.929465,1.39695,0.953329,1.06275,0.656302,0.657337,0.132983,0.258112,-0.316042,-0.11129,-0.639206,-0.345462,-0.902166,-0.306092,-1.11927,-0.1846,-1.25538,-0.24402,-1.20644,-0.363341,-0.975577,-0.384225,-0.759436,-0.398872,-0.654837,-0.471652,-0.519329,-0.566275,-0.270031,-0.652312,-0.041011,-0.682894,0.0182075,-0.704182,-0.135735,-0.844917,-0.376245,-1.06212,-0.494607,-1.2319,-0.494581,-1.27748,-0.492334,-1.07055,-0.469354,-0.666504,-0.405665,-0.362659,-0.348896,-0.257531,-0.264071,-0.205636,-0.103361,-0.139321,0.0801785,-0.0965172,0.24594,-0.120028,0.3817,-0.242909,0.448545,-0.408645,0.466146,-0.487687,0.498041,-0.471904,0.499859,-0.434378,0.391524,-0.325361,0.230257,-0.11081,0.0734612,0.0965677,-0.0977547,0.263794,-0.20955,0.458293,-0.188489,0.660115,-0.111619,0.805876,-0.0937141,0.884792,-0.171645,0.906333,-0.27445,0.857948,-0.308618,0.733854,-0.288466,0.547562,-0.29185,0.33478,-0.361775,0.153892,-0.488344,-0.00343441,-0.592841,-0.164574,-0.605114,-0.25392,-0.578725,-0.242429,-0.579028,-0.237505,-0.526628,-0.314603,-0.353492,-0.46895,-0.193186,-0.60875,-0.159801,-0.567563,-0.135003,-0.356296,-0.0130811,-0.169196,0.12869,-0.0687136,0.20551,-0.0415161,0.202277,-0.138639,0.144448,-0.260814,0.1247,-0.229929,0.160433,-0.0864665,0.109826,0.0271471,-0.0468444,0.0342937,-0.130003,-0.0709611,-0.0882595,-0.169726,-0.0503799,-0.132503,-0.0622741,-0.0306067,-0.0630822,-0.0082325,-0.0136367,-0.0443696,0.0970475,-0.0737895,0.234551,-0.121088,0.34127,-0.188388,0.423545,-0.24998,0.491652,-0.275183,0.52837,-0.207302,0.555315,-0.0689156,0.569179,0.0270965,0.54529,0.0346725,0.521198,-0.00484858,0.499885,-0.0485364,0.424656,-0.0371725,0.322381,0.0662136,0.27637,0.199095,0.280385,0.285309,0.239475,0.299729,0.111012,0.218995,0.00426777,0.0616932,0.0221217,-0.0810624,0.0547739,-0.17561,-0.0721985,-0.263541,-0.297986,-0.321775,-0.374301,-0.314805,-0.21551,-0.302027,0.0260107,-0.346043,0.200686,-0.433317,0.246975,-0.530744,0.168059,-0.605089,0.0314148,-0.611099,-0.0965173,-0.575215,-0.162529,-0.56731
1.46778,1.00366,3.25164,0.349149,4.07597,-0.357836,4.10117,-0.983582,2.09449,-0.552007,-0.936131,1.46715,-1.68542,3.82349,-0.400463,5.02506,0.255435,4.08587,0.351599,1.19796,1.02467,-1.2077,1.76433,-1.53344,1.80501,-1.21576,1.30579,-1.51761,0.753148,-1.83726,0.360084,-1.74466,0.123614,-1.67112,0.0113639,-1.84284,0.0145963,-2.0658,0.149044,-2.23242,0.349932,-2.42727,0.486324,-2.63046,0.515466,-2.6765,0.447257,-2.5773,0.226495,-2.47654,-0.175534,-2.28275,-0.614508,-1.82388,-0.94252,-1.27164,-1.25912,-0.917242,-1.64107,-0.693348,-1.88413,-0.431146,-1.90252,-0.254273,-1.8855,-0.235384,-1.86996,-0.174347,-1.74213,-0.00474758,-1.58574,0.113058,-1.53733,0.161519,-1.50799,0.310891,-1.38372,0.588876,-1.27392,0.850321,-1.28745,1.0953,-1.28755,1.37359,-1.16028,1.51016,-1.00588,1.42695,-0.846028,1.33238,-0.553749,1.31159,-0.166418,1.25131,0.107932,1.15614,0.26046,1.10336,0.446348,1.01421,0.603043,0.825043,0.657641,0.698475,0.801406,0.746077,1.08159,0.833048,1.27568,0.830195,1.29498,0.778375,1.26063,0.779663,1.27079,0.788249,1.2727,0.631807,1.20689,0.353619,1.14856,0.166392,1.12851,0.0547234,1.09846,-0.0954061,1.11101,-0.210585,1.21386,-0.267531,1.29074,-0.405438,1.18679,-0.573346,0.949263,-0.576982,0.789133,-0.498748,0.731758,-0.524506,0.616983,-0.584912,0.426954,-0.579533,0.265107,-0.592967,0.168034,-0.709308,0.0987395,-0.83772,0.0145963,-0.849337,-0.0429302,-0.811078,-0.00795472,-0.812088,0.0851786,-0.738147,0.163665,-0.578043,0.149498,-0.533168,-0.0256066,-0.61115,-0.276168,-0.643246,-0.412585,-0.635064,-0.368493,-0.675696,-0.244273,-0.688197,-0.143286,-0.549128,-0.0668702,-0.337255,-0.0458343,-0.206494,-0.138109,-0.154044,-0.243212,-0.122654,-0.243894,-0.0859867,-0.19806,-0.000833353,-0.16417,0.113184,-0.0795219,0.133892,0.0771229,0.00891432,0.208489,-0.104598,0.243414,-0.0314906,0.210156,0.14023,0.139953,0.202151,0.0626781,0.148741,0.0721733,0.0986637,0.18513,0.0503041,0.248465,-0.0371725,0.213136,-0.08182,0.221065,-0.0313391,0.285132,-0.0119447,0.27839,-0.10432,0.205434,-0.180029,0.162529,-0.167302,0.149599,-0.177832,0.0935121,-0.232025,-0.00287884,-0.214904,-0.0332835,-0.147907,0.0539406,-0.162504,0.148488,-0.231823,0.138059,-0.259046,0.0855574,-0.333921,0.0795472,-0.539683,0.0827291,-0.698096,0.0785623,-0.639509,0.122755,-0.464429,0.189297,-0.335891,0.168842,-0.286193,0.0568699,-0.288264,-0.0394705,-0.32334,-0.110836,-0.356346,-0.183413,-0.337356
0.633524,2.47374,-1.77905,0.681833,-1.32197,-3.32671,1.19626,-5.43128,2.8492,-3.22522,2.31909,0.433343,0.741329,1.36066,0.434833,0.476374,1.75506,0.525592,2.47584,0.726455,1.74072,0.117225,0.867291,-0.304198,0.40516,-0.503496,-0.120407,-1.06063,-0.78734,-1.62329,-1.30313,-1.88663,-1.46208,-1.98439,-1.37101,-2.03186,-1.3645,-2.02371,-1.57592,-1.81501,-1.81559,-1.37927,-1.8564,-1.02836,-1.71883,-1.01611,-1.55238,-1.14396,-1.32715,-1.09707,-0.871458,-0.852897,-0.17018,-0.567209,0.482864,-0.338164,0.783679,-0.0776027,0.865776,0.360412,1.04669,0.839286,1.23727,1.05474,1.18816,1.03947,1.04909,1.11437,1.11704,1.32743,1.3294,1.42758,1.39251,1.30129,1.20225,1.0853,0.959869,0.996057,0.933657,1.0301,1.04166,0.9056,0.879287,0.580417,0.400817,0.401145,0.0098487,0.473419,-0.16715,0.482536,-0.384301,0.236192,-0.76441,-0.112376,-1.11462,-0.327381,-1.13722,-0.42357,-0.821482,-0.658651,-0.536123,-1.05134,-0.551022,-1.27733,-0.699914,-1.16902,-0.688121,-0.934086,-0.492586,-0.840978,-0.295133,-0.904893,-0.201444,-0.960955,-0.128311,-0.896307,0.0515163,-0.768956,0.262708,-0.719106,0.336497,-0.690899,0.309476,-0.481728,0.33175,-0.154221,0.419075,0.012374,0.496551,-0.0199247,0.530719,0.00484858,0.528016,0.217303,0.515264,0.387837,0.461601,0.289021,0.229879,0.0736379,-0.16561,0.0125255,-0.426373,0.106088,-0.389074,0.162074,-0.280915,0.0586629,-0.34473,-0.125609,-0.519329,-0.174625,-0.584255,-0.0343694,-0.487915,0.0486374,-0.432055,-0.0894211,-0.541754,-0.237606,-0.63062,-0.168994,-0.521577,-0.0252531,-0.373064,-0.0531325,-0.402004,-0.201898,-0.538875,-0.245334,-0.559633,-0.14768,-0.3767,-0.103538,-0.136038,-0.202706,-0.0241672,-0.256142,-0.0110608,-0.122528,0.0718197,0.0317684,0.246899,0.0215156,0.373745,-0.078537,0.388291,-0.109927,0.390412,-0.0240157,0.473722,0.129599,0.543471,0.22753,0.424024,0.198565,0.175231,0.138841,0.0703551,0.106618,0.195484,0.00575771,0.347962,-0.143639,0.371195,-0.182277,0.321194,-0.101012,0.290057,-0.022955,0.277607,-0.0333088,0.239323,-0.115432,0.162781,-0.134649,0.0933606,-0.0154549,0.0563901,0.113664,0.00780319,0.113033,-0.0968455,0.0354553,-0.238919,0.0273491,-0.311396,0.116341,-0.224096,0.179575,-0.0772239,0.109447,-0.0320462,-0.0148235,-0.0404807,-0.0086113,0.0382079,0.106896,0.144725,0.113639,0.103411,-0.0179549,-0.0668196,-0.0970476,-0.132124,-0.0481071,0.0364402,0.0275764,0.277885,0.0393443,0.376675,-0.0161872,0.330739,-0.0468192,0.289122,0.0497233
1.47799,0.297178,2.27654,-0.307582,2.03696,-0.410489,1.97812,0.326017,2.9884,1.36485,3.57647,2.24762,3.18618,2.9412,2.69612,3.17757,2.04626,3.11906,1.02411,3.22237,0.371422,3.72341,0.456323,4.50871,0.778476,4.762,0.751481,4.04501,0.269299,3.17166,-0.208388,2.84476,-0.281774,2.8489,-0.0738652,2.85552,0.142377,2.73771,0.223565,2.37543,0.0236369,1.83608,-0.473243,1.46791,-0.937243,1.52632,-1.02181,1.77032,-0.783401,1.67655,-0.529153,1.04439,-0.47501,0.149372,-0.618448,-0.512208,-0.707616,-0.556148,-0.463975,-0.123563,0.0320714,0.187504,0.407231,0.0425009,0.453368,-0.254399,0.29036,-0.261395,0.167554,0.0239399,0.237025,0.262783,0.430413,0.200939,0.583018,-0.180433,0.596553,-0.703323,0.462535,-1.01464,0.39617,-0.8507,0.722516,-0.389428,1.34177,-0.0769714,1.74014,-0.120861,1.69226,-0.300815,1.46081,-0.235535,1.31392,0.170862,1.28642,0.588119,1.31349,0.628195,1.28594,0.259526,1.09462,-0.17758,0.812871,-0.321547,0.680671,-0.145104,0.797896,0.0895221,1.03376,0.195156,1.24301,0.203969,1.32558,0.192353,1.17263,0.213439,0.823982,0.343417,0.55731,0.557436,0.572134,0.644231,0.711657,0.439252,0.687616,0.057577,0.447914,-0.225813,0.196267,-0.241798,0.153236,-0.0247985,0.386246,0.211116,0.73941,0.220182,0.893706,0.0282582,0.669459,-0.0591679,0.261445,0.113588,0.0220712,0.356649,0.0504304,0.431903,0.148059,0.32983,0.0907343,0.186393,-0.156923,0.0786633,-0.392408,0.0384099,-0.367205,0.126568,-0.0788401,0.270612,0.186241,0.18806,0.143235,-0.179827,-0.158892,-0.418494,-0.423949,-0.232657,-0.462358,0.116341,-0.290511,0.25243,-0.0801785,0.104623,-0.0680065,-0.210308,-0.293668,-0.501526,-0.507082,-0.541274,-0.447459,-0.347104,-0.152604,-0.235131,0.0651782,-0.369099,-0.0137124,-0.570265,-0.270284,-0.616225,-0.443898,-0.466525,-0.434151,-0.266698,-0.301446,-0.226444,-0.12071,-0.425262,0.0165408,-0.718096,0.0104295,-0.831962,-0.105331,-0.641908,-0.164827,-0.379326,-0.0683096,-0.35473,0.127452,-0.517208,0.265814,-0.602412,0.211015,-0.514456,0.0300764,-0.288188,-0.0434353,-0.00222226,0.0901282,0.181721,0.282279,0.176317,0.344704,0.0648751,0.2395,-0.0525264,0.0479303,-0.131164,-0.0976536,-0.139195,-0.0661883,-0.100684,0.12326,-0.13768,0.234778,-0.311269,0.0663903,-0.470919,-0.251874,-0.425893,-0.399377,-0.181443,-0.279122,0.0906585,-0.108512,0.238995,-0.102831,0.251117,-0.24695,0.191545,-0.384832,0.109977,-0.394251,0.0896737,-0.294956,0.200257,-0.208439,0.339401
-1.12215,4.42598,-1.11884,6.09074,-2.15697,6.75886,-1.96944,6.12172,0.23402,5.43981,2.11727,4.95758,1.88186,3.84342,0.188262,1.52453,-1.60569,-0.874034,-2.20709,-1.49427,-1.43496,-0.332633,-0.414428,0.920803,0.108714,1.14222,0.0912393,0.501981,-0.261319,-0.372786,-0.589962,-0.985097,-0.721834,-1.16394,-0.761431,-1.04502,-0.762112,-0.763956,-0.574204,-0.330992,-0.0300259,0.0822745,0.756658,0.113235,1.39026,-0.284198,1.55786,-0.695646,1.21278,-0.74989,0.483066,-0.462182,-0.370564,-0.0722743,-0.97487,0.264299,-0.990072,0.536577,-0.399302,0.652994,0.363973,0.430363,0.783931,-0.0894211,0.706101,-0.585669,0.328037,-0.745572,-0.0221217,-0.52337,-0.102831,-0.161973,0.098689,0.0919969,0.500238,0.232278,1.02565,0.319325,1.45309,0.239349,1.42511,-0.11773,0.757466,-0.578674,-0.266698,-0.837442,-1.03884,-0.788552,-1.17846,-0.571831,-0.796911,-0.367255,-0.236343,-0.231697,0.224374,-0.1846,0.400387,-0.30786,0.183438,-0.594584,-0.322381,-0.829513,-0.792467,-0.768981,-0.955399,-0.44155,-0.831205,-0.101568,-0.641428,0.102932,-0.482763,0.175433,-0.285688,0.0946232,-0.109396,-0.201494,-0.150534,-0.672868,-0.474076,-1.08106,-0.877342,-1.1378,-1.03012,-0.78931,-0.851559,-0.283238,-0.586023,0.0764158,-0.416171,0.175357,-0.298946,0.0545214,-0.20801,-0.218187,-0.24195,-0.505491,-0.418494,-0.583801,-0.591149,-0.319224,-0.622968,0.172201,-0.489733,0.587134,-0.248566,0.727314,0.0179297,0.650847,0.226192,0.444151,0.29935,0.106543,0.189145,-0.266294,-0.0802795,-0.449227,-0.333012,-0.305057,-0.339426,0.053587,-0.0731329,0.359174,0.286976,0.37968,0.57423,0.0651782,0.721303,-0.363265,0.684611,-0.613246,0.407862,-0.605569,-0.0805826,-0.413216,-0.557411,-0.112805,-0.712894,0.168968,-0.479051,0.264097,-0.126745,0.127781,0.0621983,-0.133892,0.0395211,-0.3967,-0.109295,-0.537486,-0.312961,-0.472283,-0.52986,-0.256192,-0.667641,0.00909111,-0.561931,0.258667,-0.192959,0.38165,0.184852,0.280385,0.317709,0.0310865,0.167251,-0.159751,-0.155256,-0.168413,-0.432762,-0.0467939,-0.484354,0.10331,-0.311194,0.235838,0.00303037,0.329502,0.306219,0.345209,0.397685,0.270334,0.26844,0.154751,0.0839664,0.0558093,-0.055582,0.00260107,-0.141518,0.0116922,-0.160458,0.114927,-0.0721228,0.34324,0.11475,0.596124,0.292203,0.63817,0.347609,0.383847,0.268061,0.053486,0.10427,-0.102881,-0.063562,-0.090406,-0.141771,-0.0538143,-0.152705,-0.0348997,-0.162908,0.0352028,-0.101038,0.146645,0.0668954,0.148059,0.237051,-0.0322987,0.319881,-0.260713
1.73627,1.44531,0.72749,1.45523,-2.0009,1.14737,-3.42803,1.44286,-1.72143,2.0731,0.888933,0.8931,1.15505,-1.27962,-0.683702,-1.21669,-1.96002,0.69797,-1.81501,1.90986,-1.22285,1.77908,-0.718298,1.09874,-0.20561,0.456197,0.247808,-0.277632,0.454555,-1.18182,0.497536,-1.87668,0.51943,-2.18502,0.474934,-2.29381,0.246495,-2.41318,-0.293567,-2.57947,-1.15775,-2.66193,-2.07858,-2.49622,-2.72236,-2.05237,-2.94981,-1.52142,-2.78703,-1.10449,-2.32917,-0.706606,-1.68834,-0.082224,-0.967597,0.634534,-0.261142,0.878327,0.304047,0.326977,0.584533,-0.718475,0.531981,-1.71388,0.222808,-2.31563,-0.231798,-2.51528,-0.688424,-2.49553,-0.980122,-2.35601,-1.15487,-2.07108,-1.46667,-1.64304,-1.91696,-1.14096,-2.11727,-0.595291,-1.71271,-0.00439405,-0.750319,0.497662,0.346321,0.683424,1.10078,0.473874,1.35831,-0.00732339,1.31786,-0.572007,1.21732,-1.10911,1.08517,-1.58784,0.782997,-1.92486,0.264374,-2.00035,-0.321825,-1.79974,-0.765496,-1.4222,-0.927545,-1.0149,-0.870423,-0.690394,-0.79378,-0.44852,-0.759739,-0.213717,-0.668146,0.0404302,-0.426954,0.252076,-0.00050506,0.374655,0.545315,0.380791,0.995804,0.169196,1.13235,-0.298719,0.964263,-0.834185,0.696858,-1.2147,0.422736,-1.42402,0.0595467,-1.54529,-0.390741,-1.58339,-0.791179,-1.47733,-1.04017,-1.15912,-1.10573,-0.643524,-0.957571,-0.0864413,-0.602513,0.321244,-0.16619,0.494682,0.205004,0.489657,0.534961,0.404352,0.919035,0.227884,1.27927,-0.129346,1.41516,-0.640317,1.20293,-1.12934,0.669282,-1.42763,-0.0248995,-1.47243,-0.633499,-1.28957,-0.954945,-0.964945,-1.00091,-0.593776,-0.934313,-0.176191,-0.817593,0.34132,-0.566174,0.878933,-0.139473,1.23051,0.344048,1.2497,0.716051,0.946763,0.90901,0.468116,0.938152,0.00843453,0.824008,-0.319653,0.604104,-0.562083,0.316674,-0.820801,-0.0343189,-1.03881,-0.439858,-1.00431,-0.839513,-0.644484,-1.10338,-0.150281,-1.09838,0.272834,-0.837215,0.569103,-0.509253,0.709687,-0.287026,0.690267,-0.153084,0.624483,-0.0101517,0.578775,0.153665,0.437964,0.279476,0.0998759,0.308365,-0.362659,0.231848,-0.773401,0.104194,-1.00679,-0.0320967,-1.07419,-0.193969,-1.04472,-0.392761,-0.945298,-0.610998,-0.754385,-0.81426,-0.437989,-0.893327,-0.037425,-0.735066,0.336447,-0.391726,0.59524,-0.0131316,0.652666,0.306623,0.490389,0.525617,0.290208,0.601503,0.219752,0.517461,0.193085,0.378013,0.0480313,0.325512,-0.236722,0.299501,-0.555946,0.137958,-0.756632,-0.140634,-0.745925
-0.715445,2.64672,-1.8085,1.95146,-1.10836,0.64408,0.89113,1.73698,2.29853,4.5179,1.2575,5.66098,-0.943228,5.23357,-1.3667,5.34203,-0.256142,6.51201,0.166317,8.03889,-0.0440919,8.90888,0.256824,8.91943,1.03007,8.55382,1.78761,7.99871,2.37737,7.46481,2.81279,7.20086,3.07706,7.11066,3.25325,7.00407,3.54816,6.82484,4.1112,6.52113,4.9421,6.03543,5.85715,5.41012,6.58835,4.70462,6.95626,3.96087,7.04599,3.26775,7.21965,2.64667,7.71113,2.00497,8.33914,1.24392,8.75978,0.2619,8.79554,-0.955172,8.50955,-2.24055,8.05775,-3.37565,7.54158,-4.19262,6.96591,-4.64273,6.30743,-4.82195,5.7049,-4.89642,5.33986,-5.06516,5.10041,-5.47653,4.6954,-6.1171,3.99741,-6.78666,3.0735,-7.2268,1.99989,-7.35574,0.853933,-7.24839,-0.166822,-6.97472,-0.878655,-6.59858,-1.32432,-6.20251,-1.69286,-5.92629,-2.12353,-5.82775,-2.64912,-5.65623,-3.22403,-5.13658,-3.73849,-4.35312,-4.07569,-3.5794,-4.21325,-2.98595,-4.22812,-2.61321,-4.22125,-2.41278,-4.27529,-2.27212,-4.44555,-2.09454,-4.74503,-1.83062,-5.10602,-1.44137,-5.3911,-0.906611,-5.50052,-0.231747,-5.42236,0.544936,-5.21115,1.30748,-4.97973,1.89625,-4.7995,2.25073,-4.64217,2.50359,-4.45335,2.85665,-4.17107,3.32765,-3.75841,3.74892,-3.25757,4.05117,-2.75897,4.29542,-2.3096,4.47873,-1.88499,4.59429,-1.48589,4.71447,-1.12439,4.85303,-0.738779,4.96955,-0.271395,5.10332,0.310284,5.29274,1.03593,5.43716,1.83009,5.38661,2.55771,5.10382,3.16729,4.65162,3.65771,4.10845,4.03852,3.53998,4.34237,2.98279,4.60215,2.45649,4.85427,1.96476,5.09743,1.50955,5.25958,1.06305,5.27587,0.536906,5.13183,-0.0623751,4.86195,-0.611528,4.588,-1.05937,4.44951,-1.44349,4.42737,-1.80352,4.38681,-2.13707,4.26047,-2.44056,4.03092,-2.78251,3.67427,-3.18073,3.18575,-3.5221,2.61213,-3.73468,2.05898,-3.83837,1.60779,-3.83347,1.27952,-3.76549,1.05305,-3.74846,0.813225,-3.78023,0.460616,-3.79354,0.0719712,-3.80867,-0.23445,-3.82104,-0.455288,-3.77597,-0.653221,-3.70069,-0.896762,-3.66889,-1.20131,-3.67303,-1.51304,-3.60902,-1.83421,-3.39376,-2.21636,-3.09037,-2.60402,-2.81615,-2.87438,-2.53687,-3.00332,-2.15606,-3.08903,-1.72271,-3.19653,-1.33114,-3.27285,-1.02452,-3.28598,-0.823225,-3.28724,-0.641125,-3.31699,-0.351775,-3.38942,0.016869,-3.4752,0.370942,-3.49533,0.731253
-0.842796,-0.664333,-3.57227,-2.03497,-6.52542,-2.78695,-8.99085,-3.22148,-10.1574,-2.88961,-8.62716,-1.32498,-4.4602,0.312128,0.015076,1.19099,2.41326,1.73756,2.18472,1.9436,0.874489,1.65529,0.438545,1.22642,1.16626,0.789613,2.10704,0.31435,2.78019,-0.00760117,3.29628,-0.0760875,3.67427,-0.0139397,3.88938,0.0792189,3.95988,0.261193,3.82084,0.720066,3.42141,1.52375,2.81872,2.47677,2.18235,3.37623,1.72203,4.18413,1.42776,4.8718,1.03242,5.27683,0.413292,5.2161,-0.303719,4.71487,-1.1176,4.0443,-2.1382,3.42523,-3.25785,2.80721,-4.25903,2.1279,-5.04193,1.49387,-5.62242,0.928985,-6.08006,0.380993,-6.4308,-0.0632084,-6.58454,-0.304173,-6.46022,-0.37415,-6.00036,-0.427105,-5.18201,-0.644357,-4.08875,-1.01416,-2.83827,-1.37468,-1.57299,-1.64534,-0.542057,-1.81481,0.121922,-1.8834,0.5488,-1.86784,0.849539,-1.73347,1.04573,-1.38897,1.23493,-0.789765,1.46357,0.0211116,1.63834,0.947874,1.74837,1.8515,1.88128,2.60682,2.00567,3.14451,2.02141,3.37649,1.91312,3.25924,1.7036,2.91105,1.40384,2.48265,1.06166,2.02158,0.752239,1.50811,0.436272,0.919389,0.0069446,0.256824,-0.449606,-0.418418,-0.719586,-0.968481,-0.739688,-1.32965,-0.576351,-1.60902,-0.280309,-1.91171,0.0931333,-2.2201,0.516451,-2.47111,1.06644,-2.69337,1.75784,-2.96219,2.44884,-3.20234,3.01736,-3.28565,3.41146,-3.22977,3.57745,-3.0861,3.53308,-2.83079,3.42565,-2.40922,3.32171,-1.79716,3.08941,-1.07634,2.68887,-0.354932,2.29386,0.404352,2.02277,1.22912,1.81719,1.95156,1.55299,2.42245,1.15836,2.66165,0.658524,2.73438,0.117225,2.68993,-0.425742,2.5749,-0.964895,2.40937,-1.51708,2.1856,-2.04017,1.89991,-2.44288,1.55269,-2.70082,1.17278,-2.79382,0.840473,-2.67986,0.582386,-2.42063,0.316547,-2.12477,0.00535366,-1.80592,-0.289148,-1.37584,-0.569053,-0.784386,-0.880726,-0.164044,-1.17285,0.29887,-1.38452,0.593725,-1.51655,0.815093,-1.54448,0.994617,-1.41506,1.10568,-1.1248,1.1327,-0.756734,1.1222,-0.400564,1.13404,-0.0583094,1.13591,0.266167,1.03967,0.516223,0.810194,0.693828,0.498041,0.832846,0.195434,0.912318,-0.0719713,0.894868,-0.367609,0.760092,-0.737188,0.53736,-1.1576,0.304729,-1.57574,0.0615417,-1.94088,-0.237152,-2.18176,-0.540416,-2.25214,-0.815826,-2.23439,-1.09242,-2.22972,-1.32303,-2.18485,-1.44362,-1.99913,-1.49604,-1.6916,-1.57435,-1.34266,-1.69019
-0.72441,0.747541,-1.06629,2.61897,-1.51119,5.71765,-1.12288,8.91805,-0.718475,10.1528,-1.28286,8.5164,-1.95588,4.84753,-1.45771,1.41268,-0.692162,0.513496,-0.50241,1.58572,-0.240561,2.14633,0.370437,1.55524,1.10967,0.775017,1.86282,0.366675,2.57917,0.471955,3.19719,0.891408,3.60826,1.18467,3.80943,1.22818,3.8464,1.06654,3.70175,0.579255,3.49414,-0.271622,3.51442,-1.27849,3.91673,-2.203,4.56328,-2.90981,5.19708,-3.32644,5.59878,-3.3831,5.60302,-3.08206,5.14822,-2.59167,4.31476,-2.05616,3.28424,-1.54367,2.2397,-1.30584,1.25185,-1.56011,0.412282,-2.15144,-0.0848503,-2.85251,-0.248465,-3.54687,-0.282531,-4.0392,-0.249223,-4.15251,-0.19407,-3.87268,-0.338341,-3.26977,-0.80979,-2.47664,-1.5141,-1.68231,-2.36758,-1.0604,-3.31666,-0.708601,-4.18693,-0.60423,-4.83382,-0.67855,-5.25787,-0.865903,-5.39638,-1.00454,-5.14509,-0.983102,-4.60305,-0.897444,-3.99486,-0.729182,-3.44747,-0.294123,-3.02812,0.339932,-2.83925,0.912116,-2.87473,1.32861,-2.92749,1.62352,-2.83155,1.76059,-2.6143,1.66637,-2.28086,1.4043,-1.74774,1.15452,-1.0501,1.04608,-0.317507,1.19437,0.390109,1.69847,1.01174,2.40849,1.3992,2.98802,1.467,3.26964,1.29099,3.27919,0.996107,3.03403,0.704131,2.5792,0.559507,2.0386,0.669762,1.47718,1.01777,0.926762,1.44637,0.515491,1.80964,0.348896,2.07295,0.397256,2.168,0.568346,1.99062,0.742163,1.58258,0.782441,1.06442,0.600518,0.500945,0.182529,0.0150761,-0.419428,-0.196216,-1.12603,-0.108285,-1.88976,0.102679,-2.60887,0.319527,-3.0782,0.55582,-3.18663,0.774663,-2.94125,0.830094,-2.38712,0.639408,-1.76309,0.279274,-1.3694,-0.15571,-1.2221,-0.633499,-1.22477,-1.09424,-1.40402,-1.43968,-1.68685,-1.59221,-1.88353,-1.51112,-1.96067,-1.22356,-1.95421,-0.852039,-1.81211,-0.555265,-1.47756,-0.408544,-0.93944,-0.419504,-0.291547,-0.588472,0.299703,-0.826659,0.771305,-1.01,1.10172,-1.12864,1.1876,-1.19573,1.02472,-1.14379,0.775926,-0.932318,0.562563,-0.614407,0.46597,-0.292582,0.583371,-0.0751531,0.871382,-0.029041,1.19677,-0.115735,1.50549,-0.232227,1.72473,-0.366144,1.72627,-0.532688,1.47917,-0.650746,1.09341,-0.655418,0.726682,-0.525895,0.417358,-0.247379,0.110381,0.126038,-0.128159,0.489505,-0.174044,0.746304,-0.0282582,0.82676,0.225762,0.751759,0.452207,0.63562,0.478066,0.54332,0.264147,0.449227,-0.0610872,0.350689,-0.412534
-4.94948,1.42948,-5.61492,-1.21932,-5.02496,-2.93085,-3.69053,-4.85553,-2.97221,-7.18601,-4.15534,-8.23485,-6.16862,-6.84285,-6.64335,-4.44007,-5.70565,-3.19956,-4.87834,-3.04638,-4.24635,-3.08603,-3.40374,-3.4852,-2.45051,-4.27141,-1.70372,-4.73207,-1.33695,-4.53598,-1.18018,-4.05915,-1.07795,-3.70306,-1.07962,-3.56942,-1.06621,-3.49967,-0.739208,-3.22956,-0.193413,-2.63225,0.0587892,-1.79979,-0.224247,-0.976562,-0.790042,-0.418115,-1.26798,-0.223793,-1.40905,-0.260814,-1.20187,-0.232354,-0.899338,0.156872,-0.754461,1.01189,-0.886206,2.07103,-1.38235,2.85044,-2.18752,3.11514,-2.95673,3.00688,-3.28868,2.69602,-3.14825,2.24545,-2.88026,1.81729,-2.79059,1.60958,-2.93926,1.56786,-3.24532,1.39278,-3.53308,0.835649,-3.54061,-0.0304552,-3.09045,-0.844589,-2.3004,-1.30846,-1.53592,-1.40594,-1.07265,-1.24844,-0.900928,-0.9729,-0.882342,-0.825371,-0.879615,-1.00257,-0.741733,-1.37798,-0.354174,-1.62615,0.23051,-1.58943,0.818099,-1.35117,1.23586,-1.03535,1.38601,-0.717642,1.36311,-0.449126,1.41607,-0.235939,1.59115,-0.0215156,1.74014,0.28988,1.7709,0.732895,1.59663,1.19308,1.16197,1.47599,0.609685,1.42299,0.156923,1.04432,-0.088209,0.609685,-0.133942,0.414681,-0.130937,0.470439,-0.299325,0.615241,-0.699258,0.756961,-1.17025,0.801255,-1.48261,0.574861,-1.51968,0.0519708,-1.33586,-0.466626,-1.0529,-0.635519,-0.803881,-0.494682,-0.693626,-0.414453,-0.711177,-0.627438,-0.771481,-1.00823,-0.730243,-1.33755,-0.394756,-1.52354,0.190837,-1.49622,0.673954,-1.15783,0.855296,-0.551603,0.861458,0.0375766,0.799361,0.304224,0.713753,0.216646,0.781734,-0.0182075,1.11737,-0.160988,1.5744,-0.0808603,1.9154,0.203211,1.9904,0.560744,1.80946,0.78229,1.52127,0.727339,1.28121,0.491021,1.16922,0.290915,1.14927,0.290208,1.09404,0.533648,0.907191,0.877115,0.571629,1.08518,0.143639,1.05424,-0.253036,0.829967,-0.486021,0.521981,-0.477662,0.261496,-0.292936,0.135988,-0.12172,0.156544,-0.0842442,0.231192,-0.17667,0.201393,-0.323239,-0.00219701,-0.384175,-0.31079,-0.268844,-0.59269,-0.0583346,-0.724435,0.0715925,-0.659055,0.0416423,-0.481702,-0.0689409,-0.37516,-0.148539,-0.435161,-0.14071,-0.572765,-0.0126518,-0.667565,0.208489,-0.686404,0.410918,-0.639282,0.520744,-0.530037,0.519632,-0.353164,0.40266,-0.156241,0.2994,-0.0490162,0.396347,-0.0926283,0.60168,-0.25142,0.635595,-0.384579,0.44458,-0.332255,0.16316,-0.128942,-0.144624,0.0503546
-0.141215,0.252354,-2.08868,-0.311143,-1.98477,1.36743,-0.333593,5.50669,0.401499,7.35316,-0.486778,2.94511,-1.44288,-4.3157,-1.33718,-7.80729,-0.501374,-6.19816,-0.0198742,-3.19323,-0.316699,-1.39389,-0.683348,-0.813098,-0.641958,-0.802972,-0.55135,-0.794537,-0.74042,-0.447005,-1.05207,0.146443,-1.22967,0.619205,-1.26341,0.756431,-1.36753,0.69696,-1.78014,0.639559,-2.45652,0.474379,-2.99249,0.030632,-3.02221,-0.501526,-2.59617,-0.816356,-2.11959,-0.909338,-1.93757,-1.02447,-1.94199,-1.30702,-1.72208,-1.52486,-1.12419,-1.30094,-0.483798,-0.646176,-0.278844,0.0147478,-0.606124,0.318264,-1.06214,0.28589,-1.1623,0.165938,-0.791153,0.0587134,-0.282632,-0.124422,-0.0277279,-0.366675,0.0534355,-0.520466,0.34622,-0.547032,0.909439,-0.429858,1.37066,-0.068057,1.30985,0.429125,0.699055,0.72941,-7.57612e-005,0.69605,-0.345765,0.513647,-0.349528,0.403948,-0.301673,0.35079,-0.396145,0.175913,-0.568522,-0.168716,-0.585114,-0.53433,-0.29185,-0.740294,0.174423,-0.70398,0.50044,-0.473015,0.539633,-0.19162,0.420034,0.0484606,0.300587,0.298037,0.146064,0.553674,-0.177857,0.651605,-0.629408,0.513445,-0.892949,0.26647,-0.668575,0.0694207,-0.0677792,0.0295966,0.483874,0.16619,0.729789,0.334679,0.753173,0.416953,0.770749,0.492208,0.904691,0.686959,1.06606,1.01437,1.0952,1.31127,0.965703,1.34642,0.747188,1.06881,0.570214,0.669711,0.563901,0.41261,0.645822,0.360159,0.666782,0.347331,0.725647,0.288314,0.948758,0.273592,1.1847,0.420943,1.2174,0.762163,1.02646,1.12361,0.736354,1.1947,0.507107,0.867771,0.444909,0.408468,0.494278,0.176039,0.476677,0.203868,0.317002,0.188363,0.136998,-0.0772491,0.104068,-0.423898,0.277834,-0.549179,0.525794,-0.398695,0.627741,-0.189853,0.535087,-0.147579,0.355892,-0.276243,0.184549,-0.382357,0.0807341,-0.358467,0.00929314,-0.32132,-0.108967,-0.427509,-0.198161,-0.722112,-0.143741,-1.09384,0.00926787,-1.30404,0.156872,-1.19611,0.265056,-0.891433,0.343341,-0.686909,0.36218,-0.714435,0.270965,-0.827063,0.106669,-0.842695,-0.0387382,-0.741784,-0.126619,-0.669181,-0.141215,-0.7708,-0.079724,-1.00219,-0.0111366,-1.17505,-0.0195206,-1.17634,-0.0997496,-1.09321,-0.161998,-1.07939,-0.129144,-1.11353,0.000984859,-1.04593,0.137402,-0.842594,0.146518,-0.615518,0.00760118,-0.49044,-0.14023,-0.549078,-0.173489,-0.767289,-0.151316,-0.990602,-0.21907,-1.08371,-0.371801,-1.02083,-0.447863,-0.853529,-0.336295,-0.709283,-0.106366,-0.651731,0.0379301,-0.568346
-3.697,4.01733,-4.23729,3.86491,-3.67831,2.64645,-2.92006,2.51821,-1.01788,2.38149,2.15358,1.14603,3.91693,-0.122275,2.73968,-0.341371,0.300815,0.266445,-1.12712,0.955248,-1.22083,1.23217,-0.796507,1.05245,-0.278238,0.714965,0.0468444,0.450793,-0.122528,0.25344,-0.607463,0.123387,-0.934894,0.131644,-0.911787,0.242,-0.658777,0.226747,-0.284476,-0.0558345,0.170382,-0.342002,0.508395,-0.292885,0.481349,-0.0143943,0.174625,0.135306,-0.114321,0.0741178,-0.331396,0.00353543,-0.587715,-0.0367937,-0.717036,-0.22849,-0.393241,-0.527385,0.290511,-0.636832,0.75489,-0.517637,0.594811,-0.45256,0.112149,-0.527991,-0.0521476,-0.491248,0.296496,-0.226747,0.804386,0.0299249,1.14018,0.0686126,1.25897,0.0260864,1.14157,0.179322,0.752516,0.466929,0.340841,0.501071,0.325512,0.182378,0.758299,-0.112578,1.23344,-0.115684,1.3871,0.0366422,1.25652,0.176569,1.08452,0.356169,0.936611,0.650999,0.737491,0.923505,0.591983,0.949263,0.726076,0.767365,1.1124,0.639736,1.41114,0.651479,1.38142,0.682818,1.16253,0.701556,0.944945,0.726859,0.701606,0.66711,0.506905,0.469556,0.6087,0.263895,0.934187,0.224146,1.04677,0.349098,0.771229,0.45847,0.388544,0.446095,0.119245,0.400842,-0.0897999,0.400286,-0.239828,0.36074,-0.197378,0.206393,0.045304,0.0371725,0.258566,-0.0177276,0.203792,-0.014672,-0.047501,-0.118942,-0.215838,-0.327911,-0.232076,-0.453848,-0.230763,-0.447207,-0.201949,-0.429226,-0.0304805,-0.382483,0.191242,-0.202934,0.189524,-0.0253793,-0.117755,-0.133311,-0.428242,-0.478798,-0.385084,-0.617791,-0.0097982,-0.327734,0.385614,0.069446,0.59668,0.230283,0.651327,0.209095,0.615821,0.186797,0.441045,0.186368,0.112957,0.1447,-0.163438,0.0868958,-0.191292,0.155306,-0.061567,0.376953,0.0427534,0.543471,0.0925525,0.476071,0.0936131,0.25493,-0.0134599,0.0794714,-0.203136,-0.0234348,-0.256344,-0.161468,-0.00338391,-0.280309,0.342659,-0.235636,0.408468,-0.0913404,0.198413,-0.0244955,0.01048,-0.0521729,-0.0563144,-0.0831584,-0.100128,-0.122174,-0.115129,-0.206116,-0.0115659,-0.247202,0.180458,-0.169675,0.28642,-0.0519203,0.194878,0.000732342,0.00916685,-0.0298996,-0.133235,-0.082022,-0.265031,-0.0859615,-0.421297,-0.0814411,-0.47203,-0.13374,-0.337002,-0.146922,-0.168387,-0.0185358,-0.154524,0.133816,-0.241748,0.139776,-0.224651,0.0309098,-0.0994466,-0.0232833,-0.0500768,0.0425009,-0.104396,0.139523,-0.130558,0.170711,-0.0977294,0.100836,-0.0952294,-0.0733097,-0.138564,-0.3268,-0.130609,-0.560669,-0.0306825,-0.602766
0.130306,-3.72836,-0.805649,-3.06696,0.28983,-1.57784,1.5617,0.597462,-0.170686,0.695141,-3.59839,-1.44084,-4.93508,-1.73239,-3.2379,0.787365,-0.694687,2.67854,0.653221,2.34139,0.799032,1.26371,0.57428,0.676404,0.439201,0.538294,0.454555,0.395842,0.402736,0.0178287,0.225611,-0.441979,0.0809614,-0.745395,-0.0105305,-0.844084,-0.0941687,-0.777264,-0.219929,-0.539229,-0.440691,-0.21604,-0.591654,-0.027046,-0.441701,-0.0157832,-0.109295,0.0384352,0.116189,0.266773,0.235283,0.582285,0.364074,0.848958,0.404377,0.866509,0.34276,0.451979,0.403999,-0.181039,0.544658,-0.547386,0.400084,-0.551906,-0.0385109,-0.478318,-0.355892,-0.365109,-0.366776,-0.028334,-0.219298,0.458773,-0.0442686,0.8282,0.0606326,0.941737,0.0439656,0.777517,0.0678045,0.404554,0.259955,0.0683348,0.375942,-0.0567437,0.142377,-0.103007,-0.300133,-0.168312,-0.657741,-0.0943202,-0.81575,0.131644,-0.737617,0.272304,-0.468318,0.327936,-0.215737,0.502284,-0.0973758,0.669105,0.00830827,0.591983,0.184928,0.434454,0.323467,0.413241,0.307936,0.39564,0.141392,0.218212,-0.0678298,-0.069951,-0.160231,-0.333113,-0.0568194,-0.399201,0.101391,-0.19912,0.0902545,0.032728,-0.0168438,0.0464151,0.0540668,-0.0228288,0.290335,0.0743703,0.474429,0.290915,0.543572,0.44304,0.539456,0.480616,0.524986,0.417585,0.564962,0.250763,0.569507,0.093007,0.388039,0.075633,0.0976031,0.0986638,-0.0918454,0.0336624,-0.15816,-0.0446222,-0.197883,-0.059471,-0.190282,-0.02644,-0.136771,0.111972,-0.149978,0.376119,-0.178969,0.577134,-0.0534355,0.597185,0.133109,0.560391,0.116265,0.508849,-0.121467,0.330487,-0.380286,0.0485112,-0.588422,-0.196974,-0.7559,-0.354275,-0.767845,-0.370942,-0.642211,-0.135862,-0.585492,0.249425,-0.565467,0.472712,-0.398165,0.445565,-0.15513,0.355109,-0.0405817,0.280385,-0.0770219,0.16816,-0.157478,0.0562386,-0.245056,-0.0133336,-0.323138,-0.0719713,-0.322305,-0.0742945,-0.24301,0.053486,-0.178741,0.204222,-0.160256,0.201242,-0.112881,0.0956081,-0.00954565,0.0778805,0.0756835,0.17609,0.128058,0.276976,0.215308,0.285688,0.311951,0.147377,0.3368,-0.0714409,0.29887,-0.158034,0.215964,-0.0367937,0.0870978,0.107023,-0.00260106,0.142175,0.0117174,0.127604,0.0440666,0.105735,0.0217429,0.084522,0.00848503,0.106139,0.0472485,0.143362,0.100078,0.127781,0.174701,0.0964415,0.280334,0.12422,0.355816,0.160155,0.367382,0.115659,0.302203,0.0472233,0.149877,0.0353796,-0.0380311,0.0400009,-0.209828,0.0288895,-0.363089,0.0312128,-0.477561,0.0516173,-0.496172,0.0739662
2.79577,2.24497,0.734309,0.1098,-1.75264,-2.26406,-2.17687,-4.03936,-1.13437,-3.71662,-0.691757,-0.422736,-1.04528,3.79708,-1.30129,5.89697,-1.04298,5.31352,-0.47246,3.72182,0.0383847,2.67885,0.374478,2.29924,0.663954,2.10431,1.01394,1.97151,1.37687,1.76385,1.62786,1.3268,1.76734,0.809209,1.82693,0.380842,1.70668,0.0502789,1.40382,-0.23551,1.13442,-0.47597,1.03522,-0.541502,0.997471,-0.406372,0.917394,-0.283592,0.843806,-0.350967,0.847215,-0.603144,0.915651,-0.904767,0.903201,-1.0881,0.677616,-1.15485,0.334603,-1.23482,0.0185863,-1.35109,-0.307507,-1.46291,-0.707793,-1.52736,-1.11949,-1.41081,-1.46054,-1.03942,-1.72797,-0.568977,-1.96199,-0.212303,-2.10484,-0.0413898,-2.00853,0.0614407,-1.74966,0.264223,-1.55976,0.502157,-1.3723,0.637665,-1.02676,0.786709,-0.66403,1.02636,-0.422509,1.19409,-0.23349,1.20172,-0.0204045,1.08629,0.27791,0.902747,0.610821,0.73744,0.784108,0.559255,0.81628,0.248894,0.934035,-0.0902797,1.1427,-0.233288,1.24674,-0.237152,1.19929,-0.335664,1.12778,-0.550719,1.12055,-0.722591,1.14141,-0.776784,1.12033,-0.753198,1.06793,-0.672616,1.01361,-0.556426,0.887267,-0.507789,0.687363,-0.628221,0.557866,-0.885701,0.498622,-1.10616,0.387332,-1.1527,0.223818,-1.06351,0.0263137,-0.936788,-0.223641,-0.792593,-0.475465,-0.600417,-0.65711,-0.420918,-0.743678,-0.370084,-0.744259,-0.408923,-0.699586,-0.416928,-0.713728,-0.375538,-0.86969,-0.323366,-1.0706,-0.275486,-1.17235,-0.176999,-1.22897,0.0271723,-1.31629,0.222025,-1.31404,0.269981,-1.15578,0.271673,-0.947798,0.3967,-0.722112,0.658373,-0.476955,0.941435,-0.256369,1.06517,0.0252531,0.974971,0.411701,0.827998,0.704485,0.715419,0.807669,0.555467,0.850953,0.324805,0.885347,0.111442,0.886459,-0.0589659,0.859387,-0.233086,0.786229,-0.402862,0.695798,-0.49198,0.654509,-0.480818,0.649408,-0.508117,0.619054,-0.654635,0.516097,-0.759764,0.329502,-0.736001,0.127124,-0.711455,-0.00752541,-0.726783,-0.0616428,-0.702136,-0.0590417,-0.642615,-0.0765673,-0.610089,-0.191721,-0.620291,-0.340411,-0.630998,-0.43511,-0.573472,-0.480541,-0.440969,-0.481854,-0.2919,-0.489455,-0.193615,-0.588447,-0.20104,-0.706833,-0.267051,-0.711101,-0.286749,-0.621327,-0.282935,-0.539608,-0.281496,-0.522966,-0.168792,-0.544936,0.0319956,-0.523875,0.147478,-0.459025,0.179625,-0.415994,0.219752,-0.366018,0.27541,-0.243414,0.357078,-0.0727794,0.489405,0.090608,0.644029,0.205484,0.711127,0.271799,0.618498
-3.7073,0.74138,-3.60818,-0.0103285,-3.15863,-1.33465,-2.92097,-2.80713,-4.26784,-3.18509,-5.39464,-1.04139,-3.98973,2.90723,-1.52311,5.73823,-0.340765,5.9626,-0.26546,4.87894,-0.118437,4.03496,0.420135,3.55914,1.09528,3.09287,1.69711,2.75223,2.23348,2.62945,2.73501,2.54165,3.10499,2.46856,3.36419,2.4124,3.6525,2.25323,4.02961,2.03848,4.43441,1.946,4.73533,2.01535,4.91346,2.14439,5.03013,2.245,5.05915,2.29828,4.98372,2.31396,4.88988,2.32601,4.79776,2.43227,4.5478,2.66587,4.12883,2.87887,3.80084,2.98004,3.62,3.05014,3.38881,3.13295,3.04688,3.2232,2.6614,3.34843,2.27411,3.47631,1.90272,3.52326,1.5543,3.5153,1.22692,3.54207,0.931485,3.57864,0.717541,3.60442,0.566325,3.68942,0.381725,3.76291,0.187782,3.68468,0.0597993,3.47407,-0.0556073,3.20103,-0.228742,2.94426,-0.401196,2.76796,-0.473975,2.59066,-0.496551,2.33187,-0.553169,2.04621,-0.568169,1.80655,-0.492915,1.63885,-0.390286,1.48367,-0.292431,1.25816,-0.218237,1.02055,-0.200131,0.902368,-0.21854,0.920197,-0.200484,0.967849,-0.152251,0.976764,-0.126846,0.980097,-0.0537133,1.00894,0.0940677,1.05927,0.209878,1.14651,0.306901,1.29442,0.460439,1.48826,0.599912,1.69453,0.635292,1.89418,0.633398,2.09315,0.717187,2.33331,0.857165,2.60235,0.900272,2.79776,0.774209,2.89408,0.5738,2.96873,0.426019,3.02928,0.337911,2.99274,0.275006,2.8815,0.197959,2.85178,0.0300764,2.90817,-0.189575,2.90587,-0.344326,2.82913,-0.450313,2.72193,-0.576932,2.54725,-0.722465,2.28412,-0.858933,2.00795,-0.987521,1.80878,-1.11497,1.62897,-1.23028,1.36803,-1.35864,1.07853,-1.49435,0.832518,-1.57016,0.642943,-1.62286,0.523446,-1.70895,0.414933,-1.72529,0.287582,-1.62435,0.239172,-1.55251,0.271193,-1.57402,0.26844,-1.57491,0.232354,-1.51844,0.243364,-1.45117,0.260637,-1.32056,0.194297,-1.13129,0.100861,-1.00484,0.12071,-0.922924,0.25897,-0.798022,0.357609,-0.671353,0.344831,-0.607008,0.332558,-0.594811,0.388897,-0.60519,0.476854,-0.627791,0.566553,-0.604887,0.663752,-0.505541,0.81128,-0.441525,0.992749,-0.445565,1.07081,-0.421474,1.01305,-0.397761,0.979213,-0.438444,1.03745,-0.491753,1.08108,-0.538673,1.04106,-0.64711,0.965097,-0.813149,0.928934,-0.918858,0.937874,-0.933606,0.939566,-0.969213,0.897418,-1.05578,0.776734,-1.10934,0.589028,-1.11957,0.461601,-1.15389,0.441373
2.40374,0.131266,2.40879,1.99333,1.7333,2.51571,1.01505,2.52134,0.910752,2.23899,0.865953,0.950904,-0.164297,-1.21599,-1.11785,-3.45871,-0.875145,-4.98607,-0.363846,-4.90963,-0.147099,-3.42237,0.00709613,-2.13363,0.0164397,-1.91406,-0.0575012,-2.068,0.0730319,-1.91883,0.460338,-1.57582,0.863958,-1.27452,1.10343,-1.00474,1.1773,-0.701581,1.08457,-0.399857,0.918555,-0.164701,0.853023,-0.00505061,0.882645,0.064168,0.905525,0.00952041,0.92747,-0.112073,0.980021,-0.183161,1.03053,-0.137074,1.0232,0.0546224,0.928656,0.362988,0.82719,0.64812,0.830144,0.815548,0.817189,0.925575,0.600846,1.03341,0.219828,1.1177,-0.23003,1.11086,-0.636478,0.949111,-0.804184,0.677464,-0.767794,0.384251,-0.763804,0.11624,-0.764612,-0.0730571,-0.608851,-0.178362,-0.35271,-0.240889,-0.110962,-0.214727,0.0282329,-0.0765926,-0.0272481,0.082527,-0.21907,0.271471,-0.37569,0.548396,-0.441095,0.749789,-0.515264,0.700141,-0.688828,0.532411,-0.932419,0.450288,-1.12384,0.444934,-1.14965,0.420994,-0.996865,0.330058,-0.736228,0.208338,-0.476854,0.190736,-0.341598,0.31786,-0.376978,0.427787,-0.491122,0.412054,-0.527511,0.37468,-0.427433,0.411575,-0.343821,0.422863,-0.438621,0.304527,-0.633574,0.160382,-0.753274,0.102224,-0.721708,0.0473495,-0.561982,-0.0950021,-0.383468,-0.254601,-0.288718,-0.313946,-0.220333,-0.254601,-0.070153,-0.163488,0.0917949,-0.125659,0.116442,-0.137149,0.00469707,-0.161216,-0.106139,-0.196949,-0.0993456,-0.242783,0.0217429,-0.304754,0.155104,-0.41266,0.204525,-0.520946,0.168514,-0.524961,0.116669,-0.43607,0.131644,-0.336346,0.283062,-0.227934,0.539355,-0.110558,0.735117,-0.0182327,0.725773,0.10374,0.529203,0.323391,0.294729,0.54183,0.134245,0.630796,0.0344957,0.62769,-0.0708854,0.595796,-0.225207,0.475894,-0.370362,0.242051,-0.406877,0.0368442,-0.355109,-0.0418443,-0.287481,-0.0922242,-0.213262,-0.151872,-0.131518,-0.0796987,-0.0724511,0.132351,-0.0523749,0.252834,-0.069749,0.158463,-0.133639,0.0148993,-0.239576,-0.0212883,-0.378089,-0.0300259,-0.522612,-0.088613,-0.565543,-0.098992,-0.435085,-0.0592184,-0.259551,-0.128286,-0.191949,-0.294779,-0.178211,-0.38021,-0.130356,-0.33127,-0.108639,-0.213313,-0.155306,-0.0768704,-0.209626,0.00881331,-0.195206,-0.0258844,-0.0819462,-0.124801,0.0275511,-0.184398,0.0277784,-0.205914,0.00181823,-0.203818,0.0599255,-0.208136,0.206545,-0.318138,0.375538,-0.466677,0.447434,-0.454177,0.400286,-0.279627,0.351725,-0.100937,0.332709,-0.00474758,0.292027,0.034925,0.260081,0.0703803
-1.32505,0.349452,-3.19802,2.28308,-3.39012,3.45,-1.07273,3.3308,2.07704,1.32329,3.01698,-2.20384,2.62829,-4.67929,2.79738,-4.42611,2.30904,-2.56399,0.58327,-1.02038,-0.832644,-0.404781,-1.02682,-0.333745,-0.404302,-0.514885,0.186645,-0.659989,0.296143,-0.443267,0.119649,0.0507587,-0.132856,0.440388,-0.485667,0.58173,-0.850978,0.605165,-1.01818,0.562739,-0.961965,0.425539,-0.851508,0.270965,-0.777517,0.231091,-0.71398,0.318214,-0.663625,0.404125,-0.643044,0.377584,-0.593473,0.283466,-0.44054,0.265359,-0.211116,0.364806,-0.0200257,0.494682,0.0739915,0.62014,0.107149,0.76085,0.0419201,0.836104,-0.21003,0.724031,-0.533143,0.43804,-0.68802,0.126265,-0.618675,-0.0763148,-0.423721,-0.139447,-0.159776,-0.0933858,0.104851,0.00472233,0.224121,0.0793704,0.129371,0.0651024,-0.100457,-0.0649762,-0.317355,-0.223641,-0.387635,-0.29334,-0.292128,-0.314906,-0.127326,-0.37117,0.00734864,-0.413191,0.0574255,-0.360967,-0.00421726,-0.231773,-0.157933,-0.133993,-0.319275,-0.135811,-0.37468,-0.159827,-0.249071,-0.110078,-0.0120205,0.00997497,0.144044,0.112326,0.13417,0.0968708,0.0440919,0.0109093,-0.0569204,-0.020354,-0.156796,-0.00247481,-0.184676,0.0194954,-0.0718955,0.0703298,0.0749511,0.137175,0.0731329,0.153968,-0.0857089,0.140357,-0.279551,0.178312,-0.431449,0.23902,-0.470061,0.22152,-0.310335,0.112881,-0.00462131,-0.00661631,0.25849,-0.0481071,0.364276,0.00181823,0.319881,0.0801027,0.168362,0.140634,0.0182327,0.178716,-0.0310613,0.205711,-0.0333846,0.240864,-0.0557335,0.27094,-0.0475515,0.275764,0.00121216,0.294274,0.00406575,0.346649,-0.0452788,0.356144,-0.0580821,0.253036,-0.0383594,0.0793957,-0.0325007,-0.0775774,0.0395211,-0.173362,0.238187,-0.197151,0.457687,-0.136038,0.523623,0.00484858,0.344906,0.146493,0.04341,0.191595,-0.1671,0.128109,-0.221671,0.0257076,-0.145281,-0.0271218,0.00292935,-0.0396473,0.080128,-0.088411,0.0335613,-0.133766,-0.030632,-0.13321,-0.0733349,-0.174221,-0.122402,-0.260233,-0.0881332,-0.288769,0.0860877,-0.2644,0.247808,-0.244349,0.256041,-0.210409,0.143917,-0.148513,0.00131316,-0.120306,-0.108184,-0.170963,-0.17359,-0.23402,-0.201797,-0.220636,-0.140483,-0.164296,0.0157074,-0.132225,0.12225,-0.0826028,0.0733097,-0.00681833,-0.0427787,-0.000656582,-0.128664,-0.0605569,-0.201949,-0.0960879,-0.240056,-0.105836,-0.197757,-0.122679,-0.117503,-0.104674,-0.0420969,0.0238389,-0.0326017,0.246773,-0.155104,0.399756,-0.308719,0.334351,-0.336497,0.130988,-0.223313,0.0423747,-0.0550769,0.14667,0.0600013,0.226545,0.067754,0.150332
4.71876,2.59652,6.88666,4.02069,6.83133,4.64763,4.35944,2.93042,0.857695,0.575063,-1.50915,0.462889,-2.32384,2.10868,-2.76541,3.07784,-3.03226,2.74915,-2.50581,1.83706,-1.24849,0.95199,0.0436373,0.382837,0.784916,0.0196722,0.846331,-0.210484,0.500112,-0.16114,0.152781,0.153741,-0.00712136,0.442535,-0.0717692,0.410287,-0.128033,0.129119,-0.150407,-0.013965,-0.111114,0.130205,-0.0146973,0.302683,0.0767188,0.303946,0.0933353,0.190812,0.0433343,0.0732087,-0.0325765,0.0450262,-0.0969213,0.0854564,-0.0828048,0.0102527,0.10081,-0.211242,0.417459,-0.374074,0.617665,-0.380766,0.51693,-0.340815,0.227303,-0.429403,0.0210358,-0.721026,0.0733602,-1.06257,0.283744,-1.24702,0.380842,-1.2198,0.241672,-1.02171,-0.00906585,-0.743854,-0.203136,-0.551072,-0.293718,-0.54837,-0.287254,-0.611806,-0.191923,-0.554431,-0.0943707,-0.408797,-0.115659,-0.330588,-0.2619,-0.39362,-0.399706,-0.572134,-0.399983,-0.73542,-0.267481,-0.760446,-0.137023,-0.710217,-0.161923,-0.723804,-0.342103,-0.788578,-0.499986,-0.744713,-0.459581,-0.504026,-0.225384,-0.202403,0.0234601,-0.0480061,0.131442,-0.07384,0.0969465,-0.158463,0.00345967,-0.192681,-0.0984617,-0.151064,-0.220106,-0.100532,-0.340841,-0.12076,-0.36872,-0.215813,-0.251773,-0.31238,-0.0535618,-0.301597,0.101012,-0.155155,0.11576,0.0120457,0.00383848,0.0725016,-0.105735,0.0248743,-0.0811634,-0.0489404,0.0638398,-0.142023,0.1597,-0.312229,0.102856,-0.509026,0.00191922,-0.585492,-0.00282833,-0.499127,0.0689409,-0.364983,0.0940172,-0.267632,0.00914161,-0.193843,-0.133412,-0.187858,-0.246394,-0.292431,-0.279501,-0.415464,-0.229071,-0.456879,-0.155079,-0.37319,-0.143311,-0.16912,-0.213995,0.00189398,-0.330765,-0.0222227,-0.421221,-0.135761,-0.404706,-0.138816,-0.326194,-0.046895,-0.328947,0.0302784,-0.45698,0.0681581,-0.601932,0.0615165,-0.638903,0.00118689,-0.564608,-0.0487637,-0.453924,0.020354,-0.366195,0.17657,-0.331926,0.256521,-0.31632,0.24099,-0.236899,0.245839,-0.0661631,0.271243,0.110381,0.266294,0.183161,0.268794,0.181267,0.279046,0.209979,0.222555,0.265334,0.112831,0.255915,0.0692692,0.127326,0.165357,-0.0618953,0.350311,-0.151645,0.489177,-0.0362382,0.467005,0.175484,0.303037,0.296547,0.146064,0.310739,0.137705,0.307052,0.246369,0.308643,0.297835,0.27642,0.241318,0.198211,0.209474,0.126543,0.262405,0.11028,0.298744,0.142124,0.245485,0.1846,0.150433,0.218111,0.0838655,0.243263,0.0656327,0.252632,0.0687894,0.240788,0.0476273,0.175332,-0.0258844,0.022349,-0.122604,-0.142049,-0.15662
-2.48505,-0.945046,-2.81355,-1.40723,-3.36694,-0.57779,-3.81614,3.09754,-2.46263,7.04609,0.660014,7.78199,2.18288,5.53441,0.755572,2.47159,-0.682515,0.293365,-0.473445,-0.116922,0.247101,0.587513,0.863352,1.07684,1.42488,0.987168,1.63781,0.707541,1.34369,0.462232,0.847594,0.252859,0.597968,0.18364,0.754764,0.315158,1.05659,0.452939,1.1371,0.395236,0.92901,0.209904,0.636933,0.131568,0.455616,0.26392,0.461323,0.459025,0.628271,0.567058,0.840902,0.652539,0.945147,0.765067,0.874362,0.792441,0.754739,0.671732,0.737617,0.481904,0.746001,0.320638,0.648751,0.217277,0.512663,0.151922,0.456474,0.0827796,0.512764,-0.0111366,0.666328,-0.114043,0.797492,-0.254399,0.731405,-0.447207,0.506198,-0.583674,0.361548,-0.555315,0.371498,-0.428292,0.360311,-0.400337,0.259374,-0.562108,0.209045,-0.780345,0.230889,-0.896989,0.155104,-0.882645,-0.0818957,-0.767946,-0.284375,-0.606074,-0.240384,-0.458495,-0.045001,-0.358947,0.0396473,-0.32829,-0.045203,-0.352179,-0.200838,-0.349806,-0.348265,-0.219323,-0.394175,0.0585619,-0.302885,0.355109,-0.147629,0.497536,0.00186873,0.459959,0.0729561,0.384655,0.00820724,0.386523,-0.0816684,0.44011,-0.0260864,0.474657,0.108866,0.453924,0.131998,0.376447,0.0513395,0.252404,-0.00368694,0.112578,0.000202022,0.0261117,0.0257076,0.0296976,0.0592185,0.0592437,0.107048,0.0154801,0.123816,-0.101139,0.0251521,-0.188666,-0.163236,-0.193338,-0.268617,-0.164044,-0.196797,-0.164701,-0.069749,-0.206242,-0.0483849,-0.270208,-0.140988,-0.344502,-0.250106,-0.39713,-0.32733,-0.400488,-0.402711,-0.392407,-0.475919,-0.414479,-0.475212,-0.457762,-0.369099,-0.499607,-0.228742,-0.486652,-0.113689,-0.379478,-0.0177782,-0.258995,0.0467434,-0.229525,0.0459606,-0.279173,-0.0218439,-0.349023,-0.11422,-0.400185,-0.162074,-0.390387,-0.140634,-0.313088,-0.0926788,-0.217176,-0.0627539,-0.136064,-0.0795724,-0.0752794,-0.151013,-0.0629054,-0.218818,-0.0951031,-0.220156,-0.094497,-0.195888,-0.0522486,-0.214676,-0.0469707,-0.25541,-0.0420969,-0.279198,0.0751026,-0.299602,0.254374,-0.329452,0.371902,-0.354553,0.431651,-0.340108,0.463949,-0.265814,0.448949,-0.169473,0.382963,-0.120306,0.24195,-0.163993,0.0278036,-0.268869,-0.143235,-0.34026,-0.18811,-0.308037,-0.157453,-0.191747,-0.147074,-0.0835877,-0.204297,-0.0437383,-0.281749,-0.0641428,-0.342002,-0.0843453,-0.414504,-0.0288895,-0.446575,0.0762643,-0.342406,0.145331,-0.185408,0.153236,-0.158514,0.117654,-0.252026,0.0658095,-0.281799,0.0087628,-0.171418,-0.0345462,-0.0357331,-0.00813149,0.00257582
0.961435,-0.708778,-0.830422,3.31803,-1.95557,7.2773,-1.08538,8.68163,0.917545,6.81671,1.44602,3.35974,0.0309351,0.845473,-0.851231,0.423999,-0.232177,0.9854,0.418393,1.08684,0.602286,0.668398,0.974769,0.288845,1.39998,0.0587892,1.37356,-0.183489,0.916333,-0.431373,0.323416,-0.591604,-0.0998506,-0.564861,-0.263895,-0.300966,-0.282582,0.00472233,-0.165938,0.112502,0.084118,0.0605569,0.285764,-0.0172479,0.318542,-0.126998,0.303188,-0.303315,0.380236,-0.517107,0.517486,-0.695899,0.56981,-0.740294,0.441373,-0.589331,0.215838,-0.335815,0.0460111,-0.221899,-0.0710116,-0.334906,-0.229778,-0.480465,-0.402458,-0.548042,-0.439328,-0.61913,-0.296673,-0.664585,-0.141594,-0.599735,-0.0722743,-0.546881,0.0700015,-0.685772,0.369377,-0.993128,0.603043,-1.29773,0.586427,-1.45533,0.446702,-1.40695,0.390337,-1.17889,0.450388,-0.908757,0.565037,-0.726379,0.708803,-0.589179,0.861483,-0.434656,1.0203,-0.347912,1.21904,-0.388948,1.40548,-0.478091,1.44826,-0.558472,1.3342,-0.648297,1.15831,-0.680898,0.965778,-0.523572,0.8033,-0.200434,0.765067,0.126518,0.848175,0.38766,0.954389,0.586957,1.05182,0.659408,1.15101,0.569634,1.17033,0.400084,1.01096,0.239753,0.735496,0.123387,0.5089,0.133942,0.395034,0.387332,0.328265,0.78287,0.244803,1.04717,0.175509,1.11237,0.15864,1.07975,0.138715,0.954288,0.0948253,0.751077,0.0699005,0.593725,0.0104548,0.526249,-0.122654,0.470086,-0.213894,0.391675,-0.209803,0.318239,-0.222555,0.264349,-0.302582,0.260031,-0.368291,0.305385,-0.374604,0.320335,-0.34877,0.27892,-0.287582,0.260965,-0.195282,0.328694,-0.151392,0.452005,-0.181014,0.534254,-0.218995,0.529203,-0.260637,0.497132,-0.348391,0.475465,-0.441752,0.428519,-0.446828,0.375715,-0.35329,0.401347,-0.237354,0.504834,-0.159599,0.576048,-0.137048,0.559027,-0.167857,0.533496,-0.239702,0.530163,-0.36319,0.440085,-0.53534,0.249677,-0.668929,0.0881585,-0.696252,0.0290663,-0.671302,0.0742188,-0.666479,0.204373,-0.665317,0.349199,-0.608346,0.393948,-0.512688,0.288718,-0.447914,0.137503,-0.391094,0.0458596,-0.279526,-0.0328037,-0.175332,-0.150231,-0.185888,-0.265637,-0.301294,-0.356523,-0.428191,-0.425716,-0.489733,-0.452156,-0.478596,-0.423848,-0.458166,-0.354831,-0.458672,-0.274097,-0.393923,-0.200787,-0.195509,-0.137654,0.00967192,-0.109725,0.0466929,-0.146594,-0.0252783,-0.236748,-0.0363644,-0.31637,-0.0220207,-0.30286,-0.0836129,-0.232303,-0.13369,-0.236975,-0.106795,-0.317078,-0.0821988,-0.367154,-0.0615922,-0.380917
2.04765,0.213818,1.86883,0.696606,0.400842,0.078739,-1.17396,0.85868,-1.29245,3.77465,-0.42857,6.4607,0.388039,6.59663,1.29031,4.59336,1.97567,2.82733,1.92045,2.27487,1.73032,2.01989,1.96161,1.53001,2.3324,1.0576,2.51463,0.750345,2.54576,0.452257,2.54546,-0.0266925,2.40712,-0.596932,2.01583,-1.01007,1.54455,-1.20109,1.20919,-1.262,0.999996,-1.25397,0.812896,-1.16556,0.622539,-0.964415,0.497713,-0.675671,0.492485,-0.41511,0.533446,-0.284425,0.512511,-0.230965,0.41814,-0.143968,0.290966,-0.0327785,0.170029,0.0413393,0.102351,0.0981335,0.0910878,0.187959,0.0802038,0.261344,0.0501778,0.250081,0.0175256,0.239298,0.00479808,0.333265,0.0927798,0.511753,0.315285,0.754738,0.547184,1.04091,0.693449,1.25447,0.805118,1.30452,0.908479,1.22434,0.963935,1.08874,0.971385,0.912343,0.950349,0.678399,0.946788,0.416347,1.04116,0.14667,1.21535,-0.156519,1.33846,-0.494379,1.32993,-0.799083,1.21068,-0.95896,1.01447,-0.923606,0.744814,-0.761279,0.388342,-0.579457,-0.0586376,-0.426928,-0.500718,-0.265536,-0.780875,-0.0577285,-0.88906,0.118816,-0.934919,0.193994,-0.927596,0.280612,-0.802341,0.493041,-0.567714,0.733122,-0.303441,0.844968,-0.074244,0.818477,0.147503,0.740496,0.424252,0.656656,0.681202,0.531224,0.794689,0.35622,0.810245,0.221545,0.808376,0.162327,0.763905,0.122604,0.668373,0.117528,0.525718,0.178817,0.324957,0.215585,0.149119,0.116341,0.0930071,-0.0894464,0.110937,-0.244652,0.120129,-0.24099,0.103007,-0.146922,0.0369453,-0.0897242,-0.106315,-0.0923505,-0.296016,-0.136594,-0.440388,-0.20907,-0.461803,-0.232404,-0.421044,-0.145988,-0.439252,0.0181065,-0.496046,0.205358,-0.515945,0.366321,-0.50837,0.480768,-0.490995,0.56731,-0.463167,0.619963,-0.423595,0.640595,-0.355715,0.686631,-0.281698,0.778653,-0.230838,0.838654,-0.175812,0.782492,-0.113942,0.625519,-0.0503294,0.453495,0.0735874,0.350058,0.268238,0.36223,0.436222,0.423039,0.498243,0.401827,0.495945,0.299476,0.527865,0.184246,0.575997,0.057476,0.485768,-0.0576275,0.208767,-0.145912,-0.0637893,-0.286824,-0.161165,-0.493142,-0.177352,-0.632943,-0.269829,-0.625064,-0.406524,-0.50895,-0.472813,-0.349225,-0.44602,-0.229626,-0.400665,-0.209373,-0.416802,-0.216091,-0.449757,-0.118563,-0.382054,0.071744,-0.229853,0.204701,-0.10278,0.211166,-0.042905,0.177024,-0.0308088,0.1746,-0.0232833,0.172605,-0.00899008,0.169019,-0.016566,0.222934,-0.0102527,0.299931,0.0593952,0.283238,0.13773,0.130331
0.599483,-1.9335,1.29361,-2.12992,1.34922,-0.900474,3.01244,-0.747365,4.89995,-2.02179,4.60136,-1.6818,3.18398,1.09101,2.76021,3.52245,3.39992,3.98531,3.952,3.59028,3.93723,3.39997,3.92407,3.29671,4.32426,3.00976,4.87104,2.55874,5.36191,2.06898,5.86136,1.62607,6.33319,1.18864,6.68504,0.676833,6.9225,0.205131,7.06894,-0.0830574,7.13755,-0.325133,7.18233,-0.662994,7.2942,-0.979062,7.49448,-1.16722,7.67403,-1.28276,7.7554,-1.37301,7.84118,-1.42453,8.03611,-1.46589,8.20563,-1.54516,8.17626,-1.62251,8.03475,-1.60574,7.94179,-1.48233,7.90568,-1.37374,7.89729,-1.37834,7.88151,-1.44281,7.78315,-1.49915,7.61181,-1.51642,7.42319,-1.44273,7.20248,-1.29642,6.97535,-1.15601,6.8505,-1.03182,6.86293,-0.923404,6.8826,-0.874463,6.75641,-0.858756,6.49373,-0.809134,6.1839,-0.766936,5.85631,-0.814462,5.54451,-0.925677,5.33259,-0.994289,5.23264,-0.957167,5.09024,-0.858554,4.77263,-0.788956,4.37189,-0.775926,4.0011,-0.787542,3.6273,-0.827518,3.2728,-0.945702,3.03666,-1.12639,2.92405,-1.2552,2.85145,-1.28791,2.71099,-1.30614,2.43109,-1.35452,2.04199,-1.44359,1.68448,-1.57412,1.48789,-1.65352,1.38407,-1.67915,1.2078,-1.80181,0.962066,-2.01166,0.775067,-2.14169,0.661403,-2.14813,0.522991,-2.10633,0.359907,-2.07088,0.245611,-2.06638,0.144725,-2.12037,0.0133084,-2.2505,-0.0522991,-2.43419,-0.00510112,-2.60301,0.0263642,-2.68195,-0.0272986,-2.68006,-0.086517,-2.71102,-0.111619,-2.81562,-0.126164,-2.89148,-0.0980577,-2.89418,-0.00631327,-2.90239,0.0787643,-2.96756,0.143008,-3.02996,0.244652,-3.01365,0.33973,-2.96171,0.344528,-2.95342,0.289602,-2.93653,0.271875,-2.82064,0.332356,-2.6595,0.424176,-2.57816,0.502385,-2.60326,0.563143,-2.66501,0.589886,-2.70667,0.583851,-2.70195,0.589407,-2.61506,0.629912,-2.47205,0.687944,-2.36682,0.727693,-2.32652,0.713677,-2.28396,0.665797,-2.19487,0.67605,-2.10618,0.800245,-2.04403,0.979339,-1.96027,1.10214,-1.86519,1.10528,-1.81501,0.99242,-1.76345,0.798755,-1.6068,0.592715,-1.36377,0.444328,-1.15576,0.371447,-1.05318,0.363518,-1.04386,0.393569,-1.06747,0.418696,-1.04836,0.393115,-0.947041,0.284602,-0.784891,0.130028,-0.597159,0.00797998,-0.428166,-0.0674004,-0.374756,-0.146847,-0.468217,-0.251016,-0.579154,-0.333921,-0.584432,-0.34074,-0.519254,-0.281142,-0.488293,-0.23397,-0.504657,-0.268036,-0.489404,-0.385816,-0.41112
-2.68387,1.1748,-0.906307,0.395842,1.58546,-0.686101,3.14921,-0.815801,2.97676,-0.156645,2.58369,0.777668,2.72635,1.04863,2.07141,0.0490162,0.388418,-0.776305,-1.27642,-0.570795,-2.37498,-0.409479,-2.8312,-0.746481,-2.78582,-1.16518,-2.46856,-1.50892,-1.97754,-1.70312,-1.37798,-1.60938,-0.804815,-1.28061,-0.315461,-0.925247,0.125861,-0.663322,0.499329,-0.459,0.756481,-0.214525,0.869337,0.0925272,0.814538,0.400059,0.650418,0.666176,0.525011,0.835043,0.515845,0.862241,0.537815,0.807745,0.511349,0.723526,0.507637,0.636706,0.557285,0.627059,0.551325,0.691985,0.462182,0.73196,0.377559,0.717667,0.326876,0.683373,0.243591,0.635645,0.0828301,0.557411,-0.0956839,0.428141,-0.190989,0.223742,-0.177075,-0.0388897,-0.128513,-0.319578,-0.100911,-0.620796,-0.0711126,-0.890752,0.0114901,-1.02952,0.179701,-1.07543,0.366498,-1.09091,0.462939,-0.994011,0.468192,-0.749536,0.409807,-0.44708,0.273036,-0.157781,0.101795,0.0689914,-0.0421474,0.227151,-0.197605,0.386902,-0.430691,0.523193,-0.742642,0.484101,-1.07333,0.259854,-1.33412,0.0113891,-1.48632,-0.204095,-1.52486,-0.400918,-1.39023,-0.531905,-1.08154,-0.634837,-0.724511,-0.771178,-0.397988,-0.863983,-0.110709,-0.866382,0.107048,-0.795724,0.228061,-0.611655,0.225055,-0.33276,0.138286,-0.0656075,0.108512,0.141064,0.14672,0.279627,0.115331,0.332381,-0.0199499,0.30632,-0.169524,0.250359,-0.267683,0.233919,-0.33276,0.270965,-0.360361,0.290309,-0.297759,0.232354,-0.216343,0.125028,-0.215939,0.0312633,-0.224374,-0.0380059,-0.17215,-0.107502,-0.126164,-0.165786,-0.130382,-0.1696,-0.153917,-0.113058,-0.216318,-0.0668954,-0.341194,-0.08432,-0.447535,-0.123109,-0.479657,-0.149094,-0.449454,-0.172175,-0.33478,-0.152705,-0.167478,-0.0682843,-0.0480818,0.00058081,0.00866179,0.00277783,0.0328543,-0.00712137,0.0133589,0.0254046,-0.0233844,0.0814664,-0.028435,0.111114,-0.0138892,0.102881,-0.0318189,0.0624003,-0.124321,-0.0288643,-0.242429,-0.16215,-0.285966,-0.260687,-0.245056,-0.243717,-0.165004,-0.148715,-0.0737642,-0.144852,0.0062375,-0.326901,0.069951,-0.574482,0.150382,-0.708197,0.283718,-0.647236,0.43155,-0.399554,0.502637,-0.0870473,0.458646,0.096593,0.354679,0.114396,0.29685,0.120457,0.330967,0.182302,0.399201,0.198388,0.415716,0.151619,0.327583,0.127478,0.160079,0.110861,-0.0145205,0.0650519,-0.155357,0.0302027,-0.223818,0.0106063,-0.199777,-0.0343189,-0.147907,-0.115533,-0.127705,-0.173564,-0.104421,-0.116265,-0.0387635,0.0437636,0.0355816,0.207201,0.0796229,0.305688
-0.100002,0.556375,-1.33127,0.463722,-2.32131,1.76855,-2.78554,1.18944,-2.69258,-1.43642,-1.88779,-2.84726,-0.447358,-2.37881,0.663499,-1.60395,0.779007,-0.953985,0.295183,-0.410918,-0.127604,-0.388822,-0.191519,-0.941056,-0.0144195,-1.61938,0.266647,-2.01472,0.613927,-2.02083,0.851382,-1.70602,0.805068,-1.18975,0.547335,-0.614635,0.265056,-0.144953,0.0207328,0.0786886,-0.222555,0.0594205,-0.407938,-0.0820472,-0.430211,-0.270107,-0.347129,-0.488495,-0.299476,-0.687868,-0.313668,-0.801937,-0.365967,-0.819159,-0.470743,-0.772062,-0.581124,-0.675292,-0.634357,-0.528951,-0.686252,-0.348139,-0.783628,-0.164776,-0.856508,-0.0765926,-0.84267,-0.169297,-0.757264,-0.350765,-0.639357,-0.486526,-0.497309,-0.561351,-0.293138,-0.555492,-0.0236116,-0.449025,0.222076,-0.323694,0.379781,-0.258793,0.439302,-0.264652,0.357583,-0.318189,0.154776,-0.337987,-0.0559103,-0.308795,-0.192959,-0.373973,-0.178943,-0.531527,0.0529557,-0.538168,0.436146,-0.294173,0.766405,0.038915,0.858125,0.324451,0.708879,0.546098,0.4191,0.636327,0.0835372,0.494809,-0.126619,0.170458,-0.073638,-0.149953,0.136417,-0.30579,0.280738,-0.279678,0.272304,-0.139978,0.183236,0.065557,0.0652539,0.277683,-0.123412,0.449454,-0.358139,0.588068,-0.502082,0.634332,-0.474101,0.518547,-0.332911,0.320158,-0.190433,0.151114,-0.0788906,0.0198742,0.0210358,-0.0945475,0.0612892,-0.172175,-0.00767696,-0.185459,-0.144978,-0.157907,-0.280006,-0.162983,-0.358063,-0.209499,-0.357988,-0.219197,-0.29786,-0.196671,-0.164877,-0.212833,0.0265662,-0.223313,0.125861,-0.153892,0.0298239,-0.0658095,-0.133942,-0.0615922,-0.184701,-0.154827,-0.108588,-0.287632,-0.000530308,-0.385185,0.0748248,-0.409832,0.0864665,-0.392786,0.0218692,-0.382458,-0.0796734,-0.371599,-0.163438,-0.313214,-0.215257,-0.222884,-0.189423,-0.181115,-0.020556,-0.184019,0.191014,-0.153564,0.245334,-0.0809108,0.145306,-0.0030051,0.0755319,0.0383594,0.0880827,-0.0164145,0.0895474,-0.174044,0.0810118,-0.363695,0.119346,-0.468066,0.164398,-0.405665,0.153337,-0.263289,0.111164,-0.169069,0.0964667,-0.0988405,0.0864918,-0.0337381,0.0322987,-0.049597,-0.0335361,-0.145054,-0.0285107,-0.252455,0.0891939,-0.323972,0.242909,-0.316194,0.317633,-0.250056,0.310512,-0.196721,0.287329,-0.172024,0.251142,-0.130053,0.128462,-0.0358594,-0.0846988,0.0737642,-0.239222,0.131417,-0.228313,0.11725,-0.149953,0.0730066,-0.109674,0.0735117,-0.0744713,0.146392,-0.041213,0.216394,-0.0345462,0.210383,0.0160609,0.169953,0.131872,0.146064,0.213818,0.104169,0.218414,0.0478293,0.202605,0.0396726
3.32159,0.382256,5.25309,0.210207,6.06776,-0.548876,5.20011,-1.19056,3.8018,-1.91981,3.16214,-2.68819,3.43045,-2.47834,3.45401,-1.01727,2.6421,0.800295,1.65284,1.86532,1.01848,1.76799,0.796305,0.878125,0.85671,-0.134877,0.981132,-0.703147,0.981132,-0.714308,0.755723,-0.465187,0.31031,-0.307178,-0.238338,-0.420464,-0.686959,-0.713425,-0.844816,-0.943505,-0.721758,-0.984188,-0.588447,-0.872898,-0.663398,-0.702162,-0.832013,-0.548093,-0.872999,-0.451323,-0.775143,-0.419352,-0.676277,-0.38915,-0.636605,-0.278516,-0.598043,-0.107906,-0.537941,0.0664156,-0.521299,0.242935,-0.57375,0.390766,-0.654812,0.426373,-0.742213,0.364402,-0.79527,0.315436,-0.728021,0.296244,-0.558547,0.331118,-0.429605,0.564002,-0.427812,0.94651,-0.529203,1.19028,-0.67706,1.17467,-0.789209,1.0425,-0.779411,0.941157,-0.683323,0.93598,-0.625468,1.0503,-0.62216,1.18624,-0.563497,1.15684,-0.370841,0.934363,-0.0966435,0.705546,0.151544,0.638499,0.299804,0.747668,0.302633,0.939288,0.193615,1.0427,0.0966183,0.895449,0.10523,0.529304,0.213111,0.214954,0.336649,0.179272,0.388897,0.343139,0.342962,0.457788,0.231975,0.369629,0.156544,0.120003,0.222177,-0.104219,0.386347,-0.1871,0.457939,-0.216015,0.30387,-0.288718,0.0534355,-0.384604,-0.0645721,-0.478091,-0.0507587,-0.555138,-0.0429555,-0.576124,-0.0982849,-0.555845,-0.200812,-0.554103,-0.291724,-0.574432,-0.340058,-0.593523,-0.375362,-0.610569,-0.399327,-0.60067,-0.398746,-0.535744,-0.400463,-0.450262,-0.417383,-0.375993,-0.418898,-0.289097,-0.378367,-0.190964,-0.317482,-0.122477,-0.294779,-0.101947,-0.346018,-0.105558,-0.440313,-0.0892444,-0.495036,-0.0289905,-0.438444,0.0721985,-0.298946,0.183666,-0.192428,0.268895,-0.17263,0.319881,-0.168362,0.329174,-0.0756835,0.298946,0.0916687,0.255384,0.190964,0.229525,0.171973,0.248263,0.162958,0.275637,0.236672,0.254526,0.28642,0.199171,0.261167,0.13268,0.263693,0.0740167,0.300512,0.0809866,0.245813,0.165029,0.0928303,0.212631,0.018864,0.107881,0.12422,-0.0900525,0.253768,-0.231091,0.252556,-0.26445,0.178463,-0.210813,0.129927,-0.123311,0.117048,-0.114674,0.114851,-0.19306,0.120811,-0.202681,0.172453,-0.092401,0.267834,0.0139649,0.326522,0.0449505,0.311345,0.0221217,0.287355,-0.0497738,0.326573,-0.123336,0.416095,-0.0987395,0.483571,0.00909111,0.499354,0.0765421,0.464757,0.0357331,0.368442,-0.0828806,0.268819,-0.191747,0.230712,-0.196848,0.191646,-0.0922495,0.0956586,-0.0055809,-0.000328284,-0.0645216,-0.0522991,-0.240687
-3.78281,2.06545,-4.22183,3.57851,-1.35988,3.7771,0.227757,3.07966,-0.731733,2.25692,-0.788603,2.79054,0.273314,4.29903,-0.0233844,4.55525,-1.22937,3.43848,-1.7465,2.55973,-1.7009,2.30631,-1.57337,2.16449,-1.34084,1.89446,-1.10588,1.60365,-1.09427,1.46932,-1.25945,1.42006,-1.35187,1.19051,-1.19692,0.721859,-0.874539,0.319174,-0.686429,0.242354,-0.769284,0.351194,-0.906611,0.387761,-0.874741,0.314375,-0.696025,0.188868,-0.511602,0.0256066,-0.411272,-0.129195,-0.367154,-0.206873,-0.280663,-0.210005,-0.101669,-0.172933,0.120508,-0.088815,0.26945,0.0325765,0.295688,0.121265,0.2819,0.14066,0.286092,0.151796,0.325234,0.194802,0.415388,0.221823,0.444075,0.212202,0.288037,0.160812,0.0459353,0.0241167,-0.101391,-0.133412,-0.0997244,-0.161291,-0.0124498,-0.0897494,0.0300512,-0.121922,-0.0475515,-0.327734,-0.151821,-0.541199,-0.190762,-0.568497,-0.247556,-0.42655,-0.396271,-0.365538,-0.514658,-0.566881,-0.488319,-0.870726,-0.427812,-0.97689,-0.47948,-0.859539,-0.573876,-0.798704,-0.503294,-0.963809,-0.218363,-1.19013,0.0673752,-1.2826,0.164827,-1.26089,0.151847,-1.20823,0.207959,-1.13202,0.362483,-1.03676,0.477056,-0.960197,0.394099,-0.911989,0.147857,-0.876635,0.0152276,-0.830371,0.177327,-0.738046,0.421272,-0.61567,0.44357,-0.530794,0.289047,-0.508344,0.192933,-0.499986,0.187757,-0.440717,0.161014,-0.33882,0.108108,-0.285233,0.0700268,-0.330689,0.00810624,-0.402559,-0.0959112,-0.401852,-0.224879,-0.34723,-0.407054,-0.309906,-0.615518,-0.294931,-0.727314,-0.274248,-0.70701,-0.214146,-0.676075,-0.130306,-0.709435,-0.100836,-0.705419,-0.14321,-0.590897,-0.247985,-0.486324,-0.397155,-0.501273,-0.47347,-0.566957,-0.437914,-0.5838,-0.420034,-0.551098,-0.492738,-0.499051,-0.582311,-0.411953,-0.589457,-0.304805,-0.531198,-0.253238,-0.496374,-0.249147,-0.479733,-0.190206,-0.42756,-0.0401776,-0.352482,0.112351,-0.294148,0.198641,-0.266773,0.28536,-0.255788,0.431752,-0.252404,0.573523,-0.282834,0.645645,-0.339427,0.676277,-0.34824,0.694788,-0.312103,0.67355,-0.337028,0.604609,-0.421423,0.517789,-0.426146,0.423393,-0.314603,0.308416,-0.243364,0.175105,-0.327886,0.075835,-0.443242,0.084421,-0.406549,0.209323,-0.252253,0.375109,-0.154928,0.491324,-0.194449,0.505769,-0.313845,0.422812,-0.40718,0.307759,-0.391145,0.230838,-0.28094,0.201797,-0.186923,0.214247,-0.170054,0.285233,-0.190029,0.407812,-0.196292,0.520365,-0.1971,0.55428,-0.218464,0.539759,-0.193009,0.561426,-0.0672742,0.606048,0.0386877
-0.315739,-1.70973,-0.302986,-0.241445,-1.16641,1.85249,-2.39871,3.15108,-2.69496,1.65855,-1.04985,-1.54938,1.02189,-3.03984,0.933758,-2.04681,-0.565467,-0.565543,-1.25806,0.285057,-1.09007,0.626276,-0.743173,0.551174,-0.294148,0.205686,0.0484606,-0.0733349,-0.0142932,-0.205105,-0.265738,-0.340083,-0.220207,-0.431752,0.134725,-0.309653,0.4266,-0.0226015,0.562234,0.176292,0.674762,0.164347,0.712566,0.0786381,0.576376,0.0611124,0.32685,0.088007,0.082527,0.107098,-0.0685116,0.169423,-0.12076,0.290511,-0.130634,0.331472,-0.0719713,0.214651,0.115407,0.0352028,0.34132,-0.115482,0.451979,-0.218666,0.438494,-0.251445,0.421322,-0.165761,0.462813,-2.52537e-005,0.490112,0.121669,0.458065,0.132907,0.471803,0.00851028,0.605998,-0.225232,0.737339,-0.431221,0.732137,-0.500667,0.6311,-0.464101,0.529532,-0.364831,0.468924,-0.172781,0.454202,0.0652034,0.476829,0.224576,0.528547,0.272228,0.519026,0.212303,0.344427,0.0620468,0.123614,-0.0685621,0.0623751,-0.0607841,0.151922,0.0996739,0.262253,0.27339,0.375059,0.310133,0.535441,0.264703,0.687565,0.248187,0.754814,0.237303,0.771204,0.224449,0.763501,0.283567,0.678398,0.389806,0.5363,0.420363,0.47703,0.335563,0.567386,0.208666,0.708576,0.100659,0.792138,-0.0231066,0.809765,-0.180206,0.776911,-0.266193,0.689131,-0.217606,0.600291,-0.117073,0.603902,-0.042703,0.711758,0.035228,0.838326,0.16061,0.914641,0.273365,0.940298,0.278819,0.897444,0.191545,0.757314,0.0797745,0.583598,-0.0487889,0.488293,-0.182403,0.490238,-0.275258,0.514607,-0.334679,0.51039,-0.397357,0.464707,-0.440388,0.373872,-0.42511,0.257455,-0.380816,0.154423,-0.355412,0.110886,-0.341422,0.126013,-0.306699,0.1397,-0.286042,0.117932,-0.348619,0.100836,-0.461197,0.14374,-0.560164,0.218262,-0.661428,0.260662,-0.750547,0.283693,-0.76537,0.320512,-0.694661,0.367558,-0.572285,0.413847,-0.444555,0.449984,-0.341927,0.476096,-0.255006,0.494834,-0.161897,0.511804,-0.0627539,0.529001,0.0202025,0.522057,0.0687894,0.493218,0.0798502,0.472005,0.0620468,0.460843,0.010581,0.468268,-0.0674005,0.484455,-0.108992,0.454151,-0.107427,0.378038,-0.126038,0.314704,-0.137553,0.263566,-0.0658853,0.194878,0.0721985,0.153337,0.166367,0.201722,0.158918,0.319679,0.124876,0.420186,0.0832594,0.389806,-0.0359604,0.184625,-0.177958,-0.0292936,-0.234222,-0.0591679,-0.231848,0.014672,-0.216596,0.00896484,-0.149498,-0.0729561,-0.0364654,-0.116215,0.0563143,-0.0783855,0.102578,0.00464656,0.093007,0.0921737,0.0262379
-1.51412,3.28078,-2.59281,2.70556,-4.96622,1.81501,-6.8873,-0.261041,-6.99851,-2.59016,-5.29337,-3.03337,-2.99744,-1.47698,-1.22546,0.258768,-0.365665,0.765749,-0.171191,0.386271,-0.232025,0.0633094,-0.363013,-0.119649,-0.454404,-0.426095,-0.464455,-0.80931,-0.481374,-1.16838,-0.539204,-1.41728,-0.628145,-1.4792,-0.793755,-1.4441,-1.03573,-1.39846,-1.29215,-1.21384,-1.5195,-0.839437,-1.6737,-0.534128,-1.66857,-0.45001,-1.4421,-0.415994,-1.06033,-0.344679,-0.695571,-0.290537,-0.495693,-0.216217,-0.505668,-0.156114,-0.654004,-0.255384,-0.779739,-0.485288,-0.779032,-0.651226,-0.705167,-0.691757,-0.653423,-0.718702,-0.648549,-0.771153,-0.689964,-0.791987,-0.791457,-0.789361,-0.910474,-0.803123,-0.955829,-0.772542,-0.902949,-0.623978,-0.783906,-0.460591,-0.631529,-0.425969,-0.497006,-0.490238,-0.389074,-0.586957,-0.255258,-0.736102,-0.124498,-0.954844,-0.0868706,-1.19439,-0.132377,-1.31672,-0.239601,-1.20051,-0.436247,-0.936157,-0.603927,-0.727465,-0.597715,-0.605569,-0.521021,-0.493748,-0.47799,-0.452257,-0.359907,-0.495996,-0.16561,-0.441701,-0.0704056,-0.238364,-0.0629054,-0.0599003,-0.0127528,-0.0356321,0.0439151,-0.142503,0.0461374,-0.258389,0.008182,-0.284375,-0.0774259,-0.247859,-0.19359,-0.228742,-0.326775,-0.222631,-0.508799,-0.191923,-0.685848,-0.17167,-0.736582,-0.191065,-0.647186,-0.20503,-0.515062,-0.162529,-0.377937,-0.0645721,-0.211217,0.0466929,-0.114043,0.126139,-0.222202,0.138286,-0.458596,0.0708601,-0.602917,-0.0425514,-0.562285,-0.151922,-0.449479,-0.224475,-0.369907,-0.238187,-0.270713,-0.195939,-0.12124,-0.132023,-0.0251268,-0.0713399,-0.0139649,-0.010278,-0.00308087,0.0363644,0.0477788,0.0304552,0.125634,-0.0018182,0.20311,0.0196217,0.272001,0.0792946,0.356573,0.0833099,0.426019,0.0182075,0.414075,-0.0689156,0.378215,-0.151821,0.453823,-0.199727,0.586023,-0.204348,0.56976,-0.213515,0.428545,-0.227808,0.367659,-0.187252,0.389832,-0.12826,0.349982,-0.141821,0.213439,-0.196191,0.0519203,-0.214373,-0.0323492,-0.180458,0.0114902,-0.0915424,0.0900524,0.0151771,0.0613397,0.0648751,-0.0898757,0.0568699,-0.255788,0.0441929,-0.311446,0.022551,-0.244551,-0.0354048,-0.194827,-0.0576275,-0.239197,0.0267682,-0.290158,0.124977,-0.294577,0.153311,-0.27791,0.173463,-0.212101,0.209954,-0.10225,0.203641,-0.0499506,0.150483,-0.0583346,0.117301,-0.0313138,0.160382,0.0330815,0.242733,0.0875271,0.267329,0.142099,0.223136,0.197858,0.156241,0.222429,0.033233,0.24796,-0.149195,0.326648,-0.232101,0.410463,-0.142705,0.44852,-0.0637388,0.459682,-0.0960374
0.901939,-0.874539,0.819184,-1.1028,-0.917722,-0.392862,-3.01108,-1.05889,-3.47654,-2.6641,-2.14641,-1.96767,-0.907141,0.73989,-0.0963405,2.3153,0.996032,2.4028,1.78577,2.56495,1.67741,2.83968,1.16679,2.60998,1.00353,2.07507,1.26462,1.61829,1.51986,1.24849,1.54258,0.93651,1.39596,0.714233,1.26086,0.484152,1.31467,0.153084,1.48172,-0.212631,1.51046,-0.51491,1.3592,-0.720899,1.1924,-0.891913,1.05977,-1.16068,0.904388,-1.5146,0.748046,-1.78724,0.615064,-1.89201,0.452687,-1.85946,0.234248,-1.81403,0.0265157,-1.88373,-0.0952041,-2.01098,-0.166266,-2.08868,-0.279097,-2.1453,-0.454505,-2.15772,-0.614483,-2.07946,-0.663979,-2.04121,-0.642009,-2.10851,-0.690722,-2.16217,-0.866812,-2.17005,-1.09937,-2.17813,-1.2624,-2.17583,-1.31695,-2.17154,-1.40258,-2.14606,-1.6337,-2.0109,-1.89393,-1.7633,-2.01663,-1.50412,-2.00479,-1.31947,-1.92671,-1.20237,-1.83734,-1.08884,-1.79587,-0.988077,-1.77014,-0.90156,-1.69077,-0.752163,-1.58425,-0.543067,-1.48036,-0.305764,-1.3716,-0.0292178,-1.27869,0.210131,-1.19621,0.378215,-1.08351,0.567992,-0.949515,0.753223,-0.8507,0.812669,-0.806103,0.73792,-0.753122,0.608372,-0.642236,0.513193,-0.500693,0.470061,-0.350134,0.443595,-0.193287,0.433267,-0.0746733,0.410792,-0.0331825,0.381271,-0.0246722,0.439353,0.0250258,0.547285,0.0907595,0.579103,0.0790674,0.537663,-0.00386372,0.464884,-0.0333088,0.36973,0.0605821,0.286345,0.189726,0.254071,0.235207,0.285637,0.198893,0.363922,0.142655,0.472965,0.0680065,0.598523,-0.0317936,0.670292,-0.0791431,0.640292,-0.0222732,0.554128,0.0197732,0.436954,-0.0976789,0.301168,-0.302431,0.204297,-0.416095,0.16167,-0.422029,0.138235,-0.425742,0.0903555,-0.459985,0.0109346,-0.483369,-0.0331068,-0.474505,-0.0244197,-0.429226,-0.0203792,-0.363089,-0.00782847,-0.350639,0.0216419,-0.448697,-0.0362887,-0.578346,-0.198186,-0.588674,-0.329729,-0.446777,-0.385362,-0.29286,-0.415312,-0.274046,-0.42607,-0.351472,-0.434555,-0.387811,-0.456727,-0.38016,-0.442383,-0.379225,-0.376347,-0.326068,-0.330891,-0.205484,-0.372811,-0.136821,-0.447282,-0.154751,-0.409176,-0.166721,-0.245788,-0.135937,-0.0923,-0.0706076,-0.0285107,0.0207328,-0.0627791,0.0992446,-0.153867,0.145761,-0.198464,0.170004,-0.15965,0.185635,-0.0901535,0.19753,0.00558093,0.195888,0.140584,0.199272,0.246268,0.21157,0.251445,0.169473,0.198742,0.0522991,0.196671,-0.0480566,0.268996,-0.0558598,0.348568,-0.031036,0.410337,-0.0564911,0.456374,-0.11124,0.41559
5.79472,2.78809,5.12741,4.43169,4.13494,2.84062,3.18497,-1.52291,1.89656,-3.99534,0.835473,-2.36558,0.273743,0.627892,-0.706732,1.68744,-1.98216,0.998835,-2.62129,0.220762,-2.72195,-0.358998,-2.69256,-0.897115,-2.52768,-1.23018,-2.23957,-1.36162,-1.90444,-1.45869,-1.56299,-1.60799,-1.29326,-1.83231,-1.11293,-2.04113,-0.941359,-2.05143,-0.731001,-1.86241,-0.507763,-1.63435,-0.35026,-1.50082,-0.284223,-1.44877,-0.263844,-1.24147,-0.265789,-0.751531,-0.253566,-0.252985,-0.20609,-0.00578295,-0.202429,0.123917,-0.340992,0.312608,-0.617286,0.480945,-0.895449,0.568573,-1.04265,0.630367,-1.07411,0.649206,-1.05823,0.602715,-1.03641,0.550264,-1.05187,0.54736,-1.10616,0.561653,-1.16508,0.476929,-1.18682,0.267026,-1.13603,0.0505819,-1.05267,-0.112427,-1.00303,-0.264526,-0.946031,-0.427762,-0.776961,-0.59178,-0.493647,-0.730925,-0.197479,-0.778451,0.0682843,-0.71946,0.341245,-0.667615,0.581957,-0.679156,0.692692,-0.675267,0.728273,-0.60923,0.809033,-0.504708,0.891661,-0.410211,0.902393,-0.363745,0.894565,-0.316724,0.924717,-0.196444,0.943076,-0.024647,0.881888,0.154322,0.776684,0.319729,0.702389,0.407559,0.660393,0.396827,0.587967,0.353492,0.457308,0.316396,0.31084,0.324148,0.173287,0.412105,0.0520971,0.480187,-0.0493192,0.400211,-0.165509,0.226318,-0.29435,0.114119,-0.381069,0.11528,-0.367053,0.137225,-0.252101,0.0720975,-0.151594,-0.045001,-0.117073,-0.102679,-0.0648751,-0.0873756,-0.0206318,-0.0177024,-0.0815422,0.100229,-0.187933,0.164574,-0.226015,0.128311,-0.199045,0.111518,-0.165963,0.158413,-0.121013,0.180155,-0.0204045,0.144271,0.0810876,0.0950778,0.0843958,0.0815169,0.0255814,0.128967,0.00729814,0.210358,0.0335866,0.243768,0.0479808,0.165483,0.0318946,0.0309855,-0.00729813,-0.0539658,-0.0644711,-0.0710116,-0.118942,-0.0229298,-0.136316,0.0794462,-0.130079,0.131291,-0.168867,0.0608599,-0.256824,-0.0503041,-0.2919,-0.0791936,-0.196646,-0.0111619,-0.0159094,0.0784108,0.143488,0.154221,0.208414,0.21854,0.170812,0.25541,0.0817189,0.251571,-0.0097477,0.21301,-0.0849261,0.166443,-0.112578,0.1472,-0.0810623,0.148412,-0.0241419,0.117174,0.0324502,0.0423999,0.0885373,-0.0250005,0.136089,-0.0395716,0.145811,0.0105558,0.116846,0.0978557,0.08033,0.141392,0.0377786,0.073638,-0.0244197,-0.0431322,-0.0972243,-0.0661883,-0.162882,0.0431322,-0.194171,0.156013,-0.165054,0.150811,-0.0995729,0.0736632,-0.054976,0.0319957,-0.0568699,0.0501779,-0.0932091,0.0706329,-0.132882,0.0421979,-0.153715,0.0143437,-0.14816,0.0693702
-0.942041,-2.2349,-2.34879,-3.2529,-1.77165,-2.9856,1.15553,-2.60516,3.50838,-1.96189,2.30997,-0.338341,-0.955425,1.07045,-2.53432,1.03043,-2.08934,0.345159,-1.47036,-0.0818705,-1.24614,-0.211217,-1.18407,0.0247227,-1.10245,0.391574,-0.871888,0.466071,-0.550062,0.343366,-0.242808,0.280334,0.016667,0.295789,0.155761,0.331724,0.0746481,0.350386,-0.202151,0.339704,-0.528875,0.330032,-0.782163,0.339528,-0.879135,0.311673,-0.760168,0.166973,-0.496955,-0.051491,-0.263945,-0.225687,-0.127124,-0.326901,-0.0191418,-0.349149,0.0954061,-0.266521,0.151518,-0.139953,0.114598,-0.0346472,0.0898757,0.0825018,0.165054,0.197681,0.281723,0.216949,0.330563,0.159423,0.274602,0.147705,0.219474,0.196494,0.285991,0.231268,0.426928,0.254854,0.513951,0.293365,0.518218,0.333719,0.512107,0.403115,0.482915,0.523572,0.306623,0.659964,0.0360361,0.772643,-0.0982344,0.775118,-0.0716935,0.58678,-0.0519203,0.300991,-0.0557335,0.0792947,-0.006288,-0.0386877,0.0875777,-0.0682843,0.222227,-0.0158842,0.367685,0.0648751,0.408367,0.143261,0.32132,0.244778,0.213439,0.31286,0.161645,0.25344,0.160711,0.0776784,0.149321,-0.148968,0.0924767,-0.337608,0.0690419,-0.397584,0.161089,-0.368367,0.297456,-0.343366,0.359073,-0.298542,0.345058,-0.191545,0.31079,-0.0681833,0.264097,0.0238389,0.189752,0.0796734,0.125356,0.106618,0.142427,0.0957091,0.230939,0.0338139,0.306749,-0.0207075,0.345033,-0.000681842,0.368038,0.072148,0.361068,0.148362,0.34521,0.154751,0.356649,0.0461121,0.330209,-0.0650519,0.240586,-0.0511375,0.170231,0.0510365,0.134447,0.166569,0.0827796,0.278971,0.00325764,0.330537,-0.0726531,0.25998,-0.0810876,0.113184,-0.00452031,-0.00722238,0.0816937,-0.0219702,0.0933353,0.045001,-0.0110861,0.0626781,-0.18359,0.00691934,-0.281395,0.0153286,-0.255814,0.138412,-0.206621,0.245359,-0.1696,0.205181,-0.100381,0.067754,-0.00131316,0.00858604,0.0843453,0.0784613,0.0669711,0.132983,-0.11278,0.0911383,-0.350538,0.0544709,-0.503268,0.0917697,-0.538926,0.169448,-0.495314,0.28738,-0.435691,0.445969,-0.400413,0.553699,-0.390589,0.545896,-0.394301,0.490288,-0.387938,0.441904,-0.375942,0.349275,-0.3692,0.22306,-0.341598,0.199575,-0.292153,0.325866,-0.267708,0.472687,-0.291698,0.5139,-0.352659,0.446373,-0.450641,0.356144,-0.530794,0.323871,-0.489884,0.331093,-0.34925,0.307481,-0.225788,0.25493,-0.201646,0.218464,-0.305512,0.175787,-0.451525,0.104093,-0.501804,0.0765926,-0.446298,0.130028,-0.369958,0.162807,-0.335512,0.107578,-0.332911,0.0465414
2.15303,-3.8218,3.35224,-2.48662,2.9265,-0.729334,1.92855,0.229955,1.15396,0.719435,-0.978582,0.533092,-3.42901,-0.484202,-3.16739,-1.7741,-1.1927,-2.3853,-0.197075,-1.86688,-0.341169,-1.07818,-0.747592,-0.748754,-0.988026,-0.594912,-0.898176,-0.353063,-0.594154,-0.0998254,-0.344427,0.161317,-0.283718,0.418898,-0.336825,0.470465,-0.344629,0.215838,-0.226065,-0.140963,-0.0304552,-0.398392,0.134271,-0.521678,0.18657,-0.476197,0.0509355,-0.260612,-0.300714,-0.039319,-0.711101,0.00732339,-0.946788,-0.0902545,-0.927192,-0.161998,-0.730445,-0.13869,-0.512006,-0.0687136,-0.385362,0.00696983,-0.344477,0.0843958,-0.369175,0.150912,-0.428292,0.144599,-0.445489,0.0503041,-0.407736,-0.0343694,-0.342785,-0.0463899,-0.291143,-0.0201267,-0.351144,0.0279804,-0.555669,0.112755,-0.782214,0.189322,-0.872746,0.193918,-0.74143,0.136367,-0.417837,0.0790926,-0.0916939,0.0883858,0.0337633,0.172175,-0.0527537,0.238642,-0.268617,0.217075,-0.523597,0.159877,-0.662136,0.129826,-0.58822,0.124018,-0.383973,0.129675,-0.225964,0.104851,-0.208414,0.00714661,-0.253667,-0.0817695,-0.239955,-0.0569962,-0.124169,0.0287885,0.0494203,0.0888403,0.193186,0.126796,0.259703,0.1497,0.238313,0.15119,0.134473,0.132629,0.0132831,0.0900272,-0.0501021,0.0474253,-0.0716935,0.0495718,-0.0971233,0.0826028,-0.0932596,0.077931,-0.0145205,0.0293946,0.10076,0.00621227,0.159423,0.0367685,0.117402,0.0596225,0.0344957,0.0203792,0.00777795,-0.0283592,0.0818705,-0.00497487,0.17907,0.0739915,0.168438,0.120129,0.074042,0.0711379,0.0178792,-0.0393443,0.00280309,-0.107199,-0.0398999,-0.0902797,-0.100836,-0.0264905,-0.103361,0.0461626,-0.0450262,0.0819462,-0.0201267,0.0728551,-0.0416171,0.0870978,-0.0112629,0.136821,0.0967193,0.160812,0.177352,0.166443,0.162074,0.220055,0.12374,0.339881,0.133437,0.483293,0.15114,0.549254,0.145205,0.441878,0.139978,0.231167,0.121316,0.0754309,0.063461,0.0256319,-0.0202025,0.0761128,-0.0933859,0.175357,-0.111947,0.186519,-0.100861,0.0814917,-0.133665,-0.00229803,-0.193691,-0.0103033,-0.221192,-0.0198742,-0.205888,-0.0691934,-0.150483,-0.128765,-0.0756835,-0.148741,-0.0173994,-0.103083,0.0181569,-0.0324249,0.0232834,0.0239147,-0.0216166,0.0676025,-0.076441,0.0595973,-0.0943455,-0.0392685,-0.0920727,-0.155963,-0.0472737,-0.172302,0.0585619,-0.0727793,0.138614,0.0382837,0.151165,0.0543951,0.155938,-0.0164145,0.198388,-0.0663903,0.255132,-0.0337381,0.256117,0.0272733,0.203944,0.0808603,0.159574,0.165963,0.0761128,0.260006,-0.098689,0.263137,-0.240258,0.168994,-0.217833,0.0949263,-0.0970223,0.0827796
-4.95629,0.593927,-5.30948,0.674585,-2.3972,0.343568,-0.111947,0.420767,0.663651,0.714965,1.77362,0.00409089,2.87701,-1.12826,2.55329,-1.33609,1.21114,-1.05517,-0.0620721,-1.23172,-0.837745,-1.6068,-1.06257,-1.63405,-0.938076,-1.40074,-0.7235,-1.18187,-0.580619,-1.04447,-0.629332,-0.987824,-0.797593,-0.974466,-0.867948,-0.870903,-0.78835,-0.578699,-0.713702,-0.144776,-0.722541,0.269804,-0.737112,0.520971,-0.66456,0.584609,-0.427812,0.52188,-0.0805573,0.460515,0.145003,0.53486,0.136998,0.738981,0.0645469,0.914287,0.115129,0.923757,0.237732,0.853175,0.299047,0.864993,0.321573,0.913782,0.384099,0.881863,0.497763,0.797366,0.627362,0.769714,0.711127,0.838427,0.734814,0.927065,0.751077,0.934338,0.766784,0.812215,0.774335,0.616604,0.803098,0.485389,0.777492,0.466601,0.584811,0.468141,0.297431,0.408873,0.102856,0.317229,0.0834614,0.251723,0.108487,0.247531,0.00401524,0.364781,-0.193843,0.590467,-0.336068,0.758829,-0.34771,0.76037,-0.231874,0.707793,-0.0889413,0.738072,-0.0470212,0.763956,-0.0532082,0.633978,0.0386877,0.427029,0.179878,0.373139,0.20157,0.56226,0.0788401,0.833124,-0.0923252,0.956511,-0.247455,0.927773,-0.358972,0.921459,-0.394655,0.984112,-0.37117,1.02904,-0.346674,1.01366,-0.3068,0.965046,-0.202353,0.909414,-0.0914161,0.821331,-0.0695975,0.706682,-0.114119,0.640595,-0.138538,0.655974,-0.11571,0.736329,-0.0774007,0.846508,-0.0700268,0.919995,-0.104623,0.919515,-0.143766,0.854993,-0.163362,0.76681,-0.166115,0.71196,-0.144473,0.697061,-0.0992951,0.6885,-0.0730319,0.662413,-0.118639,0.61764,-0.209196,0.603599,-0.233086,0.652489,-0.144473,0.675141,-0.0326522,0.580063,0.000606079,0.453899,-0.0403544,0.421752,-0.0602791,0.44756,0.0173489,0.459353,0.143766,0.464353,0.208212,0.461348,0.215333,0.429277,0.228414,0.386675,0.220283,0.373543,0.149751,0.382205,0.0720975,0.372559,0.0731329,0.364806,0.13321,0.379781,0.176443,0.342987,0.194272,0.230611,0.187201,0.157074,0.16119,0.172377,0.177302,0.213111,0.238995,0.262354,0.273415,0.289754,0.25743,0.205383,0.215383,0.0715672,0.160003,0.0462636,0.130508,0.0975274,0.181443,0.0895474,0.301395,0.0152781,0.419731,-0.0334351,0.454151,-0.0124245,0.37723,0.0255561,0.258061,0.0499506,0.17859,0.105406,0.166721,0.145028,0.202555,0.0521223,0.241066,-0.101669,0.243288,-0.142756,0.197605,-0.134195,0.142503,-0.243541,0.125179,-0.378594,0.134877,-0.344528,0.144624,-0.164372,0.170736,0.00588393,0.22599,0.108563
-1.40235,3.19138,0.335159,2.50856,0.481626,-0.00977308,-1.19432,-0.904969,-2.80254,-0.160786,-3.42502,-0.509607,-3.378,-1.79373,-2.64943,-1.92355,-1.41485,-0.891787,-0.343492,-0.00505063,0.155029,0.328441,0.18556,0.409302,0.169398,0.569558,0.301875,0.877519,0.411625,1.1054,0.333568,1.10083,0.100255,0.940929,-0.172984,0.769916,-0.422383,0.6461,-0.614458,0.546603,-0.726556,0.457889,-0.784335,0.37218,-0.887393,0.280461,-1.10414,0.148665,-1.33763,-0.0779562,-1.44256,-0.325108,-1.43763,-0.440363,-1.47329,-0.456374,-1.60521,-0.516274,-1.70269,-0.604104,-1.65754,-0.65562,-1.55662,-0.717743,-1.51193,-0.770976,-1.50695,-0.712818,-1.50816,-0.579937,-1.52094,-0.506476,-1.51511,-0.511021,-1.43955,-0.523521,-1.32233,-0.495642,-1.24995,-0.387029,-1.24417,-0.225712,-1.25568,-0.0905575,-1.19798,0.0435868,-1.00214,0.223641,-0.745319,0.389276,-0.577134,0.491298,-0.483394,0.583573,-0.330815,0.719309,-0.134043,0.848225,-0.00356065,0.902014,0.0846483,0.911282,0.190787,0.934793,0.29988,0.95646,0.414479,0.922924,0.520163,0.829892,0.546022,0.726884,0.463343,0.653044,0.307961,0.587614,0.165105,0.469,0.12422,0.299476,0.162655,0.146897,0.184221,0.0549759,0.137048,0.0465667,0.0427535,0.0820725,-0.0052779,0.0678297,0.0364907,-0.0114396,0.0449,-0.102704,-0.0690419,-0.171241,-0.194272,-0.230914,-0.260738,-0.279476,-0.340967,-0.246899,-0.400034,-0.161872,-0.311951,-0.142629,-0.11571,-0.157958,0.036819,-0.126947,0.115609,-0.0735622,0.175635,-0.00969718,0.186393,0.063865,0.13018,0.0955829,0.114346,0.086618,0.16114,0.0798502,0.156216,0.0555315,0.105583,0.00454556,0.105709,-0.0132326,0.137225,0.0270208,0.13374,0.0813149,0.102022,0.139877,0.103184,0.224677,0.176317,0.285486,0.252809,0.268162,0.235056,0.223767,0.159675,0.202782,0.111139,0.188135,0.0910373,0.184322,0.0793957,0.211747,0.0791179,0.233919,0.10629,0.207504,0.150407,0.165155,0.148791,0.14922,0.103866,0.138564,0.101745,0.120609,0.149246,0.119725,0.179701,0.112174,0.19263,0.0303289,0.236495,-0.118109,0.270435,-0.224778,0.17715,-0.215787,-0.0211368,-0.126518,-0.162099,-0.0380059,-0.197908,0.000429302,-0.197429,0.0218692,-0.188615,0.0672994,-0.196595,0.0648752,-0.256849,-0.0419706,-0.330563,-0.130281,-0.332431,-0.0764158,-0.25147,0.0494455,-0.205585,0.124043,-0.283542,0.139245,-0.410312,0.139372,-0.463596,0.135761,-0.416878,0.140054,-0.357432,0.169928,-0.339603,0.199221,-0.270738,0.203338,-0.0953304,0.210939,0.0817947,0.231722,0.154675,0.229247
-0.425868,6.58459,-0.374301,7.13409,0.378847,4.68275,0.0193438,2.65705,-1.42071,2.82716,-2.20207,4.13426,-2.36717,3.98049,-2.49162,1.63504,-2.30361,-0.615771,-1.91163,-1.08664,-1.68509,-0.588977,-1.66615,-0.184221,-1.74622,0.0882847,-1.78698,0.3019,-1.71019,0.32733,-1.58698,0.177883,-1.52041,-0.0497233,-1.53935,-0.298289,-1.57716,-0.521905,-1.48665,-0.690419,-1.24813,-0.744663,-0.991713,-0.608094,-0.752415,-0.349275,-0.551274,-0.0979819,-0.516299,0.129851,-0.64562,0.316497,-0.765294,0.385513,-0.833023,0.355134,-0.937369,0.36617,-0.999214,0.460717,-0.936586,0.509456,-0.921434,0.459025,-1.0256,0.409655,-1.06624,0.464404,-0.999315,0.617236,-0.948329,0.757239,-0.915399,0.835675,-0.865019,0.877292,-0.881888,0.832872,-1.01048,0.679409,-1.16525,0.522284,-1.29366,0.443949,-1.42698,0.441171,-1.56112,0.439479,-1.66541,0.321926,-1.71822,0.123664,-1.65185,-0.0205813,-1.42905,-0.122099,-1.14861,-0.226874,-0.948606,-0.292178,-0.85921,-0.292052,-0.816735,-0.261142,-0.754562,-0.280915,-0.626705,-0.381246,-0.430792,-0.46746,-0.249298,-0.503774,-0.136846,-0.581048,-0.010076,-0.716076,0.171999,-0.816937,0.318113,-0.844084,0.36925,-0.854842,0.339654,-0.86267,0.280486,-0.797795,0.233237,-0.653651,0.181974,-0.510642,0.111997,-0.406019,0.0535618,-0.303466,0.0509102,-0.213944,0.0763653,-0.222757,0.0582841,-0.319275,0.0168438,-0.376776,-0.0170711,-0.352306,-0.0803048,-0.311168,-0.149448,-0.271622,-0.157226,-0.183186,-0.101038,-0.0342432,-0.0190156,0.0755319,0.0365917,0.0657842,0.0285865,0.0580821,-0.0138892,0.17311,-0.026844,0.289072,-0.00474758,0.258895,-0.0171468,0.137427,-0.0947748,0.0634104,-0.182731,0.0851786,-0.239273,0.183211,-0.274324,0.332002,-0.291345,0.452232,-0.239096,0.450085,-0.100457,0.347987,0.0335361,0.275107,0.0927798,0.297431,0.108891,0.332053,0.153236,0.301092,0.232985,0.226874,0.282632,0.140735,0.28238,0.0605316,0.258465,-0.00386373,0.236116,-0.0604306,0.220611,-0.0702035,0.193009,0.0221722,0.160761,0.164221,0.133058,0.229348,0.12273,0.17417,0.213186,0.102022,0.409554,0.134877,0.527335,0.240333,0.498647,0.314527,0.480162,0.362659,0.49198,0.423494,0.403039,0.450818,0.264854,0.431045,0.251723,0.43953,0.349982,0.461525,0.39564,0.410135,0.3193,0.312532,0.169549,0.234146,0.0228035,0.179019,-0.0489404,0.159498,-0.0118437,0.19513,0.0934869,0.280637,0.17417,0.40468,0.177554,0.522006,0.14715,0.538547,0.169978,0.427939,0.254147,0.302658,0.290335,0.247303,0.227101,0.181519
1.45069,2.21086,0.054294,2.18484,-1.47571,1.67991,-2.14833,1.01575,-2.60771,0.637691,-3.11711,-0.0931081,-2.66635,-0.974162,-1.56554,-0.873352,-1.04757,-0.505011,-1.13886,-0.951359,-1.41261,-1.44003,-1.81438,-1.23821,-2.20313,-0.671151,-2.41331,-0.117452,-2.45851,0.256723,-2.32677,0.454783,-2.04714,0.621655,-1.77504,0.774537,-1.61284,0.866711,-1.58016,0.97694,-1.6217,1.10396,-1.65466,1.11447,-1.68726,0.966738,-1.71352,0.714611,-1.66943,0.476071,-1.5966,0.387584,-1.59312,0.428115,-1.64968,0.496046,-1.68764,0.585947,-1.64531,0.677363,-1.51614,0.679257,-1.38738,0.601427,-1.35435,0.552941,-1.39172,0.597538,-1.41521,0.699662,-1.4374,0.761128,-1.5117,0.75085,-1.60991,0.712061,-1.66953,0.655317,-1.61529,0.610417,-1.449,0.625771,-1.32718,0.683803,-1.33122,0.797063,-1.37793,1.03199,-1.36935,1.31536,-1.31109,1.44627,-1.35281,1.3492,-1.55577,1.13465,-1.75673,0.93795,-1.84552,0.786532,-1.87471,0.612185,-1.84512,0.427231,-1.67092,0.356119,-1.37177,0.410741,-1.07189,0.48448,-0.863276,0.550062,-0.788805,0.617337,-0.83176,0.66605,-0.91656,0.706379,-0.960652,0.74196,-0.933884,0.762794,-0.891029,0.765698,-0.884792,0.711935,-0.887014,0.622008,-0.841761,0.60721,-0.744082,0.665317,-0.641832,0.707717,-0.563421,0.762769,-0.496097,0.857342,-0.442737,0.898631,-0.426297,0.866079,-0.448974,0.855372,-0.493066,0.903605,-0.544128,0.980476,-0.586149,1.0706,-0.612059,1.15,-0.627842,1.18636,-0.627993,1.18164,-0.630216,1.15409,-0.666959,1.15697,-0.699308,1.23417,-0.682212,1.30515,-0.650014,1.27811,-0.632589,1.19652,-0.602665,1.16553,-0.546426,1.21369,-0.503774,1.26139,-0.494682,1.25235,-0.490793,1.20477,-0.463874,1.1098,-0.385993,0.959516,-0.278415,0.802088,-0.211343,0.685267,-0.194247,0.657312,-0.18806,0.735875,-0.150256,0.85118,-0.0538143,0.908782,0.0525264,0.861938,0.0958607,0.754183,0.057274,0.685394,-0.0211116,0.689788,-0.034925,0.709561,0.0543951,0.692919,0.138387,0.662868,0.178211,0.6486,0.280738,0.608069,0.444555,0.519733,0.511501,0.457914,0.414807,0.479228,0.312027,0.511779,0.383367,0.4341,0.552335,0.293744,0.598574,0.264652,0.484733,0.357786,0.359073,0.460263,0.352482,0.525668,0.476727,0.548876,0.634509,0.518597,0.732794,0.425843,0.761279,0.309249,0.760825,0.253288,0.759234,0.279299,0.724283,0.327709,0.648095,0.351472,0.598851,0.335992,0.582311,0.277557,0.50996,0.205813,0.351119,0.150281
4.00819,1.05411,3.79407,1.36455,2.50937,1.34452,-0.0236621,-0.425211,-3.71655,-2.76756,-5.50179,-4.10198,-3.65286,-4.17214,-0.636958,-3.18224,0.838175,-1.93532,1.01939,-1.47172,1.04341,-1.62769,1.00942,-1.70933,0.770421,-1.53761,0.400589,-1.27364,0.0569709,-1.04086,-0.0181317,-0.786052,0.150281,-0.475995,0.227379,-0.132957,0.149397,0.197656,0.113159,0.349679,0.103891,0.31329,0.0737895,0.319603,0.123286,0.41208,0.179499,0.476374,0.0856332,0.506501,-0.0555568,0.50294,-0.0960627,0.453444,-0.0664156,0.426423,0.0152276,0.461146,0.169398,0.463924,0.35026,0.373796,0.492536,0.303719,0.523092,0.32526,0.43756,0.340159,0.381826,0.281976,0.409883,0.191646,0.371801,0.110634,0.251369,0.0558598,0.199171,0.0759107,0.204525,0.239955,0.156241,0.485086,0.0405564,0.587134,-0.0703803,0.456247,-0.0415666,0.250586,0.133361,0.0913151,0.246419,-0.0335866,0.17667,-0.102502,-0.00305562,-0.0566931,-0.185459,0.0467434,-0.31031,0.0369452,-0.379781,-0.122402,-0.374882,-0.274476,-0.231343,-0.321042,-0.0125255,-0.283314,0.0873756,-0.174044,0.0315411,0.00138891,-0.0236369,0.210207,-0.0300007,0.38415,-0.0694207,0.434984,-0.140634,0.38223,-0.17758,0.345058,-0.196418,0.367432,-0.264879,0.420868,-0.34973,0.465263,-0.371422,0.470035,-0.326497,0.463596,-0.251975,0.43756,-0.222505,0.341421,-0.248566,0.234626,-0.221621,0.19657,-0.131543,0.214146,-0.0544709,0.254778,-0.00876282,0.279653,-0.0225005,0.288819,-0.0955829,0.337305,-0.156897,0.395791,-0.200434,0.402711,-0.263289,0.396499,-0.311017,0.396322,-0.316244,0.348417,-0.319148,0.277001,-0.340361,0.279981,-0.348593,0.340891,-0.30536,0.366119,-0.224601,0.374074,-0.22301,0.394706,-0.385564,0.357735,-0.569886,0.237253,-0.601856,0.0640923,-0.547032,-0.140079,-0.540896,-0.277405,-0.578624,-0.249096,-0.577134,-0.131669,-0.528193,-0.0467939,-0.494405,0.00239906,-0.48294,0.0294956,-0.477763,0.030935,-0.467535,0.0435111,-0.432939,0.0708601,-0.43458,0.094194,-0.503294,0.143766,-0.557335,0.204121,-0.576452,0.20258,-0.599205,0.167175,-0.631882,0.196191,-0.699409,0.276294,-0.750673,0.297986,-0.649863,0.237177,-0.448267,0.204575,-0.344048,0.270107,-0.364074,0.355412,-0.353114,0.3842,-0.230232,0.370766,-0.122553,0.33723,-0.168564,0.271546,-0.301118,0.142402,-0.353669,-0.00467183,-0.279147,-0.0302027,-0.174751,0.0875272,-0.130331,0.225737,-0.135735,0.318315,-0.118513,0.360134,-0.0202025,0.323669,0.134498,0.235131,0.251344,0.21508,0.273466,0.31882,0.256369,0.443217,0.295865,0.504279
0.0916686,-2.31624,-0.964036,-1.90348,-3.66811,-1.91461,-4.80192,-2.78521,-2.55273,-4.48952,0.601478,-5.80601,2.10035,-5.13362,2.00886,-3.18287,1.46943,-1.91481,1.21695,-1.50208,1.37844,-1.20879,1.63938,-0.825649,1.72158,-0.372205,1.59155,0.0278036,1.27174,0.335462,0.885726,0.689182,0.623271,1.01181,0.473722,1.0324,0.295133,0.829967,0.127781,0.768501,0.10528,0.87863,0.15066,0.91502,0.153261,0.862317,0.223894,0.853099,0.403367,0.873251,0.511021,0.866913,0.478571,0.840549,0.44357,0.78686,0.50347,0.675116,0.617589,0.481601,0.717313,0.21051,0.770522,-0.0467434,0.751683,-0.198388,0.646681,-0.27695,0.527158,-0.321169,0.52635,-0.346144,0.628524,-0.391019,0.662565,-0.417231,0.607059,-0.423671,0.613852,-0.546401,0.666378,-0.745673,0.6162,-0.778249,0.524809,-0.629761,0.496551,-0.51885,0.454808,-0.500844,0.387483,-0.437484,0.399302,-0.278137,0.475162,-0.0853554,0.481046,0.127099,0.385766,0.31728,0.309148,0.355765,0.348492,0.248465,0.48597,0.171191,0.635216,0.204348,0.713197,0.286824,0.657413,0.370942,0.444883,0.414453,0.224828,0.378544,0.224677,0.31435,0.397004,0.28839,0.520718,0.265991,0.575517,0.1721,0.626377,0.0254551,0.649837,-0.0480566,0.650469,-0.00244956,0.614331,0.0336371,0.485415,-0.0161115,0.332255,-0.0592942,0.265662,-0.053082,0.272405,-0.0703298,0.28834,-0.104043,0.295158,-0.0647489,0.30935,0.0322229,0.33781,0.0652792,0.35574,-0.0144448,0.34877,-0.11321,0.352407,-0.124321,0.387256,-0.0389402,0.429934,0.044799,0.474379,-0.00830826,0.506425,-0.174044,0.487233,-0.250561,0.443621,-0.148109,0.439429,-0.0179549,0.413948,-0.00835877,0.241899,-0.0497485,0.000858605,-0.0141417,-0.0848503,0.0775774,-0.00550517,0.146645,0.0281572,0.180004,-0.0686379,0.189398,-0.176519,0.137074,-0.198565,0.0109093,-0.15215,-0.0449757,-0.0598245,0.0887645,0.0562386,0.295006,0.103588,0.436373,0.0492687,0.536552,-0.0231571,0.6137,-0.0684611,0.626756,-0.0835371,0.596276,-0.067956,0.576452,-0.0529809,0.55231,-0.0502031,0.475667,-0.0386119,0.368417,0.0147478,0.288441,0.119018,0.254602,0.197201,0.243414,0.169095,0.203414,0.0804815,0.125836,0.0378544,0.0565669,0.0787643,0.0260359,0.173665,0.037324,0.250056,0.0720723,0.24147,0.103512,0.203565,0.105634,0.209651,0.0584609,0.177554,-0.0291673,0.0238894,-0.117831,-0.155407,-0.167226,-0.239551,-0.171822,-0.264551,-0.135432,-0.300411,-0.0713904,-0.332709,-0.0394958,-0.343012,-0.0722743,-0.31079,-0.140811,-0.196393,-0.200509,-0.0274248,-0.213439
2.67801,-3.16424,1.59665,0.764436,1.51655,2.98385,2.29808,0.765926,3.14247,-3.43606,3.298,-4.88011,2.1229,-2.39982,0.393266,0.61365,-0.0875777,1.54205,0.685091,1.11954,1.37314,0.659004,1.44955,0.546729,1.13798,0.766279,0.740521,0.996941,0.374225,0.962016,-0.0253541,0.815725,-0.346245,0.779562,-0.333341,0.811306,-0.104118,0.765648,-0.055279,0.624887,-0.215484,0.516451,-0.266874,0.548143,-0.171317,0.673676,-0.229778,0.733299,-0.526602,0.658726,-0.762845,0.569179,-0.71345,0.526577,-0.529835,0.429151,-0.460843,0.256899,-0.556249,0.0931838,-0.727086,-0.037122,-0.875069,-0.161165,-0.953985,-0.327431,-1.04419,-0.516173,-1.25248,-0.548648,-1.42622,-0.34526,-1.3045,-0.151089,-1.0207,-0.186645,-0.909085,-0.300613,-0.929995,-0.262076,-0.847468,-0.141846,-0.677186,-0.128361,-0.57125,-0.212858,-0.543976,-0.255485,-0.480894,-0.193918,-0.334376,-0.134321,-0.191797,-0.192151,-0.080128,-0.279829,0.0525769,-0.278289,0.159221,-0.263743,0.168589,-0.354099,0.1073,-0.503774,0.0606326,-0.569911,0.0996486,-0.537663,0.188363,-0.536678,0.204651,-0.621074,0.084118,-0.715142,-0.104219,-0.723223,-0.202908,-0.625796,-0.154246,-0.502385,-0.0953809,-0.385337,-0.136165,-0.202302,-0.165887,0.00684359,-0.0198489,0.0781583,0.237758,-0.00994971,0.352659,-0.145887,0.201823,-0.242278,-0.0414403,-0.242707,-0.141922,-0.172251,-0.0832089,-0.117806,-0.0103538,-0.0962647,-0.0268945,-0.0463646,-0.102982,0.0773754,-0.155584,0.190358,-0.159574,0.145735,-0.11273,-0.00313138,-0.00979819,-0.0459858,0.102704,0.0544961,0.177125,0.13475,0.237985,0.0895474,0.265006,-0.0305562,0.161418,-0.148438,-0.0154549,-0.24195,-0.086719,-0.282885,-0.0418696,-0.261571,0.0217429,-0.259172,0.0706581,-0.311724,0.0634357,-0.321017,-0.0161872,-0.230434,-0.0812644,-0.106214,-0.0724511,-0.00338393,-0.0211873,0.0781077,0.0383342,0.13422,0.0963657,0.159347,0.135306,0.174271,0.138917,0.184575,0.120962,0.160079,0.0716177,0.122755,-0.030834,0.152958,-0.0973758,0.263869,-0.0445464,0.360488,0.0223995,0.360387,-0.0236874,0.323239,-0.145155,0.368468,-0.227707,0.474834,-0.231722,0.489354,-0.219575,0.351851,-0.246091,0.185509,-0.292229,0.110356,-0.328214,0.102502,-0.363265,0.102957,-0.41213,0.103765,-0.417358,0.100457,-0.33031,0.101568,-0.255309,0.146215,-0.270183,0.200535,-0.245687,0.158059,-0.0891433,0.00616177,0.0547992,-0.143816,0.0604306,-0.188615,0.0277531,-0.116139,0.0601781,-0.0136114,0.11629,0.0112629,0.148791,-0.0353038,0.14369,-0.0770976,0.0775522,-0.133993,-0.0128286,-0.246243,-0.0584103,-0.3517
-0.588498,-2.29156,0.68403,-1.829,0.756885,-1.34662,1.35995,-1.1403,2.45306,-0.247379,2.60185,1.53536,1.6389,2.84597,0.723147,3.13173,0.669307,2.91037,1.21412,2.0834,1.66362,0.87762,1.77481,0.314426,1.74158,0.569836,1.72072,0.864892,1.7317,0.653676,1.63844,0.067855,1.33771,-0.393115,1.05424,-0.359806,1.0805,0.043006,1.37917,0.31281,1.6217,0.188539,1.53468,-0.0370463,1.23265,0.0112124,1.0853,0.289678,1.21308,0.500011,1.42677,0.491223,1.59168,0.359376,1.66466,0.271167,1.56142,0.241546,1.28174,0.166392,0.974213,0.0279804,0.761405,-0.103386,0.638322,-0.217176,0.506425,-0.345058,0.300006,-0.406297,0.127376,-0.25445,0.134346,0.0637893,0.274097,0.312987,0.35622,0.3642,0.239374,0.280713,-0.0397231,0.203312,-0.28637,0.263364,-0.334098,0.439353,-0.209701,0.547916,-0.0892443,0.474328,-0.0961132,0.270738,-0.18109,0.0514152,-0.219121,-0.118285,-0.203287,-0.260788,-0.258718,-0.39468,-0.421398,-0.472106,-0.564709,-0.459076,-0.58928,-0.371094,-0.538572,-0.231343,-0.526148,-0.0911888,-0.566982,-0.0302784,-0.562537,-0.0724763,-0.506425,-0.176696,-0.478975,-0.274703,-0.465288,-0.308138,-0.40867,-0.321219,-0.353972,-0.411347,-0.378695,-0.556224,-0.469202,-0.632387,-0.582765,-0.583674,-0.702919,-0.48246,-0.756809,-0.434934,-0.691278,-0.477712,-0.60274,-0.541805,-0.57178,-0.498016,-0.521855,-0.336522,-0.389276,-0.200838,-0.267001,-0.164296,-0.257051,-0.18556,-0.277607,-0.221166,-0.196772,-0.24152,-0.0805573,-0.276092,-0.0696732,-0.348013,-0.13076,-0.354907,-0.131417,-0.234071,-0.0267177,-0.0868706,0.109043,-0.037122,0.176443,-0.10773,0.178236,-0.204853,0.171064,-0.239626,0.161468,-0.246546,0.162024,-0.265006,0.183969,-0.239652,0.20402,-0.156392,0.233414,-0.0938404,0.269476,-0.092502,0.256723,-0.112679,0.22498,-0.0952293,0.254374,-0.022652,0.292254,0.0619458,0.254551,0.123033,0.21003,0.148412,0.277632,0.101618,0.420716,-0.00891434,0.454808,-0.100659,0.278642,-0.130432,0.0342684,-0.108083,-0.0386119,-0.0645721,0.0952293,-0.0774512,0.221267,-0.190282,0.203186,-0.332053,0.128159,-0.401448,0.0596478,-0.378644,-0.024344,-0.32983,-0.0752036,-0.304906,-0.0599255,-0.308567,-0.0613144,-0.329174,-0.0955071,-0.301648,-0.0341422,-0.190913,0.146266,-0.0877797,0.271723,-0.0750521,0.274476,-0.100154,0.284804,-0.0442939,0.343896,0.109295,0.364048,0.23296,0.317305,0.230535,0.242051,0.146695,0.171973,0.0699005,0.131164,0.028839,0.133109,0.000328287,0.153362,0.00421726,0.134119,0.0944717,0.06586,0.201065
-4.78323,1.8212,-2.85105,3.51543,-1.35417,3.90912,0.610821,2.95991,3.89953,2.24447,6.22857,2.14815,6.48241,1.36801,5.95336,-0.329275,5.27458,-1.35829,4.42689,-1.32094,3.62553,-1.11035,2.99416,-0.854513,2.54321,-0.436171,2.42748,-0.169145,2.78842,-0.298062,3.36634,-0.836836,3.63038,-1.59152,3.31323,-2.20154,2.64569,-2.37114,2.10999,-2.07022,2.03146,-1.5793,2.34179,-1.25808,2.66816,-1.24927,2.74587,-1.50569,2.66443,-1.89595,2.60667,-2.1902,2.59208,-2.21351,2.52228,-2.03494,2.26603,-1.84633,1.7915,-1.75193,1.27364,-1.75186,0.940677,-1.81706,0.86012,-1.9486,0.88757,-2.15098,0.775194,-2.33482,0.436272,-2.35717,0.0681328,-2.20631,-0.113967,-2.02232,-0.10682,-1.89676,0.0264905,-1.83277,0.260687,-1.90476,0.447939,-2.18207,0.382407,-2.55639,0.108108,-2.83019,-0.150786,-2.85463,-0.293693,-2.63059,-0.3592,-2.35149,-0.398342,-2.20591,-0.440717,-2.20974,-0.516754,-2.28038,-0.647009,-2.32285,-0.815321,-2.27651,-0.993633,-2.17363,-1.165,-2.07893,-1.31111,-1.97477,-1.3973,-1.80332,-1.36634,-1.59723,-1.18343,-1.46599,-0.958834,-1.44857,-0.890322,-1.49784,-0.983759,-1.57546,-1.05374,-1.59852,-0.972774,-1.44665,-0.750117,-1.14927,-0.498849,-0.882191,-0.326674,-0.798098,-0.222682,-0.944667,-0.13518,-1.22306,-0.0711884,-1.42841,-0.0555568,-1.43177,-0.0495465,-1.28331,0.0239652,-1.11631,0.160029,-1.02737,0.287658,-1.04709,0.384099,-1.10058,0.45208,-1.08477,0.478874,-1.04674,0.455616,-1.04959,0.381877,-1.00505,0.293542,-0.87959,0.266975,-0.788754,0.332431,-0.79133,0.427661,-0.845145,0.479682,-0.938909,0.442787,-1.07684,0.289021,-1.20934,0.0917697,-1.24576,-0.0111366,-1.13172,-0.000479813,-0.958884,0.0282077,-0.880676,0.0316673,-0.93497,0.0342684,-1.07452,0.0207833,-1.19513,-0.0555315,-1.18806,-0.15869,-1.10841,-0.174448,-1.0398,-0.0711631,-0.918959,0.0581831,-0.76835,0.126392,-0.746632,0.129649,-0.832922,0.113386,-0.841079,0.120558,-0.734182,0.174372,-0.648524,0.268667,-0.647362,0.352735,-0.621226,0.350033,-0.488697,0.245409,-0.374301,0.150508,-0.415817,0.143917,-0.516577,0.128361,-0.501652,0.0292178,-0.369175,-0.0935121,-0.233742,-0.190509,-0.171746,-0.22647,-0.172504,-0.156948,-0.165913,-0.00320713,-0.125432,0.146695,-0.101442,0.157024,-0.117679,-0.0280056,-0.102022,-0.249601,0.0173236,-0.345588,0.154246,-0.342204,0.179423,-0.291597,0.136846,-0.196242,0.132755,-0.110002,0.181241,-0.0848251,0.245106,-0.0930071,0.277935,-0.083916,0.24498
2.11797,-0.71547,2.36985,-3.1432,0.625973,-4.0637,-2.8693,-2.3602,-5.83295,-0.081921,-6.25968,0.247935,-3.42924,-0.881408,0.898833,-1.48304,3.34277,-1.2319,2.88837,-0.952723,1.39324,-0.867696,0.374907,-0.708298,-0.0526779,-0.388266,-0.068158,-0.0410362,0.366776,0.192782,1.235,0.221772,2.23838,-0.0166923,2.98797,-0.52337,3.3457,-1.20061,3.37202,-1.89108,3.12083,-2.46276,2.68824,-2.81296,2.25204,-2.85102,1.95701,-2.57862,1.82782,-2.15828,1.8191,-1.78991,1.88234,-1.5092,1.95782,-1.21614,1.98709,-0.889565,1.90858,-0.623827,1.69329,-0.441146,1.46387,-0.266521,1.39844,-0.172706,1.49579,-0.366119,1.57044,-0.822063,1.44781,-1.31803,1.12364,-1.76875,0.731329,-2.14669,0.380008,-2.31439,0.0794462,-2.17823,-0.170155,-1.80193,-0.264551,-1.30008,-0.108538,-0.793982,0.220737,-0.448495,0.587235,-0.367003,0.902747,-0.475793,1.08172,-0.571957,1.11124,-0.526956,1.09959,-0.433873,1.11924,-0.367382,1.12066,-0.203565,1.08235,0.0524759,1.03717,0.205838,0.935146,0.255283,0.73297,0.357937,0.511072,0.548673,0.362887,0.754107,0.31829,0.904009,0.369831,0.997168,0.465162,1.06874,0.53188,1.06805,0.576098,0.885979,0.638044,0.540643,0.646479,0.165938,0.520744,-0.173388,0.32632,-0.457586,0.154473,-0.63211,0.000429327,-0.678247,-0.145685,-0.632059,-0.19556,-0.539532,-0.0774007,-0.459606,0.112982,-0.448469,0.262001,-0.497814,0.390918,-0.561073,0.511147,-0.620392,0.552537,-0.639585,0.517663,-0.580669,0.501172,-0.508546,0.529456,-0.534936,0.532916,-0.669535,0.491627,-0.808477,0.46496,-0.874564,0.431626,-0.891459,0.331699,-0.873352,0.244222,-0.76292,0.248313,-0.543976,0.321244,-0.298491,0.46304,-0.126998,0.643802,-0.0648499,0.763527,-0.092906,0.787365,-0.203338,0.772087,-0.339553,0.726884,-0.372761,0.570795,-0.294299,0.351396,-0.232934,0.220838,-0.225333,0.111947,-0.211242,-0.098689,-0.199752,-0.25147,-0.21599,-0.191039,-0.200181,-0.072047,-0.123336,-0.0849513,-0.0384352,-0.194474,0.0471727,-0.264728,0.159322,-0.22854,0.218591,-0.0922495,0.122578,0.0899262,-0.0476525,0.210989,-0.131846,0.19263,-0.102149,0.0863655,-0.026339,0.0129043,0.0195964,0.00989921,0.0321472,0.00848502,0.102679,-0.0406827,0.233793,-0.0837644,0.337785,-0.0701783,0.435514,-0.0420464,0.569937,-0.0277279,0.637286,-0.00265157,0.53385,0.0291673,0.353063,0.0471475,0.228742,0.0398494,0.127124,-0.0191418,0.00477283,-0.136846,-0.0797745,-0.248793,-0.123614,-0.270662,-0.197302,-0.217505,-0.3019,-0.180054,-0.346699
5.43832,3.2858,5.0014,2.82685,2.08641,2.97057,-0.72297,3.81132,-1.45273,3.80794,-1.7358,2.37695,-3.21136,0.917722,-4.99496,0.0543952,-6.02581,-1.10136,-6.39049,-2.29475,-6.48196,-2.51846,-6.45941,-1.96807,-6.44612,-1.34758,-6.51398,-0.824311,-6.51862,-0.229475,-6.27178,0.569633,-5.7373,1.47132,-5.03286,2.26396,-4.3083,2.88183,-3.61217,3.35904,-2.91784,3.71263,-2.24699,3.91791,-1.65865,3.88907,-1.18952,3.62419,-0.848958,3.33782,-0.569937,3.18732,-0.269955,3.0911,0.0389655,2.99928,0.323265,3.00123,0.548471,3.15855,0.629433,3.43417,0.578346,3.68955,0.603422,3.74516,0.876054,3.54364,1.32127,3.1556,1.74817,2.65816,2.06785,2.16616,2.30316,1.76668,2.47937,1.3574,2.57498,0.821255,2.54849,0.243465,2.41301,-0.228717,2.22732,-0.593447,2.00646,-0.953026,1.75675,-1.33543,1.54233,-1.67587,1.42528,-1.93853,1.35147,-2.12853,1.22982,-2.17866,1.13093,-2.01499,1.13846,-1.77741,1.13798,-1.66478,0.996814,-1.63397,0.741253,-1.60938,0.473647,-1.68895,0.242909,-1.87633,0.0486374,-2.01699,-0.111922,-2.06184,-0.273794,-2.08505,-0.468646,-2.11512,-0.673146,-2.06295,-0.835094,-1.83426,-0.91699,-1.46895,-0.967496,-1.02969,-1.07848,-0.541426,-1.23523,-0.103588,-1.32079,0.210055,-1.28887,0.441222,-1.19154,0.604861,-1.04621,0.672489,-0.865473,0.660494,-0.694384,0.614029,-0.559987,0.580316,-0.490339,0.601276,-0.462182,0.66004,-0.420135,0.680747,-0.380539,0.668878,-0.342432,0.689283,-0.283415,0.695217,-0.248819,0.659686,-0.230586,0.683626,-0.143437,0.768097,0.0141922,0.812341,0.166999,0.824563,0.293693,0.811785,0.436449,0.659055,0.601755,0.372306,0.722642,0.14018,0.762264,0.0386372,0.777492,-0.0200509,0.783956,-0.0883605,0.724334,-0.139902,0.629685,-0.167175,0.594129,-0.214853,0.613195,-0.311446,0.601023,-0.449732,0.538244,-0.592185,0.492157,-0.656151,0.485061,-0.622513,0.45001,-0.552562,0.341321,-0.475187,0.209525,-0.44958,0.120432,-0.544305,0.0865675,-0.710041,0.120078,-0.879539,0.199146,-1.03512,0.230156,-1.13475,0.158943,-1.13659,-0.00393947,-1.04308,-0.198716,-0.904211,-0.327558,-0.792037,-0.389327,-0.717389,-0.466778,-0.646125,-0.542916,-0.566654,-0.518799,-0.464,-0.402736,-0.318239,-0.316674,-0.165786,-0.318845,-0.0912898,-0.346245,-0.114927,-0.337634,-0.136417,-0.300284,-0.0779815,-0.251293,0.00691935,-0.211166,0.0387382,-0.201419,0.0163892,-0.182933,0.00744965,-0.135634,0.0570972,-0.119245,0.133033,-0.119093,0.199802
-1.38773,-0.867392,-1.27273,-0.750496,-1.38614,-2.61483,-0.835675,-6.02846,1.42882,-8.11396,4.53235,-7.59173,5.45772,-5.91942,3.6694,-5.27484,2.05563,-6.04773,1.92901,-6.78573,2.08835,-6.65514,1.90449,-6.18748,1.65557,-5.92392,1.42041,-5.7977,1.04714,-5.44896,0.489506,-4.69109,-0.161519,-3.75988,-0.84123,-3.01582,-1.53589,-2.52968,-2.22911,-2.15126,-2.90105,-1.79049,-3.51871,-1.48392,-4.08941,-1.2872,-4.6772,-1.1624,-5.27521,-1.0577,-5.77997,-1.02578,-6.06748,-1.13497,-6.08493,-1.36046,-5.93316,-1.56465,-5.75548,-1.60991,-5.61681,-1.51693,-5.5309,-1.38442,-5.42289,-1.27697,-5.15862,-1.24967,-4.6822,-1.27399,-4.04317,-1.25099,-3.39159,-1.14722,-2.86769,-0.982572,-2.48185,-0.790648,-2.21159,-0.550593,-2.0106,-0.157503,-1.75191,0.387306,-1.39483,0.948808,-1.0804,1.44246,-0.950425,1.83842,-0.990451,2.12722,-1.0626,2.3627,-1.03828,2.59518,-0.918176,2.78206,-0.79676,2.88395,-0.758628,2.99484,-0.841912,3.18959,-1.00699,3.37131,-1.14957,3.44356,-1.20152,3.39959,-1.17346,3.22083,-1.10293,2.91638,-1.02454,2.5621,-0.942899,2.21596,-0.818326,1.93163,-0.671555,1.71938,-0.583624,1.482,-0.527284,1.20096,-0.404706,0.971965,-0.171443,0.809108,0.174473,0.674535,0.566224,0.573624,0.890398,0.509809,1.09073,0.469126,1.2079,0.428242,1.39324,0.363644,1.73718,0.259879,2.06795,0.113614,2.17795,-0.0191923,2.11005,-0.0757845,2.04363,-0.0592942,2.05004,0.0302532,2.04585,0.147225,1.95274,0.159852,1.81138,0.0371978,1.69481,-0.100229,1.61905,-0.162554,1.54415,-0.175458,1.41054,-0.180913,1.21591,-0.181999,1.01048,-0.225661,0.836256,-0.380791,0.725041,-0.608473,0.675621,-0.796987,0.625796,-0.892166,0.516829,-0.901535,0.375993,-0.86762,0.275612,-0.877544,0.241672,-0.981057,0.249021,-1.10939,0.250081,-1.20301,0.210484,-1.33399,0.165307,-1.52026,0.1921,-1.62746,0.303365,-1.61147,0.425792,-1.58796,0.490718,-1.6067,0.474758,-1.56844,0.378847,-1.41001,0.244526,-1.23738,0.14167,-1.17338,0.112982,-1.17058,0.16412,-1.11172,0.268188,-0.995729,0.357533,-0.909035,0.352482,-0.88108,0.259122,-0.834159,0.175458,-0.702035,0.105204,-0.539128,-0.0522486,-0.424201,-0.27387,-0.355588,-0.395084,-0.287001,-0.362407,-0.18561,-0.324704,-0.065456,-0.407585,0.00545466,-0.561628,-0.0258086,-0.683171,-0.10081,-0.737314,-0.129902,-0.760016,-0.147983,-0.785471,-0.224449,-0.787492,-0.300486,-0.756809,-0.295915,-0.736102,-0.256546
0.358493,-5.12248,0.468192,-2.57925,-0.897166,1.49357,-1.46193,4.60831,-0.0043183,5.21413,1.71746,3.56523,2.04701,1.40897,1.47895,0.29382,1.03795,0.482308,0.842266,1.11934,0.645974,1.41543,0.462965,1.51092,0.305916,1.75989,0.0359351,2.04068,-0.507915,2.16593,-1.34478,2.1384,-2.2578,1.92944,-2.99006,1.4623,-3.38543,0.768148,-3.40141,-0.0131063,-3.15631,-0.702212,-2.78377,-1.14677,-2.30944,-1.34111,-1.7887,-1.40528,-1.37756,-1.39841,-1.18677,-1.25177,-1.18869,-0.958758,-1.29652,-0.71345,-1.40392,-0.675444,-1.38773,-0.771178,-1.24005,-0.828149,-1.06265,-0.730092,-0.828957,-0.533168,-0.452712,-0.40319,-0.0352785,-0.282809,0.275056,0.078436,0.42708,0.688752,0.397029,1.27157,0.229399,1.617,-0.0413393,1.72226,-0.490617,1.63534,-1.05318,1.36397,-1.47092,0.936106,-1.61892,0.42463,-1.54382,-0.0360109,-1.2971,-0.320537,-0.975779,-0.447459,-0.721,-0.473647,-0.553977,-0.432232,-0.406473,-0.433292,-0.274728,-0.509001,-0.186974,-0.535315,-0.129826,-0.485364,-0.108159,-0.457156,-0.164044,-0.490642,-0.226747,-0.569432,-0.121088,-0.654686,0.148589,-0.660216,0.387332,-0.534532,0.515541,-0.320057,0.613523,-0.0716177,0.694813,0.209828,0.639837,0.521678,0.39016,0.795396,0.0738905,0.93199,-0.165004,0.863099,-0.309451,0.590013,-0.400615,0.202984,-0.486197,-0.124775,-0.547764,-0.258793,-0.496223,-0.271799,-0.363897,-0.353669,-0.285966,-0.547133,-0.297961,-0.720697,-0.347255,-0.781557,-0.379301,-0.746885,-0.354073,-0.684914,-0.278264,-0.6935,-0.216545,-0.774082,-0.198691,-0.819942,-0.14023,-0.830371,0.0132579,-0.867797,0.169852,-0.879716,0.249298,-0.813629,0.287961,-0.7035,0.322507,-0.551249,0.313062,-0.372382,0.225535,-0.228161,0.0994718,-0.0755319,-0.0164145,0.118386,-0.132528,0.218995,-0.267228,0.157049,-0.371801,0.0413898,-0.381448,-0.0479303,-0.2944,-0.104598,-0.156418,-0.119018,-0.0333846,-0.0960122,0.0277279,-0.0525769,0.0651529,-0.00207074,0.144321,0.0296219,0.232808,0.0259602,0.238162,0.0151266,0.176266,0.0172984,0.158438,-0.0253793,0.185206,-0.131695,0.19162,-0.198817,0.217101,-0.153867,0.298946,-0.0621983,0.401953,-0.0446474,0.500617,-0.0948,0.565467,-0.076441,0.54135,0.0737895,0.392155,0.283491,0.158867,0.439302,-0.0109346,0.479581,-0.0214651,0.459858,0.0354553,0.481273,0.0755572,0.498874,0.126038,0.378316,0.156544,0.160509,0.0903302,-0.00126266,-0.0194449,-0.065759,-0.047602,-0.0542941,-0.00267682,0.0281824,0.0249753,0.131695,0.0232581,0.159599,0.0156316,0.061466,0.0280562,-0.0959112
-0.917621,0.41165,-2.15457,1.05598,-1.79176,0.735041,0.768703,0.30031,2.34326,1.09687,-0.144725,2.19535,-3.05272,2.01186,-2.91069,0.667616,-1.7214,-0.408367,-1.00628,-0.539507,-0.291168,-0.148286,0.212252,0.27445,0.189524,0.512966,-0.162579,0.529178,-0.60471,0.249829,-0.942116,-0.408948,-0.978582,-1.20702,-0.664156,-1.71615,-0.186317,-1.75787,0.215232,-1.41834,0.390438,-0.85714,0.252455,-0.296294,-0.154246,-0.0202025,-0.603851,-0.153766,-0.851407,-0.45203,-0.817467,-0.590619,-0.647716,-0.595366,-0.564053,-0.678702,-0.626806,-0.873883,-0.722541,-1.02192,-0.744966,-0.973556,-0.676075,-0.772618,-0.478748,-0.550466,-0.107679,-0.307759,0.278062,0.0301774,0.35473,0.462131,-0.00573244,0.82873,-0.559507,0.886055,-0.92257,0.606655,-0.847139,0.293643,-0.359604,0.220863,0.192832,0.362104,0.435211,0.603271,0.353114,0.874312,0.151645,1.05459,-0.0531072,1.06424,-0.197631,0.916358,-0.233136,0.675949,-0.190888,0.505693,-0.142629,0.487107,-0.137023,0.499304,-0.147907,0.477081,-0.109093,0.453217,-0.0378796,0.407711,-0.0196469,0.373089,-0.0490415,0.446348,-0.0106315,0.615518,0.0965172,0.797467,0.0904818,0.950046,-0.10475,0.999087,-0.358164,0.788477,-0.517158,0.333694,-0.465212,-0.0559608,-0.212681,-0.185029,0.0485364,-0.135432,0.186898,0.0272481,0.218641,0.26546,0.153236,0.457358,0.0129043,0.519127,-0.132781,0.448394,-0.228793,0.246925,-0.231419,-0.0389655,-0.150912,-0.267556,-0.0651024,-0.323189,-0.0237884,-0.259728,-0.0416928,-0.227126,-0.114775,-0.275966,-0.18109,-0.34031,-0.186292,-0.368947,-0.165483,-0.361649,-0.18359,-0.326244,-0.282557,-0.276067,-0.467838,-0.239096,-0.638196,-0.252177,-0.647994,-0.346472,-0.467687,-0.479379,-0.16662,-0.52736,0.130205,-0.461298,0.251975,-0.37521,0.156291,-0.289173,-0.00136365,-0.17907,-0.0834867,-0.0977547,-0.103512,-0.0729056,-0.106139,-0.0583346,-0.0643953,-0.0390665,0.0232833,-0.0872999,0.0791179,-0.218919,0.0571982,-0.272885,-0.00530313,-0.172403,-0.0437636,-0.0887393,-0.0400009,-0.113614,-0.0231823,-0.119523,0.00073234,-0.0393695,0.0336371,0.0307078,0.0356321,0.0192681,-0.0187378,-0.0185357,-0.098588,-0.020657,-0.147427,-0.03942,-0.132225,-0.133008,-0.0961384,-0.230535,-0.0874514,-0.226141,-0.0706581,-0.101593,-0.0375008,0.0563396,-0.0416928,0.115937,-0.0696985,0.0577285,-0.0672237,-0.0156569,-0.028738,-0.0676025,0.00141418,-0.151821,-0.0249753,-0.242682,-0.0866686,-0.236015,-0.115407,-0.130129,-0.0890676,-0.0216419,-0.0371473,0.01048,0.0157832,-0.0689661,0.0457333,-0.185837,0.0226015,-0.194853,-0.0364907,-0.0956586,-0.0991688,-0.0272733
-3.55672,-0.476222,-4.41873,-1.59342,-4.53747,-0.15619,-3.55705,2.50359,-2.14505,3.98466,-1.11614,4.13618,-0.570391,3.59111,-0.365437,2.41884,-0.381018,1.02065,-0.336396,0.235561,-0.047299,0.320133,0.246369,0.70398,0.266925,0.852645,0.084118,0.664333,0.0182832,0.174044,0.345184,-0.486298,0.948455,-0.994062,1.3574,-1.05131,1.28038,-0.767542,0.897292,-0.589533,0.563876,-0.741607,0.484707,-1.00257,0.662918,-1.04149,0.95646,-0.791305,1.18753,-0.521829,1.25301,-0.535517,1.18717,-0.786431,1.13005,-0.951031,1.14737,-0.892065,1.15505,-0.801482,1.08853,-0.810598,1.00363,-0.776456,1.00285,-0.53885,1.09717,-0.154018,1.12384,0.158766,0.976233,0.239955,0.828376,0.131872,0.880221,-0.022753,1.06022,-0.13374,1.09437,-0.153185,0.777542,-0.0550769,0.253945,0.0810876,-0.0459101,0.0910373,0.0809866,-0.08432,0.361624,-0.267556,0.455565,-0.234929,0.356397,-0.0217682,0.247682,0.143993,0.182504,0.144599,0.111492,0.0627286,0.0853301,0.00787895,0.142049,-0.0296724,0.161317,-0.0960627,0.0819715,-0.164145,-0.00646478,-0.161241,-0.0596983,-0.0607589,-0.0720723,0.0487637,-0.00830826,0.0381069,0.0752541,-0.06735,0.0996234,-0.0658853,0.138538,0.159524,0.246672,0.474732,0.294779,0.657767,0.187731,0.609407,0.0252278,0.387534,-0.0544456,0.152907,-0.0114144,0.067552,0.0960122,0.179524,0.151367,0.421019,0.104952,0.641378,0.041415,0.672237,0.0425767,0.505112,0.0607841,0.284072,0.0378039,0.0960627,0.0527789,-0.0635872,0.155635,-0.219474,0.238212,-0.344326,0.232505,-0.32382,0.185762,-0.133614,0.146493,0.0394201,0.149018,0.0178034,0.193287,-0.136543,0.210611,-0.221166,0.153892,-0.146417,0.0627539,-0.0197227,-0.0114144,0.00888909,-0.0320966,-0.0686378,0.0560618,-0.171544,0.227581,-0.287809,0.3343,-0.413519,0.297936,-0.471626,0.20152,-0.466172,0.154296,-0.487005,0.190989,-0.487359,0.241419,-0.378266,0.225333,-0.24748,0.201671,-0.221747,0.222252,-0.27738,0.20801,-0.33132,0.157478,-0.3792,0.16715,-0.427636,0.246217,-0.456146,0.349351,-0.503066,0.435691,-0.562613,0.439908,-0.506854,0.347735,-0.341901,0.243389,-0.261773,0.192908,-0.341851,0.141291,-0.488571,0.0309603,-0.597816,-0.0601528,-0.564911,-0.0643448,-0.356043,-0.0441929,-0.131518,-0.0674005,-0.071946,-0.0989668,-0.142326,-0.0497233,-0.204727,0.0614912,-0.17816,0.0955829,-0.0362129,0.0102528,0.147301,-0.0839664,0.242808,-0.110002,0.225788,-0.0886383,0.165382,-0.0425262,0.105735,0.0154044,0.0503294,0.0399756,0.0189146,0.0436878,0.0362382,0.101139,0.0772491,0.160685,0.0988658
-2.10015,2.13343,-0.340462,2.38897,-0.257607,1.32768,-1.34314,1.85454,-1.56165,2.495,-1.04384,-0.000151575,-0.669459,-2.69844,-0.838453,-2.03739,-1.22662,-0.21056,-1.31884,0.366069,-1.20288,0.280259,-1.18247,0.212858,-1.33821,0.128462,-1.48167,-0.0231318,-1.31412,-0.220055,-0.754132,-0.323517,-0.129725,-0.241924,0.142427,-0.164069,0.131543,-0.326472,0.231116,-0.589861,0.50741,-0.618902,0.726733,-0.432509,0.789108,-0.384251,0.735496,-0.63817,0.554684,-0.925424,0.242328,-0.934944,-0.049092,-0.759814,-0.145432,-0.676706,-0.100002,-0.730824,-0.106871,-0.800295,-0.232682,-0.816987,-0.375033,-0.736279,-0.413165,-0.467535,-0.340588,-0.0391423,-0.277253,0.251697,-0.28238,0.16864,-0.219323,-0.0493445,-0.0231066,-0.0330058,0.0971991,0.162857,0.0352028,0.239374,0.0238136,0.082426,0.208565,-0.15763,0.376271,-0.256874,0.328214,-0.18162,0.235813,-0.0791684,0.364402,-0.014268,0.639282,0.0454808,0.774587,0.047097,0.671429,-0.0599508,0.460566,-0.160079,0.269501,-0.120078,0.138286,-0.0109851,0.115002,0.0121972,0.220737,-0.0470717,0.325361,-0.100255,0.274501,-0.10129,0.0996991,-0.0406827,-0.0222227,0.0494708,0.0420211,0.141998,0.208262,0.228035,0.241571,0.268566,0.0976789,0.193439,-0.043309,0.0251268,-0.114523,-0.0429555,-0.204323,0.0734612,-0.311042,0.190332,-0.332154,0.183363,-0.23695,0.155054,-0.127781,0.202176,-0.143816,0.290385,-0.263061,0.32276,-0.303921,0.209701,-0.204903,-0.0126013,-0.0844968,-0.200939,-0.01447,-0.308163,0.0345715,-0.374958,0.0834361,-0.394276,0.125432,-0.375766,0.120306,-0.382054,0.0333088,-0.407761,-0.0501778,-0.391322,-0.0253541,-0.324527,0.0532587,-0.270965,0.105684,-0.287759,0.147453,-0.3293,0.147579,-0.321497,0.0692439,-0.263895,0.0152023,-0.2046,0.0430817,-0.234727,0.0442686,-0.384579,-0.0484606,-0.508294,-0.176797,-0.471424,-0.263869,-0.353189,-0.26243,-0.298719,-0.194171,-0.297885,-0.151417,-0.267203,-0.200989,-0.2295,-0.309098,-0.239096,-0.375362,-0.274046,-0.366877,-0.299123,-0.313896,-0.283946,-0.214399,-0.225964,-0.127023,-0.197125,-0.128538,-0.243465,-0.150938,-0.305739,-0.155155,-0.305941,-0.211722,-0.237707,-0.290612,-0.129068,-0.311497,-0.0179802,-0.296673,0.022652,-0.279804,-0.0108336,-0.253288,-0.000505071,-0.23104,0.128058,-0.220712,0.312481,-0.194726,0.477182,-0.169398,0.617968,-0.205282,0.725344,-0.288466,0.766708,-0.328871,0.754057,-0.270284,0.731708,-0.145963,0.709056,-0.0356826,0.640746,0.0282582,0.513471,0.0834109,0.425792,0.157882,0.453596,0.215939,0.495263,0.214626,0.434706,0.168918,0.334931
-3.02648,2.26313,-5.7472,0.430691,-7.03684,-1.4892,-5.46696,-2.96595,-2.3528,-2.91236,-0.0534859,-1.79373,0.357811,-1.45693,-0.520516,-1.99648,-1.41629,-2.35477,-1.51531,-2.51558,-1.06076,-2.83814,-0.629382,-3.11451,-0.438015,-3.3049,-0.394882,-3.58571,-0.286042,-3.69617,-0.0759865,-3.31626,0.0785118,-2.782,0.154902,-2.63935,0.270107,-2.74933,0.379629,-2.65314,0.29387,-2.44659,0.0505061,-2.46339,-0.124043,-2.53793,-0.191368,-2.29848,-0.196772,-1.81991,-0.055784,-1.4315,0.247581,-1.23788,0.547487,-1.2175,0.666126,-1.35331,0.56875,-1.51018,0.382281,-1.49117,0.277935,-1.19538,0.309476,-0.709813,0.39665,-0.273642,0.498824,-0.0831079,0.661959,-0.146089,0.794007,-0.277733,0.703298,-0.286547,0.442156,-0.189777,0.24599,-0.0559103,0.169701,0.182428,0.110659,0.478874,0.0688146,0.624003,0.098992,0.618675,0.175812,0.629963,0.282001,0.622008,0.404706,0.464985,0.457586,0.257405,0.394301,0.208616,0.276269,0.351245,0.207025,0.544835,0.254475,0.654307,0.367558,0.687389,0.431853,0.726278,0.386902,0.737289,0.254046,0.627034,0.13119,0.453091,0.0826281,0.382407,0.047198,0.446702,-0.0263642,0.521501,-0.0440414,0.583321,0.0895474,0.712793,0.267809,0.8382,0.329906,0.818907,0.313921,0.706101,0.343846,0.650368,0.405489,0.667868,0.42107,0.652009,0.385539,0.566729,0.303163,0.488622,0.179827,0.432358,0.10528,0.342684,0.111947,0.219424,0.0830826,0.061567,0.0126265,-0.115836,0.049092,-0.210156,0.190029,-0.17359,0.258566,-0.0916181,0.173792,-0.0766683,0.0604559,-0.168413,0.0284855,-0.304274,-0.00767695,-0.367988,-0.129422,-0.313416,-0.254374,-0.230434,-0.288769,-0.191115,-0.22854,-0.158539,-0.139978,-0.141139,-0.126669,-0.17614,-0.191494,-0.213995,-0.222959,-0.222454,-0.206469,-0.203161,-0.255965,-0.112856,-0.38617,0.0512132,-0.462056,0.19359,-0.425994,0.231545,-0.351952,0.195661,-0.275966,0.140786,-0.186039,0.0649509,-0.130356,0.00244955,-0.174701,-0.00601024,-0.291345,-0.0325259,-0.395615,-0.18008,-0.435944,-0.422989,-0.408746,-0.59668,-0.354124,-0.589937,-0.299779,-0.48597,-0.232985,-0.395867,-0.162276,-0.32478,-0.0810876,-0.252733,0.0317179,-0.169877,0.117629,-0.090406,0.121341,-0.0671732,0.0851534,-0.107755,0.0572487,-0.123816,0.0198237,-0.0217934,-0.0565416,0.15864,-0.127604,0.277304,-0.107957,0.304956,-0.00472232,0.326068,0.0755067,0.357735,0.0527537,0.375488,-0.0294451,0.397812,-0.0492182,0.424908,0.000555584,0.428317,0.0107578,0.418342,-0.041314,0.435565,-0.104548,0.499556,-0.165231,0.574053
0.484531,4.35706,3.61978,3.98637,2.76741,2.92021,-0.0706832,1.12851,-0.913757,-1.12634,0.315966,-1.40887,0.797164,0.552815,-0.0344199,2.20149,-0.377609,2.35692,0.271925,1.7434,1.01325,1.20806,1.34392,0.981132,1.30356,0.818982,1.08682,0.596983,0.8656,0.533749,0.614331,0.77686,0.30637,1.12674,0.123008,1.37637,0.0759612,1.49829,-0.00219702,1.46773,0.0407585,1.34298,0.37021,1.27182,0.777163,1.18114,1.07429,0.851938,1.25038,0.325588,1.30717,-0.166039,1.26498,-0.529027,1.16975,-0.7908,1.07328,-0.93401,0.956132,-0.897166,0.756936,-0.662186,0.551552,-0.219121,0.469429,0.417054,0.476121,1.02116,0.54087,1.30902,0.747011,1.3422,0.994567,1.35657,1.08863,1.34968,1.08528,1.237,1.10661,1.02932,1.14066,0.73941,1.18402,0.423949,1.19705,0.172756,1.07331,0.0159852,0.859665,-0.0571477,0.688424,-0.0553295,0.59019,0.0167933,0.566906,0.131745,0.585695,0.257076,0.558623,0.370665,0.508824,0.440313,0.556527,0.449075,0.713399,0.428216,0.85714,0.393721,0.877822,0.275663,0.803729,0.0597488,0.747743,-0.144473,0.722339,-0.302658,0.665696,-0.448646,0.597917,-0.551855,0.529481,-0.599154,0.386372,-0.605745,0.167983,-0.581502,-0.0327027,-0.57375,-0.138134,-0.548269,-0.125988,-0.401776,-0.0664156,-0.189145,-0.0540416,-0.0867191,-0.0821987,-0.138261,-0.0728551,-0.212934,-0.0156316,-0.261092,0.00502536,-0.380185,-0.0426272,-0.545971,-0.12619,-0.630923,-0.253339,-0.658423,-0.399251,-0.718728,-0.460995,-0.767062,-0.393897,-0.743678,-0.300714,-0.723829,-0.275688,-0.768805,-0.282203,-0.800169,-0.289855,-0.738955,-0.281875,-0.661504,-0.18306,-0.683348,-0.0116164,-0.784133,0.112199,-0.884918,0.163741,-0.903706,0.210459,-0.764057,0.248768,-0.5663,0.215055,-0.502208,0.140685,-0.520592,0.138942,-0.462358,0.214702,-0.372912,0.235409,-0.326952,0.123589,-0.29089,-0.0376271,-0.24344,-0.108613,-0.162983,-0.0374756,-0.0632589,0.111947,-0.0344957,0.237051,-0.0858352,0.297607,-0.110305,0.314931,-0.0550769,0.249223,0.00489911,0.080532,0.00411625,-0.0398999,-0.0273743,-0.00871231,-0.082628,0.0717945,-0.182605,0.127402,-0.253213,0.18859,-0.235384,0.22854,-0.195206,0.219121,-0.165887,0.209979,-0.0970476,0.216722,-0.022652,0.209777,-0.0405564,0.178489,-0.114927,0.138109,-0.136013,0.111088,-0.110053,0.0752036,-0.0704813,0.00391424,0.00376272,-0.0870473,0.0898252,-0.185762,0.164397,-0.25099,0.230687,-0.258288,0.275865,-0.292355,0.332659,-0.360538,0.403014,-0.342684,0.415565,-0.236293,0.38963,-0.135028,0.390892
2.24118,1.66696,-0.224172,3.47106,-1.38091,3.25868,-0.343265,1.78213,0.611251,1.83095,-0.0850523,2.57993,-0.712263,1.85191,0.526981,0.108058,2.27917,-1.38498,2.68433,-2.42935,2.17522,-3.21868,1.84703,-3.82667,1.81825,-4.30176,1.84224,-4.66093,1.7886,-4.87278,1.50167,-5.00326,0.967243,-5.15723,0.429176,-5.24039,0.154145,-5.1791,0.143008,-5.11175,0.164903,-5.05733,0.10326,-4.9447,-0.084623,-4.82442,-0.499632,-4.68687,-1.04189,-4.48563,-1.50142,-4.27658,-1.85102,-4.09534,-2.13245,-3.90412,-2.32631,-3.66223,-2.42712,-3.38987,-2.52947,-3.12653,-2.71157,-2.79175,-2.88946,-2.30215,-2.95671,-1.7712,-2.89127,-1.33723,-2.73056,-0.990425,-2.55104,-0.708652,-2.40414,-0.529355,-2.30346,-0.433949,-2.18426,-0.320057,-1.9979,-0.131644,-1.86496,0.0927798,-1.84709,0.293643,-1.85049,0.413267,-1.80481,0.448646,-1.6864,0.510819,-1.55769,0.666908,-1.4695,0.826735,-1.33561,0.914388,-1.15061,0.964238,-1.00679,0.971031,-0.910651,0.861332,-0.86065,0.681303,-0.883075,0.57875,-0.929313,0.55832,-0.897999,0.501273,-0.746683,0.427383,-0.501602,0.450742,-0.246015,0.495061,-0.107856,0.395741,-0.0425767,0.219752,0.131215,0.166014,0.376296,0.279627,0.549532,0.425716,0.662009,0.434328,0.779638,0.273996,0.951435,0.0949768,1.12682,0.026844,1.15636,0.0339149,1.06939,0.0333593,1.00899,0.0221974,0.994618,0.0281319,1.03462,-0.00944464,1.11919,-0.167781,1.14015,-0.363871,1.08257,-0.463091,1.05454,-0.471147,1.07773,-0.477637,1.06278,-0.52337,0.946839,-0.554128,0.751557,-0.514127,0.565492,-0.44958,0.464758,-0.425969,0.443974,-0.430817,0.46549,-0.407231,0.485516,-0.352659,0.453343,-0.315512,0.379705,-0.292784,0.326169,-0.27695,0.330916,-0.311143,0.356523,-0.361195,0.31786,-0.318012,0.232278,-0.16417,0.200358,0.0361119,0.229879,0.244248,0.290208,0.418544,0.402357,0.491122,0.515769,0.444378,0.496097,0.312759,0.344957,0.14465,0.238566,0.0404807,0.259677,0.0804563,0.298668,0.192151,0.274324,0.267001,0.239374,0.314578,0.219399,0.366018,0.154726,0.379427,0.0484859,0.318466,-0.0192933,0.233364,-0.00891434,0.225737,0.0529809,0.328113,0.106467,0.468798,0.0929566,0.564684,-0.0146215,0.59178,-0.195231,0.546881,-0.372407,0.409479,-0.446045,0.238061,-0.388316,0.162402,-0.316775,0.198464,-0.358998,0.247935,-0.482005,0.249778,-0.570694,0.210156,-0.545466,0.178994,-0.422888,0.198085,-0.322406,0.189373,-0.316168,0.0529304,-0.378215,-0.130205,-0.457535,-0.237707
0.929616,2.06348,0.8108,-0.237051,1.08053,0.469126,0.652135,3.42278,-0.678045,4.80614,-1.62746,3.20969,-1.37293,0.533168,-0.485389,-1.07336,0.134877,-0.841786,0.201469,0.371043,-0.039117,1.09924,-0.360816,0.923126,-0.689535,0.486374,-0.907065,0.165029,-0.992294,-0.231924,-1.03611,-0.787896,-1.09338,-1.34846,-1.26735,-1.81092,-1.59776,-2.08888,-1.86656,-2.14543,-1.88249,-2.23096,-1.73787,-2.47369,-1.50725,-2.57804,-1.10331,-2.45745,-0.605644,-2.36351,-0.213641,-2.31111,0.0734107,-2.11838,0.329704,-1.80676,0.549482,-1.53566,0.740344,-1.34763,0.894615,-1.15076,0.970526,-0.816205,0.963607,-0.296193,0.887873,0.277759,0.776911,0.719612,0.645216,0.981738,0.455338,1.13164,0.267102,1.2351,0.187681,1.29414,0.136417,1.30313,0.00469707,1.29238,-0.145155,1.23308,-0.304956,1.10384,-0.545315,1.01697,-0.744915,1.02628,-0.696606,1.00351,-0.407635,0.889565,-0.0870726,0.781355,0.0677035,0.674914,0.0504809,0.480339,0.0290158,0.241318,0.0778552,0.0791936,0.0943707,0.0768451,0.0799007,0.20503,0.191317,0.309956,0.4441,0.314704,0.638701,0.29041,0.625796,0.305613,0.480339,0.383872,0.381347,0.541779,0.374301,0.74686,0.317406,0.891029,0.14667,0.914515,-0.0272986,0.849867,-0.169524,0.704914,-0.316648,0.512764,-0.431499,0.396625,-0.486122,0.414302,-0.519885,0.471551,-0.602841,0.440691,-0.775673,0.326219,-0.957016,0.232606,-1.00813,0.17114,-0.933353,0.0778552,-0.853705,-0.041415,-0.783173,-0.148943,-0.662641,-0.250814,-0.560012,-0.331219,-0.566224,-0.333669,-0.60269,-0.300562,-0.571502,-0.33026,-0.504001,-0.37617,-0.400968,-0.358568,-0.227303,-0.332229,-0.0748249,-0.369882,-0.0314906,-0.459,-0.0555567,-0.537082,-0.0920222,-0.559356,-0.133892,-0.515365,-0.166569,-0.421651,-0.150483,-0.318517,-0.0937141,-0.171014,-0.0552285,0.0639408,-0.0527032,0.242859,-0.0586124,0.22056,-0.077931,0.088209,-0.136114,-0.0240914,-0.19056,-0.113866,-0.200333,-0.167377,-0.211595,-0.152301,-0.224424,-0.120154,-0.176569,-0.0970223,-0.100255,-0.0400009,-0.0749511,0.0429302,-0.0909868,0.0870473,-0.0991688,0.0356321,-0.100381,-0.0795219,-0.103891,-0.13619,-0.0638398,-0.10677,0.0539406,-0.0979567,0.173514,-0.135685,0.179196,-0.10177,0.0851534,0.034925,-0.004091,0.10831,-0.0682591,0.0226773,-0.114447,-0.100937,-0.0865928,-0.136998,0.0336623,-0.0912141,0.193388,-0.0159852,0.303087,0.0779057,0.295562,0.169297,0.23205,0.184044,0.223464,0.0972748,0.272657,-0.00863655,0.293441,-0.0215661,0.212656,0.0625771,0.0656327,0.116543,-0.0258086,0.0915676
0.295941,0.646403,2.08449,1.21768,3.05398,-0.235636,2.6913,-2.00545,2.3645,-3.10931,2.37147,-3.34939,1.4318,-2.38864,-0.146039,-0.753451,-0.880524,0.702364,-0.711657,1.78999,-0.556527,2.35025,-0.804033,2.2848,-1.21505,2.02972,-1.4447,1.92694,-1.3647,1.79683,-1.06843,1.48683,-0.640797,1.21028,-0.0791179,1.07836,0.420691,0.856079,0.5364,0.519102,0.378922,0.393266,0.341725,0.503117,0.428469,0.506753,0.326573,0.27243,0.002096,-0.0150003,-0.219651,-0.237606,-0.158968,-0.51193,0.0227783,-0.868226,0.155988,-1.12823,0.231874,-1.20172,0.306699,-1.07331,0.413191,-0.706833,0.470995,-0.208489,0.358594,0.222101,0.142503,0.465717,0.00348493,0.490793,-0.0585114,0.349881,-0.168236,0.180913,-0.277961,0.0972243,-0.25099,0.0738652,-0.198716,0.0496981,-0.293744,0.10672,-0.349351,0.335992,-0.142857,0.567033,0.116972,0.568497,0.14715,0.41607,-0.0216924,0.288794,-0.267481,0.164802,-0.526855,0.00325765,-0.687414,-0.0776027,-0.64913,-0.0160862,-0.463874,-0.0090406,-0.292254,-0.202403,-0.225889,-0.396423,-0.180862,-0.387306,-0.0802038,-0.266521,-0.035026,-0.21152,-0.129649,-0.261849,-0.240157,-0.344073,-0.240157,-0.393392,-0.181645,-0.405261,-0.16119,-0.407383,-0.135154,-0.434151,-0.00957091,-0.477586,0.154675,-0.477283,0.193918,-0.412383,0.098285,-0.27195,0.0647489,-0.0383089,0.170685,0.161493,0.21157,0.161241,0.0538143,0.0364402,-0.128841,-0.000707094,-0.1197,0.0360361,0.0507334,-0.0668449,0.195838,-0.320285,0.244323,-0.505213,0.26392,-0.530138,0.278339,-0.475364,0.249197,-0.396322,0.189449,-0.308921,0.171014,-0.239626,0.21253,-0.197454,0.223439,-0.18258,0.156367,-0.212404,0.0872999,-0.266319,0.0694207,-0.275688,0.0884868,-0.240738,0.0932091,-0.262152,0.00252528,-0.356977,-0.13874,-0.3867,-0.145432,-0.293264,0.00131315,-0.17758,0.0930576,-0.0941435,0.0198489,-0.0428797,-0.106543,-0.0564154,-0.155736,-0.120028,-0.128892,-0.177655,-0.117578,-0.218843,-0.160635,-0.243238,-0.195863,-0.232354,-0.187226,-0.165887,-0.166216,-0.0334098,-0.143261,0.10331,-0.12975,0.127503,-0.171872,-0.00151519,-0.256091,-0.204626,-0.280663,-0.346952,-0.193312,-0.350159,-0.0863402,-0.263238,-0.0778552,-0.197125,-0.159423,-0.211823,-0.238061,-0.259122,-0.257102,-0.239652,-0.219853,-0.155584,-0.12369,-0.127528,0.0520718,-0.227,0.238743,-0.377685,0.316951,-0.434934,0.299047,-0.319704,0.275082,-0.0915171,0.240965,0.0663146,0.142023,0.00845978,0.00899008,-0.153362,-0.0605064,-0.147503,-0.0430817,0.0783098,-0.00401524,0.279526,0.0566426,0.275688,0.21008,0.173514
0.676201,-2.96612,-1.44374,-1.51852,-2.51624,-0.464682,-2.2175,0.1746,-0.995628,0.00593451,0.957697,-0.630367,2.11868,-0.890398,1.36109,-0.979541,0.299501,-1.37988,0.204525,-1.77855,0.429706,-1.9205,0.291824,-2.0136,-0.152023,-2.1456,-0.431348,-2.18987,-0.207934,-2.09704,0.328416,-1.94613,0.736733,-1.73246,0.89007,-1.30995,1.03932,-0.75186,1.30957,-0.464934,1.4473,-0.623827,1.30596,-0.858226,1.20624,-0.761304,1.42705,-0.335159,1.75832,0.153741,1.87135,0.426625,1.72415,0.384225,1.48321,0.184448,1.31902,-0.0158337,1.275,-0.214146,1.27389,-0.318365,1.29066,-0.158059,1.3418,0.168312,1.30647,0.351775,1.09111,0.289981,0.838225,0.1846,0.723046,0.195636,0.709914,0.229727,0.624003,0.196822,0.437888,0.224727,0.331724,0.411246,0.41809,0.577942,0.579432,0.50294,0.572765,0.252253,0.3143,0.103942,0.0407332,0.174827,-0.0543699,0.290966,-0.133235,0.343871,-0.357104,0.468343,-0.553926,0.690975,-0.518824,0.79979,-0.339022,0.647009,-0.228793,0.319451,-0.272102,0.0750774,-0.39463,0.126467,-0.480667,0.413898,-0.508243,0.707743,-0.505592,0.883176,-0.427863,0.943808,-0.255107,0.89959,-0.112124,0.791507,-0.129346,0.723021,-0.271622,0.734587,-0.377003,0.740471,-0.348922,0.674282,-0.263895,0.599685,-0.210813,0.570467,-0.125962,0.533294,0.0744461,0.451777,0.323517,0.336724,0.463116,0.219626,0.409857,0.160963,0.275006,0.151544,0.268162,0.14864,0.403266,0.187075,0.482788,0.252455,0.4465,0.243642,0.429681,0.15215,0.423848,0.069749,0.273617,0.0447232,0.0425009,0.0212883,-0.0498496,-0.0513648,0.0045203,-0.0869968,0.0727794,-0.0314906,0.12624,-0.0094699,0.177453,-0.0591679,0.172377,-0.0254298,0.069547,0.146544,-0.0597993,0.305486,-0.0749258,0.330613,0.0615417,0.293289,0.180964,0.268794,0.128866,0.204424,0.00358593,0.119498,-0.0447737,0.0717692,-0.0377281,0.000580817,-0.0503041,-0.0818452,-0.116518,-0.0709611,-0.225182,-0.00530314,-0.306067,-0.00707088,-0.326977,-0.0859362,-0.336623,-0.151619,-0.353796,-0.151796,-0.345614,-0.0966688,-0.301496,-0.00520213,-0.269425,0.0577285,-0.287304,0.0369957,-0.294628,-0.000984872,-0.245712,0.0180812,-0.221267,0.05139,-0.262632,0.0479051,-0.271748,0.0489657,-0.20758,0.0889161,-0.152832,0.132427,-0.108588,0.178564,0.00590921,0.257354,0.150736,0.334477,0.206393,0.373215,0.162301,0.383291,0.108664,0.39218,0.0976536,0.449025,0.114245,0.547436,0.124826,0.602033,0.100356,0.559204,0.0380564,0.42208,-0.0228288,0.252985,-0.0383342,0.163514,-0.0226773,0.171721
1.46046,2.38639,1.81476,1.55806,2.28843,-1.23344,2.97153,-3.47853,3.46394,-2.86246,2.85554,-0.871408,1.44609,0.0434605,0.450388,-0.0179297,0.43256,-0.253389,0.973279,-0.540087,1.36599,-0.897418,1.30967,-1.27781,0.997648,-1.48925,0.848528,-1.372,1.07535,-1.02586,1.46266,-0.695646,1.64483,-0.587159,1.33839,-0.708778,0.533471,-0.734789,-0.237101,-0.349705,-0.313517,0.254197,0.243818,0.575315,0.75686,0.343694,0.823326,-0.295865,0.587109,-0.928555,0.324047,-1.15419,0.163741,-0.935222,0.0497233,-0.653701,-0.143008,-0.646504,-0.396802,-0.808426,-0.566224,-0.808957,-0.569709,-0.523218,-0.466702,-0.134245,-0.396347,0.069749,-0.428772,-0.0423494,-0.501652,-0.315032,-0.498622,-0.500743,-0.35074,-0.568649,-0.161266,-0.675595,-0.151417,-0.927823,-0.369048,-1.25854,-0.606351,-1.42379,-0.673171,-1.2272,-0.605089,-0.820649,-0.520441,-0.525112,-0.422231,-0.423191,-0.276319,-0.353745,-0.157907,-0.172958,-0.138639,0.0909111,-0.090911,0.2994,0.134321,0.342583,0.417408,0.193186,0.519052,-0.0792441,0.378342,-0.300284,0.0996234,-0.32185,-0.193792,-0.18609,-0.39569,-0.010076,-0.47895,0.176191,-0.524077,0.389806,-0.544911,0.633195,-0.452409,0.842468,-0.229576,0.926838,-0.000833355,0.875802,0.0839664,0.738122,0.0509607,0.579103,0.0610367,0.442484,0.148059,0.328088,0.197681,0.210181,0.111922,0.0448495,-0.123488,-0.152705,-0.423241,-0.274602,-0.660545,-0.236697,-0.760143,-0.0754562,-0.699005,0.0897242,-0.522284,0.172302,-0.377634,0.186317,-0.3742,0.220257,-0.412989,0.31036,-0.327204,0.37819,-0.112351,0.366548,0.101012,0.294527,0.208792,0.166493,0.207328,-0.00282834,0.154524,-0.125786,0.109321,-0.13374,0.0711126,-0.0421221,-0.00348492,0.111669,-0.0819462,0.293163,-0.0956334,0.467662,-0.0581578,0.557184,0.00287885,0.444757,0.10081,0.201823,0.209929,0.0792189,0.263238,0.133993,0.251798,0.210257,0.249374,0.210181,0.331118,0.122907,0.480414,-0.0379554,0.5688,-0.212101,0.507562,-0.324502,0.39021,-0.368089,0.334654,-0.367609,0.328694,-0.314653,0.317305,-0.213313,0.286547,-0.104876,0.256041,-0.0476273,0.234727,-0.0917444,0.228136,-0.206469,0.265637,-0.311699,0.313088,-0.385943,0.315461,-0.417054,0.339856,-0.35968,0.419908,-0.237581,0.444378,-0.13167,0.363871,-0.061567,0.241243,0.00310613,0.131872,0.0402534,0.090305,0,0.165509,-0.0750774,0.293441,-0.111619,0.334729,-0.130028,0.282405,-0.151594,0.230965,-0.137528,0.160256,-0.104826,0.00184348,-0.116114,-0.183969,-0.162706,-0.280082,-0.171696,-0.267127,-0.0796482
-3.32346,0.274375,-1.71067,-0.603473,-0.916384,-0.00939408,-1.18407,1.52655,-1.60274,3.21525,-1.51074,4.36249,-0.631655,3.9618,0.682767,2.41619,1.65895,0.997496,2.18919,0.0815927,2.43773,-0.494834,2.26207,-0.87315,1.81438,-1.08166,1.49127,-0.968531,1.38261,-0.515592,1.3644,-0.0302784,1.41735,0.118866,1.56534,-0.257203,1.66872,-1.07487,1.49071,-1.9785,0.962521,-2.56781,0.305613,-2.64329,-0.211191,-2.22187,-0.520491,-1.48273,-0.661933,-0.752441,-0.622943,-0.31435,-0.385236,-0.166898,-0.0848503,-0.125962,0.0457586,-0.0734107,-0.0328542,0.0435615,-0.113664,0.298062,-0.0618953,0.721152,-0.0185105,1.19379,-0.11874,1.47852,-0.215358,1.46248,-0.133614,1.3001,0.0235611,1.24195,0.0511627,1.4267,0.00964666,1.78696,0.187277,2.09898,0.647665,2.17568,1.13813,1.98057,1.46622,1.60036,1.60549,1.20068,1.564,0.916434,1.41771,0.749941,1.32271,0.650342,1.39379,0.598826,1.60269,0.57476,1.82577,0.54683,2.01474,0.430565,2.19735,0.131897,2.32813,-0.273642,2.29409,-0.596705,2.04184,-0.756178,1.68228,-0.80623,1.42662,-0.829134,1.34435,-0.894716,1.30334,-1.06295,1.1751,-1.29212,0.970678,-1.39634,0.775446,-1.27195,0.632009,-1.07939,0.535693,-1.00429,0.490945,-1.01823,0.481803,-1.02646,0.45847,-1.03901,0.360488,-1.09237,0.138841,-1.12293,-0.169751,-1.06267,-0.535062,-0.960829,-0.956511,-0.853983,-1.2402,-0.705975,-1.15947,-0.521375,-0.844488,-0.349326,-0.619609,-0.215308,-0.564785,-0.107603,-0.562815,-0.00772744,-0.599205,0.110255,-0.725117,0.274804,-0.915121,0.454151,-1.0898,0.576957,-1.15295,0.634408,-1.06828,0.68254,-0.931561,0.750698,-0.830371,0.832771,-0.717137,0.926232,-0.570366,0.96694,-0.477081,0.868251,-0.422812,0.661454,-0.297557,0.445338,-0.138059,0.286294,-0.0568699,0.215409,-0.0772491,0.229778,-0.173337,0.274602,-0.249778,0.294552,-0.20258,0.303693,-0.0855069,0.301017,0.0163387,0.231369,0.136064,0.115356,0.275966,0.0420969,0.354073,0.0339149,0.337861,0.010278,0.235687,-0.124119,0.0951536,-0.335563,0.0499758,-0.461601,0.143387,-0.417736,0.231495,-0.328568,0.18157,-0.359604,0.0234854,-0.444328,-0.121215,-0.383392,-0.210459,-0.217757,-0.292961,-0.173211,-0.355942,-0.250788,-0.328366,-0.279551,-0.250005,-0.267531,-0.265612,-0.297128,-0.405817,-0.287658,-0.557891,-0.158413,-0.667489,-0.0238389,-0.738602,-0.0155811,-0.706429,-0.0572992,-0.554103,-0.0171216,-0.377104,0.0744713,-0.250308,0.132528,-0.203338,0.163665,-0.234273,0.197858,-0.287203,0.224601
-2.04128,2.19921,-1.84648,4.78281,-1.61347,4.44118,-0.692111,3.32692,-0.0845978,3.59483,-0.479126,3.43939,-0.628953,2.13464,-0.069547,1.10257,0.0460364,0.494783,-0.627564,-0.159044,-1.54915,-0.66004,-2.49508,-0.906308,-3.38411,-0.972723,-4.07552,-0.82926,-4.57967,-0.534734,-4.95703,-0.213666,-5.08506,0.144044,-4.75584,0.620392,-3.99572,1.17121,-3.0131,1.59402,-1.93163,1.64519,-0.917116,1.24626,-0.175686,0.582336,0.312153,-0.0932343,0.654055,-0.638044,0.832392,-1.06424,0.834867,-1.47415,0.741481,-1.79817,0.620518,-1.80855,0.523168,-1.48501,0.549507,-1.0457,0.75143,-0.652969,1.04053,-0.374099,1.30066,-0.285259,1.52564,-0.338391,1.73451,-0.371548,1.80681,-0.371523,1.60238,-0.438116,1.15568,-0.550896,0.596276,-0.553371,0.0718955,-0.317406,-0.305082,0.134372,-0.586351,0.663979,-0.85969,1.13813,-1.09553,1.53809,-1.26056,1.89893,-1.31649,2.11323,-1.16854,2.06651,-0.838377,1.89863,-0.508824,1.76163,-0.302355,1.57463,-0.214979,1.23783,-0.241268,0.782542,-0.378796,0.284425,-0.569002,-0.170862,-0.732061,-0.482258,-0.8507,-0.589053,-0.939263,-0.568573,-0.92656,-0.619862,-0.733829,-0.807113,-0.40511,-0.972496,-0.0122225,-1.02391,0.39367,-1.03841,0.685343,-1.08353,0.749738,-1.14038,0.652363,-1.13823,0.495895,-1.03533,0.277026,-0.889186,0.0178034,-0.751405,-0.200459,-0.554406,-0.346422,-0.237379,-0.428065,0.142882,-0.430388,0.505188,-0.327532,0.800371,-0.149624,1.00843,0.0100255,1.15333,0.0945223,1.23828,0.110583,1.24392,0.0840675,1.20672,0.0722995,1.13116,0.112679,0.949894,0.145407,0.708677,0.0962142,0.545113,-0.0280309,0.461525,-0.168817,0.39511,-0.266066,0.348467,-0.270082,0.264652,-0.155811,0.0799765,0.0326775,-0.125331,0.178918,-0.296042,0.193388,-0.485187,0.0896231,-0.691,-0.0364654,-0.855372,-0.096492,-0.937445,-0.106442,-0.929641,-0.140559,-0.859009,-0.209146,-0.741051,-0.258086,-0.609357,-0.263213,-0.503875,-0.242051,-0.371548,-0.18066,-0.163539,-0.0925525,0.0325007,-0.0471727,0.126392,-0.0194196,0.166595,0.0605064,0.245182,0.136468,0.340639,0.0924515,0.343644,-0.0777794,0.288491,-0.238086,0.329123,-0.274021,0.430691,-0.221924,0.469732,-0.154246,0.503395,-0.06985,0.598144,0.0416928,0.66605,0.124523,0.621175,0.10528,0.478243,-0.00297986,0.306143,-0.11922,0.200711,-0.172074,0.219146,-0.13475,0.284602,-0.0722996,0.258364,-0.0911383,0.132402,-0.191923,0.000959618,-0.300916,-0.122073,-0.410261,-0.253768,-0.523698,-0.351093,-0.557285,-0.403771,-0.468823,-0.445287
-1.70153,1.54819,-0.212681,0.442105,1.43665,-0.822316,2.49384,-2.59238,2.12868,-3.99723,1.23611,-4.15279,2.19255,-3.79033,4.7971,-3.59669,6.71772,-3.4226,7.12604,-3.22512,6.62492,-3.21477,5.76384,-3.40929,4.94059,-3.60394,4.38759,-3.63975,4.02327,-3.58255,3.65624,-3.59647,3.14269,-3.61275,2.44632,-3.34623,1.65153,-2.73607,0.799916,-1.991,-0.0707086,-1.20934,-0.80075,-0.406524,-1.34665,0.316093,-1.85022,0.884565,-2.36301,1.26124,-2.88711,1.46167,-3.44636,1.62892,-3.8739,1.86623,-3.97496,2.15186,-3.85248,2.45033,-3.68129,2.76274,-3.47692,3.1332,-3.22285,3.55899,-2.88317,3.90854,-2.45281,4.08721,-2.08505,4.15022,-1.88598,4.15327,-1.74221,4.0342,-1.51632,3.71811,-1.24048,3.27234,-1.00964,2.84941,-0.768097,2.47904,-0.408165,2.0556,-0.00308088,1.58372,0.311396,1.19732,0.540592,0.936005,0.733324,0.750218,0.839589,0.584533,0.819159,0.353467,0.749385,-0.0212126,0.675292,-0.539002,0.552411,-1.11571,0.414504,-1.64731,0.355386,-2.08133,0.369857,-2.42935,0.355311,-2.70228,0.230182,-2.85117,0.0601781,-2.83769,0.0194954,-2.70258,0.125053,-2.51253,0.165332,-2.30384,-0.0154549,-2.11697,-0.317886,-2.02489,-0.534506,-2.031,-0.626705,-2.03441,-0.70898,-2.01734,-0.774714,-2.06075,-0.687565,-2.08909,-0.426272,-1.91431,-0.111543,-1.53869,0.135407,-1.12831,0.25594,-0.776936,0.249753,-0.449101,0.150534,-0.0939414,0.0219449,0.220636,-0.0585366,0.394402,-0.0509102,0.503698,0.0375766,0.664358,0.181166,0.791229,0.353518,0.80474,0.547411,0.842417,0.762289,0.991713,0.939035,1.15139,1.02467,1.28801,1.06563,1.42927,1.09588,1.48683,1.05874,1.4249,0.908252,1.36036,0.695293,1.34101,0.550972,1.26902,0.535012,1.07459,0.551022,0.804487,0.532486,0.535138,0.516552,0.325184,0.498571,0.204929,0.442459,0.13672,0.338012,0.0903555,0.155306,0.0915171,-0.122957,0.126543,-0.454176,0.11278,-0.74138,0.0041415,-0.881837,-0.137528,-0.883984,-0.225838,-0.836558,-0.25642,-0.756506,-0.317557,-0.628549,-0.477384,-0.562588,-0.664105,-0.687136,-0.725066,-0.894514,-0.59269,-0.996562,-0.382912,-0.996006,-0.286143,-0.961006,-0.309325,-0.871812,-0.27089,-0.710116,-0.122023,-0.553598,-0.0262632,-0.482005,-0.0737137,-0.449277,-0.176519,-0.3817,-0.222732,-0.282052,-0.188893,-0.150963,-0.128841,0.00446979,-0.0691429,0.11624,0.0111871,0.154978,0.0846988,0.1796,0.10629,0.235864,0.11528,0.273996,0.160913,0.208868,0.190307,0.0750269,0.152402
-2.71915,-0.282481,-2.31066,0.892039,-2.67986,1.67304,-4.21426,1.67875,-4.81685,0.717541,-3.03037,-0.79176,-0.797543,-1.33321,-0.0418443,-0.522107,0.00797996,0.637312,0.164246,1.66089,0.0347482,2.51056,-0.605114,3.16224,-1.4418,3.61942,-2.15192,3.81241,-2.64804,3.76299,-2.98408,3.53397,-3.251,3.05438,-3.55263,2.26167,-3.8841,1.27889,-4.0788,0.251167,-4.03039,-0.823099,-3.76172,-1.89595,-3.28121,-2.74632,-2.66076,-3.19396,-2.08704,-3.23949,-1.65107,-2.95807,-1.29553,-2.51425,-0.976789,-2.22338,-0.686757,-2.22419,-0.367104,-2.30654,0.0328542,-2.27555,0.420691,-2.09795,0.660065,-1.79655,0.788426,-1.48715,0.927924,-1.25871,1.09656,-1.06346,1.28998,-0.860524,1.54852,-0.634963,1.84304,-0.297582,2.07174,0.249475,2.15707,0.932848,2.05212,1.53685,1.76655,1.97565,1.40155,2.28899,1.04868,2.46513,0.711404,2.52493,0.371119,2.55715,0.020556,2.5922,-0.342255,2.56324,-0.674232,2.40482,-0.934869,2.14537,-1.12566,1.83433,-1.20344,1.50498,-1.09952,1.20856,-0.845902,0.964188,-0.582083,0.755446,-0.458217,0.567765,-0.534229,0.380033,-0.749006,0.188767,-0.968304,0.0267177,-1.03343,-0.108916,-0.879893,-0.260561,-0.638574,-0.381498,-0.454757,-0.3892,-0.330866,-0.334275,-0.239525,-0.337103,-0.168489,-0.43458,-0.0742945,-0.553371,0.0874767,-0.61966,0.350715,-0.602564,0.711127,-0.445868,1.0551,-0.157301,1.22071,0.150357,1.16788,0.388998,0.997168,0.500693,0.794941,0.457964,0.611705,0.350513,0.525971,0.3493,0.53337,0.526047,0.5064,0.738097,0.352962,0.802846,0.102502,0.735622,-0.112932,0.678752,-0.184676,0.695747,-0.143513,0.736405,-0.055582,0.741834,0.0138387,0.732263,-0.0327785,0.73893,-0.181494,0.728475,-0.330967,0.690065,-0.459202,0.6661,-0.590139,0.655974,-0.737213,0.592386,-0.869211,0.438646,-0.883125,0.260763,-0.765244,0.104901,-0.64764,-0.0983859,-0.58875,-0.364528,-0.519961,-0.564709,-0.394276,-0.58572,-0.212656,-0.43905,0.00353542,-0.228414,0.174423,-0.0915424,0.198918,-0.124296,0.083714,-0.280461,-0.053486,-0.413999,-0.126821,-0.469253,-0.0985627,-0.488697,0.0364654,-0.469884,0.142276,-0.393089,0.109068,-0.283971,0.0384352,-0.17715,0.0337634,-0.136266,0.118538,-0.203464,0.273466,-0.279198,0.377862,-0.21556,0.373695,-0.0281067,0.338088,0.126669,0.280107,0.174095,0.191747,0.144094,0.166544,0.0590669,0.227379,-0.0381574,0.269173,-0.118109,0.235434,-0.189373,0.193666,-0.2046,0.20109,-0.15316,0.199323,-0.124725,0.134245,-0.149321
2.48409,3.69096,0.754587,3.28873,-0.256723,2.25922,1.03437,1.75562,3.57465,1.77256,4.44512,1.00363,2.56003,-0.61115,-0.130205,-1.7442,-1.53382,-1.69256,-1.68443,-1.08482,-1.72188,-0.705066,-2.23767,-0.58072,-2.96112,-0.493622,-3.5001,-0.505945,-3.82066,-0.731758,-3.89905,-1.03836,-3.55432,-1.26879,-2.75741,-1.49748,-1.80893,-1.66756,-1.07093,-1.39556,-0.62168,-0.522057,-0.406297,0.558446,-0.503369,1.29485,-0.910399,1.48119,-1.29932,1.29866,-1.33286,0.951132,-1.10798,0.509506,-0.999365,0.0850271,-1.06808,-0.216596,-0.964642,-0.416246,-0.517941,-0.549153,0.0231066,-0.569886,0.394579,-0.406928,0.567285,-0.0871989,0.607867,0.258036,0.538926,0.529229,0.376271,0.733602,0.146821,0.916181,-0.169347,0.998633,-0.564305,0.82878,-0.90954,0.440439,-1.06265,0.0141922,-1.01363,-0.340184,-0.869413,-0.542385,-0.733602,-0.516147,-0.644837,-0.288239,-0.616427,0.0408595,-0.648802,0.380185,-0.722465,0.69701,-0.852771,0.942217,-1.07533,0.991082,-1.32783,0.82027,-1.43748,0.555618,-1.29442,0.322103,-1.01479,0.187782,-0.833074,0.141998,-0.789461,0.146746,-0.696884,0.168867,-0.483394,0.139523,-0.298441,0.0803048,-0.230131,0.124725,-0.219121,0.279653,-0.264854,0.421752,-0.438444,0.491046,-0.694485,0.491602,-0.890878,0.430641,-0.981435,0.308567,-1.00474,0.107199,-0.976511,-0.154145,-0.879539,-0.370033,-0.664181,-0.442207,-0.365033,-0.364301,-0.160584,-0.174297,-0.166039,0.0253288,-0.319224,0.078133,-0.502991,-0.016667,-0.66807,-0.138867,-0.826255,-0.275612,-0.960627,-0.429504,-0.978304,-0.525011,-0.799336,-0.542385,-0.497157,-0.511476,-0.266824,-0.449277,-0.21253,-0.367609,-0.253819,-0.267076,-0.288264,-0.176039,-0.304603,-0.120205,-0.305234,-0.0515668,-0.293895,0.0543698,-0.320512,0.121518,-0.395312,0.0626276,-0.469379,-0.115912,-0.556502,-0.287102,-0.641908,-0.336043,-0.586957,-0.333341,-0.363897,-0.416246,-0.127983,-0.572285,-0.00507586,-0.667691,-0.0195459,-0.590366,-0.133513,-0.388923,-0.276875,-0.221873,-0.373316,-0.121013,-0.368089,-0.016768,-0.311396,0.0711884,-0.276875,0.0860877,-0.209272,0.0670469,-0.0885625,0.0773502,-0.0200509,0.0549759,-0.0490162,-0.0708096,-0.128336,-0.203136,-0.164019,-0.222278,-0.0655065,-0.158842,0.142023,-0.127477,0.345462,-0.162655,0.442358,-0.161746,0.396599,-0.0642186,0.26695,0.0346977,0.143261,0.0472738,0.0772492,0.0309855,0.0859614,0.075936,0.186216,0.167807,0.385993,0.230763,0.604154,0.223995,0.69653,0.183943,0.620417,0.170382,0.486576,0.177605,0.408115,0.188034,0.387534,0.213085
-2.05527,2.83751,-1.03437,3.33929,0.563775,3.50664,0.861003,2.89019,0.0430312,1.23268,-0.247606,-0.271622,0.397584,-0.774209,1.16417,-0.486728,1.72345,-0.063158,2.26454,-0.069547,2.58008,-0.363493,2.35485,-0.405691,1.79989,-0.195989,1.34445,-0.0927798,1.18028,-0.186393,1.27864,-0.3143,1.49049,-0.19162,1.60299,0.397584,1.46869,1.19692,1.03752,1.58824,0.369528,1.28116,-0.233288,0.598776,-0.419352,0.0787391,-0.226848,-0.0191418,-0.0254804,0.139245,-0.0791936,0.240384,-0.363872,0.140584,-0.705546,-0.109977,-0.953026,-0.406019,-1.00924,-0.72648,-0.85113,-1.04485,-0.601452,-1.16699,-0.422938,-0.939566,-0.359099,-0.503925,-0.398973,-0.181267,-0.575947,-0.176519,-0.865423,-0.391221,-1.0901,-0.598346,-1.05452,-0.738097,-0.750168,-0.858402,-0.385008,-0.932697,-0.195231,-0.909767,-0.275334,-0.807568,-0.527385,-0.708576,-0.673828,-0.703172,-0.547815,-0.782264,-0.307709,-0.850195,-0.115987,-0.85363,0.0260107,-0.770724,0.075936,-0.62769,-0.0232581,-0.555441,-0.220687,-0.600745,-0.382988,-0.630039,-0.364654,-0.548295,-0.1896,-0.408241,-0.0753804,-0.295663,-0.086214,-0.204196,-0.0829058,-0.0384352,-0.0432333,0.207277,-0.0412888,0.369604,-0.0765926,0.319578,-0.106543,0.121796,-0.113083,-0.0381069,-0.123639,-0.0427282,-0.136543,0.055481,-0.0870978,0.157175,-0.0117932,0.218389,-0.0566174,0.20561,-0.189524,0.129978,-0.187302,0.0564911,0.0170711,-0.0148488,0.251925,-0.0953303,0.331169,-0.0921737,0.228439,0.0221974,0.0799765,0.0957597,0.000808097,0.00654054,-0.0290158,-0.179524,-0.024344,-0.310891,0.0493698,-0.30036,0.114952,-0.158084,0.090608,0.0239904,0.0750016,0.104497,0.139624,0.0462384,0.193211,-0.00148994,0.158514,0.0607841,0.071643,0.113184,0.000176783,0.0601023,-0.0553547,0.0192428,-0.0979062,0.103083,-0.0611629,0.222656,0.0473495,0.242834,0.0897494,0.156064,0.000126267,0.0334856,-0.107982,-0.0366169,-0.0839665,-0.00517689,0.0955829,0.0912394,0.283365,0.223641,0.303845,0.373872,0.157806,0.428242,-0.0128538,0.292986,-0.0926788,0.10076,-0.0462636,0.0434858,0.0963152,0.0662388,0.225459,0.00611125,0.200181,-0.107856,0.0241672,-0.143614,-0.141619,-0.10379,-0.178741,-0.0977799,-0.0918202,-0.16412,0.0331573,-0.246722,0.0952798,-0.293213,0.0642185,-0.303315,0.00755066,-0.327558,0.0110356,-0.412585,0.0796734,-0.509935,0.165256,-0.513016,0.247379,-0.407383,0.308921,-0.26642,0.30834,-0.126089,0.235106,-0.0219702,0.112124,-0.0213641,-0.0102275,-0.1247,-0.0480818,-0.296799,-0.00709611,-0.471626,0.00997496,-0.500415,-0.00979818,-0.3667,0.0264652,-0.266369,0.131518,-0.281698
3.22063,-5.09695,3.59874,-4.70606,0.946005,-2.20808,-2.81751,1.84953,-4.64212,5.09963,-4.14155,5.16973,-2.71996,3.28899,-1.2768,1.79958,-0.0371725,0.664636,0.93603,-0.511905,1.37349,-1.12038,1.18475,-0.962268,0.811659,-0.56577,0.651605,-0.445313,0.653751,-0.620897,0.605922,-0.745117,0.334704,-0.679712,-0.214272,-0.612564,-0.742061,-0.678373,-0.762365,-0.819134,-0.212176,-0.91401,0.391019,-0.880347,0.552537,-0.766077,0.352255,-0.730698,0.194575,-0.776204,0.214702,-0.669333,0.227757,-0.299047,0.120205,0.123892,-0.00595972,0.337836,-0.0438141,0.27142,-0.00133841,0.0354553,0.0713904,-0.142225,0.110002,-0.0999264,0.0727036,0.102957,0.00691934,0.289931,-0.0382331,0.315083,-0.0665671,0.150407,-0.0265915,-0.0706076,0.136897,-0.144675,0.288643,0.0225257,0.214399,0.268137,0.00560616,0.315562,0.0263642,0.16013,0.337533,0.063966,0.552992,0.141771,0.417256,0.221848,0.112124,0.128109,-0.0652792,-0.0765421,0.018359,-0.191115,0.28137,-0.160307,0.463823,-0.113134,0.404605,-0.128993,0.230914,-0.127604,0.138437,-0.000126265,0.148008,0.225434,0.152806,0.403948,0.0777794,0.427863,-0.0986385,0.305613,-0.343391,0.1572,-0.52741,0.119397,-0.514026,0.190863,-0.347533,0.27791,-0.237,0.348821,-0.233086,0.366119,-0.20455,0.271673,-0.176468,0.15114,-0.25243,0.135862,-0.367735,0.201343,-0.431272,0.257758,-0.434757,0.256723,-0.37771,0.180383,-0.29738,0.08182,-0.286496,0.030834,-0.360967,0.000429282,-0.416373,-0.0527031,-0.357609,-0.099093,-0.180661,-0.094497,0.018662,-0.0314653,0.0944465,0.0488899,-0.00151519,0.0606326,-0.162327,-0.0377786,-0.240788,-0.157024,-0.20354,-0.193034,-0.118664,-0.199095,-0.00765168,-0.268162,0.125381,-0.346725,0.194019,-0.359351,0.134372,-0.32877,0.0169953,-0.262581,-0.0462636,-0.146695,-0.0523749,-0.0404049,-0.0859362,-0.0236116,-0.167478,-0.0961384,-0.227505,-0.177883,-0.231015,-0.203136,-0.237404,-0.200257,-0.296269,-0.224096,-0.352154,-0.249753,-0.31978,-0.234727,-0.195307,-0.199221,-0.0665923,-0.159498,-0.0308845,-0.10879,-0.0985122,-0.048991,-0.213919,0.0347483,-0.315007,0.149448,-0.333694,0.260283,-0.249223,0.323164,-0.161443,0.318163,-0.194524,0.268895,-0.318416,0.209348,-0.37718,0.135382,-0.302128,0.0560618,-0.197934,0.0299249,-0.16013,0.092805,-0.15917,0.211318,-0.156998,0.2994,-0.120937,0.292254,-0.0158842,0.231343,0.0704056,0.202605,0.0538143,0.1896,0.0489657,0.128033,0.142756,0.0519456,0.220813,0.0107325,0.193413,-0.0157074,0.0972243,-0.039218,0.0173489,-0.0644963,0.0277026,-0.0771734,0.0859615,-0.0013384
2.81991,2.03189,2.01545,2.0979,2.8536,1.91618,4.44467,0.960273,4.54866,-0.108184,3.40937,-0.245359,2.36841,0.389453,1.91772,0.719132,1.86219,0.378746,1.72547,-0.0188388,1.29947,0.0426272,0.790169,0.43756,0.40367,0.747188,0.260359,0.800169,0.360109,0.7758,0.538042,0.756784,0.676479,0.541704,0.829109,0.0195964,0.954995,-0.513319,0.746632,-0.636832,0.10624,-0.421499,-0.493597,-0.26945,-0.616276,-0.181898,-0.490566,0.0759107,-0.497687,0.352179,-0.497208,0.409479,-0.236268,0.385286,0.192151,0.436954,0.582412,0.438949,0.787669,0.242429,0.801356,-0.10129,0.756532,-0.389503,0.67057,-0.435565,0.489632,-0.257379,0.310234,-0.0661883,0.286496,0.00921738,0.44304,0.0733602,0.600493,0.253061,0.537991,0.429226,0.318492,0.365816,0.224247,0.111088,0.319704,-0.0545214,0.380362,-0.0577033,0.288239,-0.0213136,0.169675,0.0472233,0.131796,0.197277,0.145003,0.35973,0.146998,0.408443,0.121695,0.295158,0.0810876,0.138412,-0.000732328,0.0872241,-0.164044,0.104851,-0.35473,0.101012,-0.463773,0.154246,-0.495541,0.395362,-0.53683,0.727743,-0.564936,0.853402,-0.449378,0.662338,-0.178615,0.385993,0.0152276,0.2445,-0.0588144,0.193994,-0.241697,0.128967,-0.295941,0.061466,-0.285385,-0.00573245,-0.371877,-0.117528,-0.513067,-0.187681,-0.590215,-0.0670722,-0.569305,0.18306,-0.496854,0.355336,-0.463293,0.368846,-0.442434,0.293037,-0.322684,0.231596,-0.188792,0.222505,-0.201823,0.185484,-0.324199,0.0897242,-0.437408,0.0443697,-0.44751,0.073941,-0.307734,0.0804815,-0.134271,0.0579306,-0.0588649,0.0992951,-0.0234348,0.209373,0.0558598,0.274147,0.131038,0.24397,0.132983,0.160306,0.0988405,0.0470212,0.109573,-0.0333088,0.126972,-0.0248995,0.0419201,-0.0057577,-0.114068,-0.0219954,-0.202328,0.0324754,-0.190635,0.227328,-0.167731,0.447257,-0.1946,0.521804,-0.237025,0.440893,-0.246596,0.34228,-0.254702,0.324199,-0.317557,0.363139,-0.40261,0.38117,-0.425161,0.344982,-0.362281,0.326724,-0.296774,0.400993,-0.330108,0.497182,-0.408898,0.498849,-0.395665,0.393569,-0.300082,0.259248,-0.198969,0.193514,-0.104901,0.232985,-0.0466424,0.321042,-0.0365917,0.368341,-0.0238894,0.36425,-0.0117427,0.368998,-0.0413645,0.359427,-0.0854059,0.281648,-0.107401,0.213212,-0.104952,0.224626,-0.0501273,0.243541,0.0593195,0.195585,0.138008,0.103235,0.14864,0.0412383,0.170938,0.061567,0.219853,0.13672,0.188363,0.206217,0.0552032,0.230258,-0.0583851,0.199878,-0.101315,0.175787,-0.161367,0.193565,-0.25599,0.173792,-0.274248,0.0862898
-3.42098,-1.77272,-1.00899,-1.07204,0.626857,0.844387,-0.101113,2.21654,-1.0976,1.9014,-0.236571,1.05737,1.63248,0.78585,2.57925,0.610417,1.85188,0.151645,0.307002,-0.28892,-0.765193,-0.336396,-1.28296,0.138538,-1.74549,0.733046,-2.06297,1.02012,-2.05979,1.13649,-1.90557,1.31096,-1.64524,1.49185,-1.1475,1.69595,-0.524178,1.95052,0.0139902,1.94214,0.501955,1.48796,0.963051,0.933657,1.21634,0.53688,1.18058,0.190863,0.975753,-0.130129,0.754057,-0.398241,0.602311,-0.745799,0.522057,-1.2123,0.437307,-1.61844,0.240333,-1.84953,-0.0683601,-2.01035,-0.383746,-2.16538,-0.671126,-2.17959,-0.940222,-2.03272,-1.13088,-1.91949,-1.20503,-1.86027,-1.23578,-1.67988,-1.29071,-1.43761,-1.30215,-1.36642,-1.19515,-1.42518,-1.0729,-1.41723,-1.01548,-1.34523,-0.898706,-1.27326,-0.675696,-1.1878,-0.454101,-1.15955,-0.254147,-1.25096,-0.0778047,-1.33271,-0.0201014,-1.32319,-0.105331,-1.35314,-0.245435,-1.47622,-0.384402,-1.55347,-0.517612,-1.51698,-0.606402,-1.42619,-0.637211,-1.32167,-0.704914,-1.23876,-0.855625,-1.21349,-0.980779,-1.19861,-0.978304,-1.07245,-0.858478,-0.80979,-0.685747,-0.570492,-0.531905,-0.444656,-0.477258,-0.346346,-0.547512,-0.242379,-0.606276,-0.167352,-0.498294,-0.110735,-0.280158,-0.0668954,-0.0917191,-0.086315,0.0508092,-0.197908,0.172933,-0.329704,0.243288,-0.429327,0.290663,-0.542436,0.424479,-0.635443,0.63062,-0.612614,0.750471,-0.520819,0.68456,-0.467662,0.477813,-0.466197,0.256142,-0.509809,0.145306,-0.600518,0.166696,-0.631276,0.217606,-0.494354,0.231369,-0.320537,0.220055,-0.316825,0.190938,-0.444277,0.190307,-0.515365,0.243465,-0.490692,0.243894,-0.476399,0.129422,-0.529658,-0.0102022,-0.586275,-0.0769208,-0.545769,-0.0465414,-0.402483,0.0231318,-0.261773,0.0572992,-0.219373,0.0618195,-0.264021,0.0690167,-0.298971,0.0656832,-0.260864,0.0162377,-0.203262,-0.0770976,-0.215409,-0.139649,-0.301269,-0.130281,-0.391726,-0.0975779,-0.427105,-0.06586,-0.401145,-0.0479808,-0.357583,-0.111417,-0.331775,-0.247758,-0.313769,-0.346422,-0.292001,-0.390311,-0.277607,-0.447914,-0.29036,-0.488243,-0.326851,-0.433444,-0.35473,-0.326977,-0.390438,-0.252329,-0.485793,-0.211267,-0.607084,-0.219676,-0.645443,-0.303113,-0.555921,-0.358695,-0.400539,-0.278339,-0.262001,-0.146241,-0.174372,-0.109674,-0.133892,-0.168691,-0.143816,-0.219096,-0.209575,-0.216545,-0.299703,-0.207378,-0.377382,-0.219752,-0.4341,-0.220636,-0.462838,-0.182554,-0.452762,-0.1472,-0.44501,-0.188009,-0.494758,-0.259021,-0.543572
2.31674,-1.72991,2.15164,-0.589558,2.94347,-0.591907,4.23092,-1.69547,5.62654,-2.79269,6.76469,-3.52258,7.447,-4.27805,7.53744,-4.92571,7.06184,-4.97241,6.70825,-4.59273,6.80914,-4.21648,6.89144,-3.82016,6.82982,-3.36257,6.8951,-3.05542,7.03876,-2.96511,7.0827,-2.89681,7.03748,-2.65198,6.91017,-2.20982,6.72969,-1.66092,6.62019,-1.01391,6.59476,-0.325664,6.61158,0.153387,6.6834,0.365336,6.7632,0.547739,6.7981,0.802416,6.75891,1.07267,6.52327,1.30349,6.07271,1.39273,5.61729,1.34864,5.24875,1.30591,4.89877,1.29884,4.59548,1.32407,4.34148,1.38932,4.07514,1.43915,3.83061,1.47354,3.65457,1.58107,3.55424,1.77208,3.53104,1.91774,3.55099,1.93027,3.54452,1.85991,3.46856,1.74198,3.36331,1.58498,3.2459,1.42389,3.06701,1.26672,2.84074,1.14525,2.6373,1.0951,2.54793,1.06391,2.61579,1.0228,2.70857,1.04055,2.68862,1.15351,2.54516,1.30366,2.28518,1.4169,2.01701,1.46619,1.85815,1.44996,1.72585,1.37905,1.58317,1.32366,1.50054,1.355,1.39076,1.42955,1.1127,1.47395,0.730824,1.51546,0.437459,1.58077,0.288415,1.61448,0.192731,1.58233,0.104219,1.49337,0.0196469,1.3696,-0.0651782,1.26548,-0.0861887,1.18417,-0.0273238,1.05005,0.0135862,0.879969,0.0178287,0.776229,0.0143185,0.727011,-0.0381321,0.678878,-0.14768,0.646605,-0.249475,0.574962,-0.283567,0.402862,-0.285991,0.241369,-0.341245,0.21556,-0.439681,0.278415,-0.5164,0.31685,-0.542941,0.304502,-0.518749,0.269349,-0.460338,0.204979,-0.392231,0.10773,-0.322936,0.0339149,-0.238667,0.0513395,-0.17018,0.174271,-0.201545,0.340588,-0.302658,0.437636,-0.330815,0.409504,-0.260233,0.33329,-0.187252,0.325335,-0.166519,0.374074,-0.202706,0.366473,-0.280385,0.290739,-0.330108,0.23354,-0.310057,0.206368,-0.270006,0.209222,-0.21854,0.314426,-0.138513,0.479354,-0.111467,0.518395,-0.165256,0.36622,-0.190282,0.196646,-0.166342,0.163009,-0.171847,0.170433,-0.170206,0.124801,-0.101341,0.125483,-0.00565669,0.221873,0.0908858,0.324426,0.156443,0.364629,0.124144,0.340058,0.0154549,0.297178,-0.115634,0.258743,-0.26738,0.158918,-0.400564,-0.0203792,-0.43809,-0.157478,-0.355058,-0.14571,-0.19806,-0.00320714,-0.0769209,0.205004,-0.0775522,0.401675,-0.145735,0.511678,-0.19114,0.541906,-0.236748,0.53289,-0.291521,0.454757,-0.265258,0.288062,-0.137857,0.127882,-0.0115154,0.0979819,0.0349755,0.180938,0.0098992,0.249753
-4.38272,1.42182,-3.98862,1.47874,-3.4252,0.973683,-3.37224,-0.544002,-2.66819,-2.07391,-0.69355,-2.8089,1.0101,-3.01946,1.73201,-2.81243,2.28141,-1.97479,2.99484,-0.805497,3.50833,0.126972,3.65541,0.741455,3.60894,1.19258,3.5674,1.4249,3.53932,1.43607,3.42457,1.3768,3.21169,1.29053,2.90327,1.05161,2.45831,0.597892,1.90989,0.0564154,1.40112,-0.452636,1.0753,-0.871054,0.967167,-1.17404,1.04505,-1.46624,1.24568,-1.79249,1.4667,-1.95487,1.59635,-1.77718,1.56597,-1.34288,1.42041,-0.885373,1.20099,-0.58221,0.884994,-0.488925,0.560921,-0.532284,0.342659,-0.562184,0.169903,-0.548547,-0.0712136,-0.58029,-0.371877,-0.673398,-0.596957,-0.74436,-0.622261,-0.708702,-0.482814,-0.621503,-0.304325,-0.615948,-0.158438,-0.657893,-0.0628296,-0.620695,-0.0109851,-0.490061,0.0197479,-0.304501,0.0698753,-0.0665924,0.141847,0.22556,0.170079,0.513294,0.166317,0.694712,0.195661,0.748501,0.2195,0.757062,0.19609,0.822669,0.153135,0.962117,0.107755,1.03793,0.0378796,0.954162,-0.100558,0.834058,-0.270738,0.775572,-0.368392,0.665141,-0.409201,0.423746,-0.460212,0.133589,-0.440313,-0.132629,-0.243162,-0.327229,0.0588397,-0.390817,0.291698,-0.334578,0.394958,-0.2021,0.441853,-0.0074749,0.451247,0.168463,0.373392,0.209575,0.225838,0.157024,0.07384,0.148539,-0.0479808,0.195686,-0.131316,0.150534,-0.192479,-0.0610367,-0.298188,-0.230257,-0.462661,-0.166014,-0.601048,-0.0300007,-0.654787,-0.046996,-0.5912,-0.16066,-0.443595,-0.21657,-0.352987,-0.231444,-0.355134,-0.262935,-0.388973,-0.250914,-0.457384,-0.158615,-0.483596,-0.0529304,-0.343922,-0.00449504,-0.115937,-0.00537891,0.0407079,0.0277026,0.0988405,0.133513,0.105053,0.257607,0.0784613,0.359326,0.0537133,0.422105,0.0854311,0.411499,0.122679,0.341421,0.0880827,0.294022,0.0684863,0.299678,0.179373,0.313719,0.360336,0.33632,0.456323,0.365311,0.421903,0.34978,0.348694,0.32877,0.31387,0.359679,0.340942,0.36468,0.409681,0.298971,0.434302,0.265789,0.38771,0.318113,0.350614,0.369857,0.347861,0.367937,0.308466,0.344401,0.208868,0.311345,0.111896,0.281951,0.0538395,0.281774,0.0241672,0.243869,0.0171973,0.10826,-0.00419202,0.00202024,-0.0797492,0.0305562,-0.18066,0.0572487,-0.245233,-0.0182327,-0.23604,-0.0669964,-0.188337,-0.0243945,-0.180989,-0.00810622,-0.173867,-0.0559356,-0.0565921,-0.08182,0.103714,-0.0395463,0.14816,0.0874514,0.0845725,0.269248,0.0253541,0.391625,0.00502537,0.399175,-0.0157579,0.327255,-0.0597488,0.20503
1.55814,-0.693778,1.70675,-0.547436,1.48112,-0.347002,1.08568,0.455111,-0.494758,0.969794,-2.86433,0.342432,-4.56722,-0.659105,-4.79339,-0.98141,-3.78321,-0.871711,-2.63301,-0.921914,-2.19515,-0.965677,-2.28305,-0.727137,-2.38909,-0.356472,-2.36131,-0.0893201,-2.30217,0.00790421,-2.27808,-0.0270966,-2.20664,-0.143917,-1.96125,-0.314578,-1.49566,-0.49592,-0.862822,-0.633524,-0.187656,-0.698803,0.346548,-0.650267,0.560669,-0.484657,0.411751,-0.301017,0.086618,-0.231116,-0.0949515,-0.337987,0.0296219,-0.486702,0.310007,-0.427661,0.526274,-0.156342,0.64062,0.125558,0.656479,0.349755,0.490541,0.53938,0.154448,0.673802,-0.174953,0.718172,-0.368316,0.658802,-0.429302,0.53683,-0.400261,0.410186,-0.356397,0.326421,-0.372432,0.335967,-0.449934,0.422711,-0.566073,0.502309,-0.703298,0.530693,-0.804159,0.497637,-0.799285,0.365134,-0.68749,0.140104,-0.513193,-0.0725521,-0.294072,-0.167403,-0.0625519,-0.159322,0.061971,-0.132048,-0.0138892,-0.0976536,-0.2096,-0.0281824,-0.363316,0.0681833,-0.407585,0.147579,-0.399428,0.129119,-0.407989,-0.00224752,-0.397382,-0.158286,-0.277001,-0.30887,-0.0409857,-0.420438,0.209247,-0.3443,0.348922,-0.0656327,0.314022,0.224778,0.168564,0.397913,0.0550012,0.432535,0.0192933,0.297431,-0.00507586,0.0208843,-0.0483344,-0.228338,-0.0697995,-0.291016,-0.0482081,-0.153766,-0.0202782,0.0940425,-0.0164145,0.306017,-0.0649761,0.368543,-0.171039,0.324881,-0.256344,0.301522,-0.303719,0.345841,-0.365134,0.404302,-0.387609,0.41814,-0.299653,0.418797,-0.159726,0.44203,-0.0973506,0.419353,-0.145382,0.343391,-0.216823,0.342533,-0.266294,0.426449,-0.301572,0.438242,-0.310739,0.341699,-0.31079,0.2669,-0.320032,0.283137,-0.294299,0.336724,-0.204777,0.337078,-0.123336,0.214878,-0.138185,0.00446979,-0.193641,-0.170913,-0.173893,-0.253389,-0.107225,-0.243616,-0.088714,-0.1696,-0.10081,-0.124346,-0.060077,-0.108437,0.0209095,-0.0480061,0.0633095,0.00154042,0.0697237,0.0128791,0.0536375,0.0646984,-0.0331068,0.118917,-0.145079,0.0829564,-0.152377,0.00146468,-0.0323997,-0.0107326,0.115103,0.0662135,0.160281,0.137705,0.0513142,0.137503,-0.104219,0.0914414,-0.171948,0.0340664,-0.142099,-0.0298491,-0.105583,-0.0912141,-0.143564,-0.118083,-0.199676,-0.111543,-0.178994,-0.124144,-0.140382,-0.160887,-0.166973,-0.180989,-0.198969,-0.165988,-0.180206,-0.128033,-0.18907,-0.114321,-0.260864,-0.147604,-0.292557,-0.194954,-0.247808,-0.211166,-0.194979,-0.172605,-0.168312,-0.107704,-0.178388,-0.0589407,-0.198211,-0.0140155,-0.154397,0.0732087,-0.0612134,0.18258
0.547007,0.926889,1.15717,0.727288,1.08805,-0.590139,-0.52284,-2.10876,-1.45028,-2.22873,-0.702086,-0.758274,0.0290915,0.796734,0.051491,1.09959,0.102704,-0.0124498,0.424706,-1.6065,0.782315,-2.49884,0.965829,-2.42798,0.955425,-1.95752,0.944591,-1.56067,1.05684,-1.38051,1.24768,-1.42836,1.46655,-1.56695,1.62738,-1.52142,1.59486,-1.14384,1.34753,-0.596907,0.981183,-0.175711,0.663626,-0.00209603,0.589861,0.00383846,0.801406,-0.038915,1.11717,-0.0574002,1.28619,-0.0535365,1.23866,-0.0898504,1.16348,-0.198615,1.25119,-0.293314,1.45324,-0.251773,1.55334,-0.0941435,1.42549,0.0681833,1.16992,0.137831,0.976637,0.0509354,0.921257,-0.117124,0.942217,-0.208338,0.967571,-0.201267,0.944768,-0.186393,0.871685,-0.200762,0.862569,-0.236571,0.975425,-0.300436,1.09985,-0.360361,1.11712,-0.350765,1.00646,-0.280789,0.825472,-0.245561,0.649155,-0.297506,0.511728,-0.400236,0.419908,-0.501551,0.367836,-0.532966,0.322128,-0.444833,0.288062,-0.298895,0.328795,-0.172554,0.439227,-0.0889918,0.576629,-0.107856,0.73595,-0.237227,0.843326,-0.333189,0.82378,-0.299577,0.742415,-0.205737,0.658474,-0.156392,0.559355,-0.216697,0.491804,-0.370235,0.510668,-0.492359,0.538699,-0.480238,0.426676,-0.375766,0.184549,-0.296825,0.0478798,-0.271546,0.160534,-0.254273,0.392256,-0.274173,0.561603,-0.356144,0.555265,-0.417711,0.386498,-0.409807,0.234045,-0.368745,0.186721,-0.316471,0.179802,-0.245813,0.188236,-0.196014,0.18811,-0.221318,0.154574,-0.24993,0.16311,-0.185509,0.283339,-0.0893959,0.456424,-0.0582336,0.56981,-0.0877544,0.573093,-0.106442,0.461045,-0.0643953,0.250081,-0.00118688,0.0511627,0.0406069,0.00118689,0.0976031,0.0808603,0.194878,0.154296,0.27589,0.17109,0.289072,0.173312,0.257253,0.13566,0.19912,0.0317684,0.131821,-0.0196216,0.10879,0.074345,0.11129,0.23844,0.0941182,0.366321,0.104043,0.39766,0.178943,0.319931,0.278971,0.210459,0.36925,0.155054,0.451954,0.150508,0.509329,0.178287,0.517839,0.231167,0.493925,0.297077,0.458091,0.37968,0.439454,0.448116,0.45054,0.457333,0.431979,0.415211,0.370816,0.364074,0.363366,0.348669,0.458571,0.359048,0.569709,0.342785,0.575366,0.304754,0.43857,0.314527,0.237884,0.403216,0.0790926,0.485667,-0.0148488,0.470263,-0.0743703,0.419933,-0.0904565,0.434479,-0.0261622,0.446247,0.0992698,0.349881,0.185484,0.210282,0.173312,0.102477,0.145104,-0.0353543,0.144473,-0.182024,0.034925,-0.18864,-0.211368,-0.0481071,-0.37415,0.0757845,-0.364755
2.66837,4.39969,1.62918,1.2992,0.502763,-1.04015,-0.0217176,-1.39677,-0.156039,-0.756001,0.343619,-0.107124,1.44958,0.346952,2.01295,0.308618,1.38013,-0.173211,0.387508,-0.600821,-0.11129,-0.630291,-0.203287,-0.260687,-0.232202,0.222909,-0.241217,0.576982,-0.0910878,0.795042,0.216873,0.959667,0.400135,1.14283,0.202656,1.28957,-0.254197,1.21288,-0.597664,0.874287,-0.575871,0.490036,-0.27993,0.238162,-0.0655822,0.0245207,-0.170736,-0.26589,-0.455843,-0.509834,-0.667792,-0.564229,-0.771002,-0.49496,-0.826887,-0.505819,-0.802416,-0.69605,-0.670014,-0.873857,-0.573725,-0.795143,-0.723248,-0.514203,-1.06083,-0.280259,-1.28879,-0.240586,-1.30265,-0.335184,-1.2519,-0.438116,-1.20023,-0.51539,-1.06452,-0.575846,-0.830851,-0.614205,-0.647868,-0.636554,-0.647918,-0.664964,-0.747946,-0.690242,-0.807972,-0.665822,-0.821255,-0.620645,-0.814992,-0.615291,-0.799512,-0.571326,-0.81181,-0.392256,-0.856003,-0.157099,-0.870726,0.00171721,-0.818098,0.0543446,-0.722541,0.0268188,-0.614609,-0.0489909,-0.522638,-0.109699,-0.453949,-0.117907,-0.352331,-0.124725,-0.208515,-0.1447,-0.164802,-0.101846,-0.30132,-0.0188135,-0.425438,-0.0277279,-0.314729,-0.135887,-0.0481829,-0.220611,0.102578,-0.218187,0.0594962,-0.16316,0.041314,-0.116922,0.220257,-0.0779815,0.460742,0.00328291,0.526931,0.0832341,0.42107,0.0695722,0.348316,-0.0114396,0.38223,-0.0478041,0.39963,-0.00121215,0.328189,0.0210863,0.235434,-0.063966,0.200181,-0.155483,0.220636,-0.169802,0.258364,-0.163968,0.278718,-0.129447,0.247556,-0.0138892,0.197201,0.103235,0.17465,0.151645,0.150862,0.181292,0.131114,0.196267,0.153034,0.127048,0.168413,-0.00244955,0.117275,-0.0817442,0.0364907,-0.0858604,0.035127,-0.103209,0.147326,-0.185585,0.244349,-0.263087,0.235561,-0.233742,0.210661,-0.0881837,0.244601,0.0685368,0.275915,0.127553,0.23296,0.100861,0.134725,0.0828301,0.0420211,0.117553,-0.0350512,0.180484,-0.127856,0.262102,-0.224197,0.346725,-0.258667,0.364023,-0.20657,0.308845,-0.128084,0.266369,-0.0863655,0.235056,-0.114245,0.157251,-0.198489,0.0773249,-0.258389,0.0796482,-0.249955,0.156241,-0.218692,0.208969,-0.229348,0.174196,-0.281673,0.0943707,-0.314982,0.0278794,-0.338517,-0.00426776,-0.390463,0.0106568,-0.42011,0.0496223,-0.410867,0.0478293,-0.394201,-0.0258339,-0.321573,-0.121114,-0.184953,-0.155382,-0.117629,-0.120735,-0.205661,-0.110608,-0.361422,-0.221166,-0.451449,-0.411246,-0.434353,-0.496879,-0.343341,-0.375084,-0.221899,-0.171771,-0.127528,-0.0548749,-0.115937,-0.0456323,-0.168261,-0.109699
-0.798628,1.08992,0.118336,1.82355,0.00848512,0.628625,-0.41511,-1.82696,-0.74542,-3.30555,-0.804487,-3.45121,-0.386498,-3.72372,0.217833,-4.36211,0.263187,-4.36434,-0.34579,-3.69922,-0.91805,-3.09216,-1.08088,-2.68299,-1.0481,-2.27639,-1.00343,-1.86613,-0.905373,-1.47278,-0.77085,-1.11894,-0.704611,-0.894918,-0.661504,-0.88012,-0.483571,-1.04487,-0.189827,-1.17184,-0.0329047,-1.03257,-0.178337,-0.683272,-0.421272,-0.356144,-0.439378,-0.1222,-0.231369,0.115356,0.0189903,0.413898,0.228919,0.689661,0.305486,0.801128,0.212176,0.741885,0.0956839,0.640999,0.00881333,0.606149,-0.121947,0.657186,-0.242253,0.710773,-0.256925,0.685469,-0.208565,0.619862,-0.180787,0.594609,-0.152882,0.632716,-0.0874261,0.685974,-0.0683853,0.697616,-0.148993,0.69797,-0.201166,0.729637,-0.144574,0.756557,-0.106341,0.763527,-0.145634,0.771355,-0.125255,0.756582,0.00777796,0.685166,0.173514,0.56178,0.336346,0.43602,0.421777,0.351422,0.370589,0.251849,0.341346,0.0855069,0.446777,-0.00939414,0.569937,0.102881,0.652287,0.292809,0.738349,0.39016,0.811735,0.430388,0.87267,0.48948,0.958935,0.550315,1.01732,0.592967,0.975627,0.642716,0.901383,0.685368,0.892797,0.625392,0.882165,0.471929,0.7908,0.40415,0.71292,0.45852,0.693525,0.457535,0.640191,0.340462,0.564608,0.213439,0.545719,0.142554,0.526577,0.129776,0.435742,0.162958,0.333896,0.220863,0.283744,0.285208,0.268642,0.315335,0.246268,0.259021,0.190105,0.140331,0.133766,0.0608094,0.146468,0.0572487,0.268996,0.0475768,0.450717,-0.0251521,0.54885,-0.090406,0.515213,-0.0476526,0.448722,0.0556325,0.404377,0.0740168,0.370059,0.0193186,0.337255,0.0237126,0.296092,0.0987648,0.259576,0.189726,0.230939,0.28892,0.203464,0.357306,0.207782,0.354528,0.226596,0.305714,0.17561,0.225358,0.0429302,0.123462,-0.0730571,0.0541173,-0.123942,0.0241672,-0.184423,-0.0212883,-0.264349,-0.0831584,-0.262076,-0.118891,-0.176595,-0.103512,-0.136821,-0.00133842,-0.212858,0.174044,-0.342482,0.261117,-0.405867,0.135154,-0.344982,-0.0467182,-0.260208,-0.07384,-0.273163,0.00108587,-0.293718,0.051491,-0.195029,0.0774764,-0.0941182,0.0722743,-0.125457,0.010177,-0.223262,-0.0636377,-0.335235,-0.0996991,-0.463646,-0.107982,-0.516122,-0.109927,-0.43506,-0.0892949,-0.297077,-0.0586881,-0.150281,-0.0659105,0.00946991,-0.0747238,0.130382,-0.0272986,0.164372,0.0109093,0.141013,-0.0393696,0.102452,-0.113816,0.0756835,-0.108512,0.0849261,-0.0363139,0.0923252,0.0267178,0.0277784,0.0331573,-0.0726531,0.00181822
2.54452,1.25553,1.0527,1.18126,-0.316169,0.664459,-0.942243,0.0941183,-0.518547,-1.11679,0.158261,-2.4071,0.074042,-2.70023,-0.241874,-2.17881,0.0478293,-1.48119,0.599634,-0.932268,0.939389,-0.576502,1.18801,-0.227101,1.38137,0.133816,1.33033,0.471273,1.10386,0.847619,0.935399,1.12285,0.878731,1.2178,0.879918,1.36445,0.871963,1.64749,0.800699,1.82736,0.75393,1.71168,0.819715,1.34533,0.873933,0.903706,0.803805,0.545744,0.736001,0.324477,0.823705,0.160837,0.958379,-0.0303794,0.907621,-0.182479,0.713475,-0.255788,0.6187,-0.341371,0.637337,-0.368518,0.59923,-0.200787,0.492056,0.0163892,0.417004,0.105507,0.363973,0.131114,0.278592,0.168009,0.183464,0.17162,0.0833351,0.125104,-0.0142427,0.0767946,-0.00393948,0.0391675,0.135306,-0.0145963,0.262455,-0.0519961,0.303542,-0.0192176,0.297506,0.0488395,0.219904,0.088108,0.018662,0.0927798,-0.202732,0.0917949,-0.276117,0.0948,-0.199903,0.0702288,-0.108866,-0.0214399,-0.0933606,-0.172908,-0.156089,-0.315638,-0.219702,-0.384781,-0.152933,-0.367912,0.0561123,-0.286345,0.246142,-0.214474,0.294527,-0.238237,0.245334,-0.318643,0.194726,-0.347886,0.16412,-0.335891,0.118184,-0.337861,0.0429555,-0.295612,-0.0188135,-0.169297,-0.0362887,-0.0667691,-0.0335613,-0.0678298,-0.00207075,-0.108184,0.0470465,-0.124144,0.00053031,-0.130356,-0.138665,-0.120684,-0.212429,-0.0564911,-0.209575,-0.00467181,-0.246874,-0.0649762,-0.319275,-0.137351,-0.338896,-0.101972,-0.299224,-0.082426,-0.258743,-0.177655,-0.238919,-0.258364,-0.21551,-0.248515,-0.191949,-0.257253,-0.212782,-0.314401,-0.255612,-0.295335,-0.236773,-0.189398,-0.1622,-0.122907,-0.069951,-0.0990678,0.0495465,-0.0130811,0.124573,0.0966688,0.0760875,0.100583,-0.00911637,0.0168185,-0.0173236,-0.0556073,0.0361119,-0.0877544,0.0824765,-0.0836382,0.0719713,-0.0713904,-0.0252531,-0.116871,-0.172655,-0.210787,-0.264299,-0.228414,-0.253793,-0.130836,-0.198363,-0.0393695,-0.135963,-0.0315411,-0.0404049,-0.057678,0.0772239,-0.0442181,0.124599,0.0175761,0.0211621,0.0484859,-0.194348,-0.0214904,-0.352912,-0.142781,-0.339275,-0.212681,-0.242909,-0.222353,-0.1746,-0.218591,-0.115482,-0.19455,-0.0611629,-0.162301,-0.0655064,-0.154928,-0.0946738,-0.130457,-0.0936131,-0.0607589,-0.139447,-0.000126267,-0.229374,0.0113134,-0.214878,-0.00353543,-0.122452,-0.000909108,-0.0658095,0.0580063,-0.00550517,0.169069,0.0492435,0.257809,-0.0223237,0.267329,-0.208338,0.206797,-0.355134,0.111088,-0.390059,0.0260612,-0.375993,-0.0246975,-0.36925,-0.0176519,-0.369351,0.0782088,-0.377129,0.157453,-0.38771,0.0672994
2.34881,0.566704,4.13181,-0.865625,5.2259,-1.61097,4.51578,-2.50465,2.34859,-3.60116,0.670974,-3.97428,0.204777,-3.11373,0.141872,-1.86731,0.212883,-1.56791,0.564709,-2.05767,1.04634,-2.36457,1.48609,-2.32992,1.67539,-2.21583,1.48576,-2.05689,1.17694,-1.85373,1.04081,-1.71559,1.01777,-1.75117,0.926409,-1.93231,0.762314,-2.12739,0.653474,-2.25353,0.633069,-2.25581,0.575694,-2.09646,0.395741,-1.80158,0.174499,-1.40773,0.0222227,-1.02601,-0.112856,-0.837089,-0.339831,-0.80282,-0.561047,-0.655292,-0.625897,-0.36372,-0.610872,-0.213616,-0.628498,-0.221722,-0.663499,-0.112073,-0.713829,0.0827796,-0.754941,0.16715,-0.69451,0.213641,-0.566199,0.28339,-0.506021,0.250132,-0.485061,0.116997,-0.389882,0.0446979,-0.320259,0.0869463,-0.411575,0.145256,-0.545997,0.135053,-0.580518,0.08432,-0.538572,0.0526779,-0.450161,0.0642943,-0.313365,0.142326,-0.202176,0.230763,-0.218136,0.164069,-0.34175,-0.0549254,-0.454909,-0.214727,-0.465111,-0.253465,-0.354048,-0.24498,-0.208868,-0.197328,-0.182504,-0.142579,-0.332936,-0.0940677,-0.545239,0.031036,-0.647059,0.227985,-0.553194,0.360614,-0.30589,0.366548,-0.0328037,0.354149,0.133993,0.392862,0.162983,0.366043,0.164423,0.199954,0.216747,0.000858607,0.265284,-0.102376,0.312911,-0.0723248,0.399251,0.0136619,0.423721,0.0194701,0.325083,-0.0664661,0.214096,-0.0930828,0.175332,0.0331573,0.162327,0.221217,0.0936889,0.317936,-0.0144953,0.309981,-0.0564154,0.308315,-0.00742441,0.311951,0.0442434,0.229879,0.0451272,0.108664,0.0368695,0.0870978,0.0747996,0.204196,0.139826,0.369124,0.161771,0.465944,0.130937,0.440287,0.122225,0.334376,0.144018,0.244046,0.117477,0.196494,0.0910626,0.172327,0.175408,0.17359,0.286016,0.153438,0.280284,0.0710116,0.190332,0.0129801,0.12773,0.0650519,0.123437,0.137806,0.103437,0.0977546,0.00795473,-0.0190913,-0.086315,-0.0991436,-0.0962395,-0.126392,-0.0762643,-0.134271,-0.0904565,-0.12225,-0.103386,-0.0910626,-0.0999769,-0.0855574,-0.132604,-0.112679,-0.159044,-0.0637135,-0.082224,0.0884363,0.0278036,0.172226,0.038814,0.105457,-0.0131821,0.0170206,-0.0132579,-0.00176771,0.0197227,0.0184347,0.00138892,0.0493698,-0.0317179,0.0925778,-0.0115154,0.144372,0.0472738,0.198767,0.0994214,0.234677,0.0838655,0.246571,-0.0235611,0.278491,-0.163362,0.308087,-0.257278,0.255031,-0.237808,0.157024,-0.0866938,0.127376,0.100179,0.209449,0.207353,0.337154,0.233237,0.380387,0.229449,0.301799,0.201848,0.203843,0.156039,0.145584,0.125836,0.090911,0.125053,0.0544709
-0.580518,-0.229374,-1.16965,0.147503,-2.31664,0.551376,-2.42091,1.44018,-1.12184,1.99287,0.138791,1.51627,0.662843,0.707212,0.628574,0.285991,0.0722238,0.0433343,-0.636504,-0.182125,-0.942394,-0.185509,-0.78883,0.0458091,-0.561376,0.302128,-0.623726,0.448899,-0.981789,0.487637,-1.33962,0.474859,-1.46107,0.438772,-1.36826,0.309704,-1.17576,0.0929566,-1.00911,-0.0650519,-0.9555,-0.127275,-0.878554,-0.159801,-0.63461,-0.245586,-0.336901,-0.508976,-0.121088,-0.880953,0.0428292,-1.05803,0.26589,-0.933985,0.578775,-0.734486,0.822088,-0.640115,0.833755,-0.596856,0.66163,-0.511829,0.468672,-0.395589,0.389478,-0.313163,0.462232,-0.26844,0.611831,-0.200737,0.750067,-0.0976536,0.848831,0.027046,0.921005,0.134927,0.978859,0.131644,1.01429,0.0465162,1.03058,0.00823251,1.01439,0.00830826,0.940929,-0.020556,0.890398,-0.0658853,0.94348,-0.117705,1.00679,-0.213793,0.968834,-0.366952,0.860322,-0.502561,0.71946,-0.55529,0.527133,-0.60572,0.365336,-0.709207,0.351018,-0.752895,0.395564,-0.691278,0.339452,-0.606326,0.230914,-0.541855,0.205585,-0.508218,0.230434,-0.486627,0.2096,-0.42607,0.150963,-0.316446,0.0745218,-0.199221,-0.0439909,-0.119649,-0.213868,-0.0747996,-0.38718,-0.0195206,-0.48549,0.0753804,-0.491122,0.177605,-0.46847,0.229172,-0.471626,0.248414,-0.459151,0.320032,-0.358467,0.474025,-0.206393,0.612968,-0.131139,0.618827,-0.197782,0.544911,-0.348644,0.5114,-0.45804,0.493824,-0.427282,0.432863,-0.282506,0.384958,-0.127932,0.428873,-0.036617,0.521729,-0.032728,0.541931,-0.0988405,0.440439,-0.175888,0.307734,-0.197454,0.276875,-0.148513,0.343492,-0.0693702,0.387837,-0.0191418,0.350841,-0.0311118,0.28834,-0.0720975,0.304805,-0.0974516,0.394958,-0.110078,0.442131,-0.103613,0.451449,-0.0744208,0.494051,-0.0704308,0.492283,-0.101921,0.380539,-0.130735,0.245207,-0.129245,0.154827,-0.0653297,0.102654,0.0320967,0.0765673,0.0709611,0.043006,0.0431575,0.00141416,0.0239147,-0.00563144,0.0478546,-0.00659106,0.09879,-0.0466929,0.158867,-0.115861,0.198413,-0.192024,0.177075,-0.232202,0.0956839,-0.225964,0.00505063,-0.238136,-0.0404302,-0.294754,-0.0381069,-0.338669,-0.0350765,-0.300865,-0.0501526,-0.176544,-0.0356826,-0.0665166,0.041415,-0.0728551,0.0912141,-0.140963,0.01846,-0.125508,-0.0820725,-0.0300512,-0.0561628,-0.00250006,0.0714662,-0.0614912,0.137427,-0.084421,0.0673499,-0.0504304,-0.048991,-0.0109598,-0.101568,0.0603296,-0.0635115,0.173514,0.0231318,0.26541,0.0840675,0.317886,0.0726278,0.347255,0.0168943,0.325083,-0.0388645,0.246672
1.64814,-2.95686,3.20032,-1.70377,4.77455,-0.490516,4.99617,-0.408469,4.36797,-0.624155,3.34937,-0.493369,2.00686,-0.589104,1.02409,-1.20404,0.709132,-1.64592,0.725698,-1.53996,0.96492,-1.26586,1.3872,-1.10646,1.68309,-1.13399,1.67718,-1.36533,1.51256,-1.66413,1.32447,-1.83403,1.16068,-1.77314,1.1178,-1.50614,1.20344,-1.17369,1.29798,-0.972723,1.35213,-0.924035,1.31536,-0.841533,1.03419,-0.642817,0.533143,-0.408014,0.151922,-0.240157,0.175963,-0.240409,0.521223,-0.446929,0.881938,-0.803098,1.02272,-1.18606,0.862897,-1.41165,0.52087,-1.34836,0.287329,-1.07023,0.31286,-0.819664,0.452712,-0.782239,0.50587,-0.909313,0.413822,-0.978355,0.271824,-0.837947,0.245283,-0.579028,0.368367,-0.37521,0.482485,-0.245435,0.486324,-0.151064,0.456449,-0.130457,0.463268,-0.178867,0.483596,-0.183514,0.45006,-0.0713399,0.299072,0.0876534,0.0971233,0.207378,0.00845977,0.305512,0.0537638,0.414857,0.0829563,0.503142,-0.0178792,0.528421,-0.190029,0.516804,-0.295461,0.515339,-0.303542,0.522031,-0.282153,0.542108,-0.287102,0.564633,-0.355589,0.525415,-0.518016,0.434151,-0.7559,0.381751,-0.933909,0.39319,-0.931788,0.395488,-0.853276,0.304653,-0.828048,0.143235,-0.770244,0.0207833,-0.575113,-0.0137882,-0.363114,0.00257581,-0.323138,0.0120457,-0.387584,-0.0273743,-0.340538,-0.101088,-0.178792,-0.113058,-0.0735622,-0.00924262,-0.096189,0.08432,-0.168489,0.0611629,-0.206974,0.045607,-0.210131,0.175534,-0.191949,0.366877,-0.131366,0.456247,-0.0412888,0.438318,0.0417938,0.425464,0.123993,0.451727,0.163261,0.472359,0.104548,0.486475,0.0461626,0.502536,0.0865675,0.481273,0.168665,0.406297,0.212681,0.311522,0.187807,0.252783,0.110735,0.250965,0.0540416,0.234121,0.0309603,0.150357,-0.0172984,0.0551527,-0.0747238,-0.00790421,-0.0675267,-0.0685116,0.0148993,-0.163892,0.110558,-0.268137,0.15662,-0.274602,0.158261,-0.131922,0.172908,0.045001,0.214424,0.111745,0.23402,0.0759107,0.247455,0.051693,0.311345,0.0703551,0.367205,0.074042,0.358063,0.0567436,0.332431,0.0445212,0.29084,0.0345209,0.193211,0.0201014,0.108285,0.0202025,0.128437,0.0833351,0.214929,0.198312,0.264425,0.277178,0.227757,0.273491,0.155306,0.208085,0.160812,0.151695,0.247632,0.171418,0.291218,0.238364,0.253415,0.291092,0.222757,0.313719,0.249298,0.285638,0.267076,0.166645,0.18758,-0.0309855,0.0549507,-0.196242,-0.00542941,-0.253718,0.0214146,-0.273466,0.0684863,-0.277834,0.0955324,-0.186292,0.080532,-0.0399251,0.00441928,0.0315411
-3.13954,0.548699,-3.29303,0.113285,-3.51697,-0.0921233,-3.24363,0.00934354,-2.00747,0.830447,-0.650494,1.4946,-0.482132,1.16326,-1.13965,0.546527,-1.28765,0.383316,-0.743072,0.587285,-0.0540921,0.85868,0.571149,0.993835,1.05262,0.895474,1.26096,0.614281,1.23725,0.293921,1.14245,0.0412888,1.01235,-0.0664661,0.795851,0.00363644,0.584558,0.109169,0.485339,0.107174,0.386119,0.068259,0.289829,0.0265915,0.506122,-0.0897747,1.08836,-0.224954,1.61663,-0.326977,1.76567,-0.485465,1.60226,-0.734738,1.25149,-1.01325,0.724965,-1.22149,0.150357,-1.20609,-0.208616,-0.928177,-0.267278,-0.578447,-0.204297,-0.386372,-0.162857,-0.40266,-0.148033,-0.479505,-0.188868,-0.460742,-0.318997,-0.346649,-0.492359,-0.236091,-0.636327,-0.210737,-0.725268,-0.265258,-0.785396,-0.300688,-0.811583,-0.252758,-0.745041,-0.189044,-0.568926,-0.212858,-0.350917,-0.294274,-0.186696,-0.293794,-0.0933353,-0.160332,0.0177277,0.0212883,0.203893,0.128993,0.393872,0.11571,0.480061,0.0896989,0.46006,0.177378,0.383417,0.316876,0.217656,0.361195,0.00121215,0.309779,-0.0707086,0.253894,0.0694712,0.188943,0.293087,0.0571477,0.476551,-0.0960627,0.562361,-0.159726,0.547865,-0.11922,0.453772,-0.051592,0.283365,-0.00330815,0.0703803,0.0472485,-0.0883353,0.126922,-0.10129,0.195711,0.0257329,0.181418,0.17508,0.065557,0.26594,-0.0982597,0.352861,-0.250586,0.464581,-0.362331,0.518774,-0.395185,0.477435,-0.37915,0.369225,-0.410059,0.225838,-0.419251,0.14773,-0.25743,0.193615,-0.0155812,0.212757,0.115457,0.0774512,0.16061,-0.084623,0.232328,-0.127376,0.298794,-0.108285,0.288592,-0.0869211,0.24801,-0.0227278,0.245207,0.0695217,0.252404,0.131619,0.230611,0.106896,0.186898,-0.0338896,0.127882,-0.181039,0.100937,-0.203085,0.171595,-0.156317,0.305512,-0.175711,0.388114,-0.272481,0.356498,-0.346573,0.269021,-0.338391,0.228641,-0.317835,0.229399,-0.341068,0.163766,-0.325765,0.0544709,-0.234172,0.0719965,-0.188413,0.231394,-0.256117,0.343795,-0.345487,0.306648,-0.384933,0.225535,-0.383796,0.209727,-0.346043,0.231823,-0.266445,0.220358,-0.153109,0.15013,-0.07235,0.0637135,-0.111063,0.0263389,-0.220964,0.0422736,-0.270536,0.0725521,-0.244273,0.0979314,-0.222151,0.100103,-0.223338,0.0568447,-0.198464,0.0233338,-0.137124,0.0804058,-0.0903302,0.162049,-0.0908605,0.139877,-0.115836,0.0391422,-0.125533,-0.036516,-0.088007,-0.0965425,0.00517688,-0.187075,0.0979567,-0.2545,0.109018,-0.22503,0.0383847,-0.0994213,-0.0495465,0.0322482,-0.112629,0.0796734,-0.151165,0.0848251
-0.652287,-0.586275,1.46208,-1.07477,3.21176,-1.98171,3.45818,-1.55266,2.21889,-0.00565671,0.235864,1.11156,-1.13674,1.45917,-1.16586,1.65269,-0.666302,1.90004,-0.367432,2.05083,-0.0630569,1.99012,0.392534,1.70324,0.787315,1.33629,1.03012,1.02444,1.25339,0.764941,1.51301,0.489859,1.69936,0.167882,1.77605,-0.142326,1.84047,-0.356195,1.93593,-0.472182,1.99663,-0.591982,1.9709,-0.761304,1.83327,-0.88108,1.49036,-0.927318,0.925247,-0.992143,0.368796,-0.979819,0.00858605,-0.682489,-0.240864,-0.156796,-0.452889,0.39021,-0.550668,0.902545,-0.492157,1.36359,-0.339073,1.66632,-0.188539,1.7663,-0.066062,1.75456,0.036617,1.74241,0.0603548,1.75128,0.0105558,1.69764,0.00570719,1.5568,0.0514405,1.45589,0.004091,1.45546,-0.17167,1.47412,-0.324098,1.47551,-0.341573,1.43715,-0.272935,1.29541,-0.237328,1.11386,-0.305486,1.04108,-0.444201,1.07717,-0.566149,1.08611,-0.58173,1.01351,-0.460338,0.963329,-0.321522,1.00139,-0.308491,1.04813,-0.377003,1.03293,-0.393367,0.973152,-0.330032,0.938455,-0.205333,1.00053,-0.00148994,1.13015,0.238919,1.24318,0.41463,1.32604,0.473116,1.35245,0.456172,1.26,0.464656,1.07323,0.556401,0.879943,0.716303,0.759183,0.847367,0.73441,0.872266,0.739056,0.899211,0.687995,1.02002,0.51544,1.11553,0.215813,1.07879,-0.0838907,0.953152,-0.258869,0.795775,-0.328719,0.613927,-0.360563,0.456929,-0.365311,0.405059,-0.326497,0.441474,-0.25599,0.471753,-0.185661,0.449429,-0.169221,0.363417,-0.27147,0.171544,-0.453823,-0.0765168,-0.575063,-0.188287,-0.572992,-0.0839664,-0.512208,0.0882847,-0.460161,0.133942,-0.451878,0.0167175,-0.484455,-0.114119,-0.472712,-0.108159,-0.349982,0.0137124,-0.164372,0.0954819,-0.0228793,0.0591174,-0.00138893,-0.0157074,-0.0850776,-0.0574002,-0.20109,-0.0718703,-0.250081,-0.0824765,-0.150635,-0.115886,0.0443444,-0.195762,0.2071,-0.315891,0.270385,-0.400438,0.215156,-0.34978,0.0691682,-0.171241,-0.067653,0.0220964,-0.0869968,0.127882,0.00954567,0.0961637,0.105634,-0.037122,0.149549,-0.135205,0.191242,-0.104169,0.235106,0.00401524,0.249122,0.0946485,0.238667,0.123791,0.228515,0.0940424,0.230434,0.0519203,0.239197,0.0532082,0.243465,0.0975273,0.196772,0.142453,0.0853049,0.159751,0.0141165,0.131947,0.0499001,0.0646479,0.119472,0.00916686,0.154877,-0.000303045,0.17513,0.0280814,0.193211,0.084421,0.164827,0.154902,0.0648246,0.198136,-0.08831,0.172226,-0.244778,0.0906585,-0.311118,0.0383847,-0.247682,0.0999012,-0.122149
-0.976385,2.35894,-1.32508,1.10114,-0.696808,-0.275158,-0.501147,-2.14406,-1.25263,-3.29585,-2.23626,-2.65607,-2.81418,-1.50261,-3.24861,-1.06896,-3.96534,-1.12545,-4.64669,-1.31286,-4.82361,-1.61855,-4.67045,-2.04666,-4.58472,-2.50561,-4.62073,-2.86079,-4.60818,-3.06883,-4.45833,-3.18222,-4.19792,-3.25073,-3.85973,-3.26146,-3.53601,-3.19825,-3.39623,-3.11017,-3.46169,-3.04555,-3.54692,-2.98395,-3.4671,-2.84605,-3.19436,-2.56119,-2.83602,-2.18219,-2.42323,-1.87496,-1.89461,-1.71279,-1.33303,-1.56266,-0.909161,-1.29728,-0.6287,-0.98939,-0.352836,-0.739334,-0.0242429,-0.523774,0.248263,-0.331876,0.36218,-0.220232,0.371018,-0.204121,0.416928,-0.261799,0.601023,-0.372357,0.88065,-0.443419,1.11444,-0.389377,1.22467,-0.285562,1.18609,-0.24397,1.04166,-0.279678,0.952925,-0.345992,0.969188,-0.330436,0.973102,-0.159322,0.95598,0.0530567,0.991612,0.154018,1.04048,0.134119,1.05235,0.0652034,1.06846,0.0378039,1.14109,0.0785876,1.27922,0.0775774,1.40213,-0.0387635,1.40147,-0.214399,1.31308,-0.40564,1.25313,-0.551653,1.21207,-0.499051,1.10603,-0.226192,0.964693,0.0516425,0.872393,0.209777,0.826584,0.348644,0.805346,0.51943,0.790775,0.660242,0.690267,0.75484,0.45102,0.820801,0.192454,0.83719,0.0487637,0.785067,-0.0452787,0.722213,-0.246116,0.713728,-0.507511,0.719662,-0.647741,0.693752,-0.694232,0.675419,-0.802063,0.67052,-0.95992,0.647792,-1.08103,0.628801,-1.13129,0.59726,-1.10235,0.503218,-1.04396,0.381044,-1.01593,0.266041,-1.01275,0.155281,-0.983683,0.124346,-0.885827,0.220762,-0.760117,0.318795,-0.667211,0.305991,-0.591528,0.247253,-0.533648,0.269602,-0.510617,0.405867,-0.486021,0.554305,-0.459934,0.573548,-0.452384,0.448091,-0.411272,0.325714,-0.320891,0.313946,-0.282683,0.337583,-0.36925,0.322936,-0.492107,0.336497,-0.518824,0.418267,-0.443873,0.495794,-0.331396,0.50741,-0.215838,0.449782,-0.145634,0.358316,-0.146316,0.284501,-0.1497,0.228263,-0.121088,0.163741,-0.121543,0.127124,-0.169675,0.14321,-0.186241,0.149574,-0.118538,0.115432,-0.0654055,0.0815422,-0.146897,0.0416423,-0.290966,-0.0480818,-0.347457,-0.151417,-0.297229,-0.183893,-0.219803,-0.140028,-0.146771,-0.0952798,-0.0664913,-0.12725,-0.0172479,-0.235131,-0.0303037,-0.314325,-0.0823503,-0.300638,-0.147478,-0.246419,-0.192832,-0.180206,-0.194297,-0.109321,-0.182277,-0.0895727,-0.223288,-0.0864665,-0.342356,-0.00868705,-0.458217,0.103235,-0.470465,0.167579,-0.381801,0.168792,-0.263869,0.127099
0.966182,1.67284,1.90734,0.0459606,2.89779,-0.795194,3.35293,-0.118235,2.63612,0.54438,0.976839,0.484682,-0.519228,0.889135,-1.28907,2.15714,-1.7291,3.08918,-2.17909,3.05504,-2.48344,2.49579,-2.50417,1.87443,-2.39495,1.4518,-2.28096,1.31793,-2.15815,1.36011,-2.07454,1.4968,-2.03613,1.74875,-1.97835,2.09833,-1.91002,2.42033,-1.83267,2.57346,-1.7285,2.56346,-1.70733,2.47043,-1.84933,2.2452,-2.04017,1.77991,-2.1777,1.12371,-2.29571,0.439227,-2.38826,-0.151897,-2.32227,-0.550441,-2.0331,-0.712894,-1.59799,-0.742718,-1.07497,-0.757314,-0.558573,-0.756203,-0.254551,-0.728097,-0.244374,-0.705975,-0.370942,-0.700091,-0.422358,-0.683752,-0.327835,-0.60625,-0.201772,-0.444757,-0.160407,-0.239172,-0.157529,-0.0377786,-0.143463,0.133462,-0.160635,0.236647,-0.157832,0.220081,-0.024445,0.108134,0.161721,0.020253,0.231268,0.00626276,0.184196,-0.00270208,0.106265,-0.0609862,0.0252026,-0.162099,-0.0218944,-0.244879,-0.00643954,-0.244677,0.0522991,-0.184272,0.172175,-0.135053,0.37218,-0.161796,0.548951,-0.267556,0.558245,-0.370084,0.408569,-0.428065,0.256824,-0.478015,0.198767,-0.569861,0.167605,-0.747516,0.115078,-0.977546,0.108942,-1.15157,0.174802,-1.20897,0.281395,-1.14593,0.412307,-1.01007,0.534633,-0.923252,0.636024,-0.945475,0.681353,-0.957697,0.566426,-0.782214,0.303491,-0.427105,0.0467687,-0.114321,-0.113109,0.000303031,-0.188464,-0.0245207,-0.194928,-0.084219,-0.135205,-0.160635,-0.0418443,-0.247808,0.0326017,-0.287052,0.0701278,-0.22705,0.0651782,-0.0743956,-0.0253793,0.107553,-0.171064,0.219878,-0.244525,0.231217,-0.215889,0.225156,-0.157529,0.244854,-0.137074,0.233742,-0.218237,0.136468,-0.381624,-0.0306067,-0.504405,-0.146089,-0.501728,-0.12821,-0.408292,-0.0734359,-0.324098,-0.0833351,-0.264147,-0.122831,-0.192327,-0.0998254,-0.16859,0.0307077,-0.19854,0.178135,-0.158817,0.209348,-0.0303542,0.152806,0.0700773,0.111088,0.0591679,0.101694,-0.0131316,0.129144,-0.0101517,0.194423,0.110103,0.23046,0.266546,0.213515,0.373341,0.224626,0.370437,0.27988,0.280259,0.299451,0.187605,0.278743,0.110457,0.28738,0.0553295,0.36372,0.0440413,0.489026,0.0316926,0.56183,-0.0193438,0.472232,-0.0737895,0.261723,-0.0801027,0.0850018,-0.0140407,0.0333341,0.0521981,0.0816937,0.00580821,0.125205,-0.094497,0.0987395,-0.116492,0.0827796,-0.0824513,0.154726,-0.0495465,0.237278,0.000176781,0.22955,0.0815169,0.128361,0.165584,-0.0218439,0.183666,-0.148665,0.0999264,-0.191822,-0.0342432,-0.162428,-0.120836,-0.100608
0.76984,0.0754562,-0.358088,1.67185,-0.744511,2.18876,0.595947,0.883428,2.68738,-0.443974,3.44702,-0.10677,2.70279,0.955324,1.9462,1.17715,1.81312,0.557992,1.87855,-0.108866,1.82077,-0.576174,1.76501,-1.02934,1.8608,-1.48806,1.99492,-1.80027,1.9183,-1.85395,1.5842,-1.70031,1.25844,-1.55173,1.0854,-1.57973,0.952445,-1.70334,0.861685,-1.69347,0.853099,-1.46276,0.819311,-1.12096,0.740142,-0.787845,0.667615,-0.477662,0.513092,-0.157301,0.186797,0.164271,-0.206015,0.391852,-0.488394,0.394125,-0.609357,0.152023,-0.562537,-0.200484,-0.313239,-0.510592,0.0478798,-0.692919,0.351548,-0.705899,0.523521,-0.585088,0.586477,-0.455313,0.595594,-0.405943,0.544052,-0.430262,0.397635,-0.518294,0.219197,-0.683222,0.0888151,-0.85815,0.0203792,-0.908429,0.00363644,-0.812038,-0.0195459,-0.693879,-0.145786,-0.63317,-0.368973,-0.590947,-0.547941,-0.537613,-0.574735,-0.511021,-0.49448,-0.553472,-0.459101,-0.653979,-0.540643,-0.724157,-0.611124,-0.660797,-0.565113,-0.501071,-0.491046,-0.39117,-0.450868,-0.382508,-0.37516,-0.439858,-0.253945,-0.563219,-0.16662,-0.712036,-0.131644,-0.758931,-0.0977041,-0.656302,-0.0263895,-0.507966,0.0892191,-0.439555,0.223894,-0.479657,0.320234,-0.563068,0.322355,-0.623145,0.260612,-0.658752,0.256546,-0.701353,0.375286,-0.750243,0.54678,-0.761658,0.661302,-0.671454,0.655822,-0.476071,0.523395,-0.284703,0.347053,-0.206419,0.252329,-0.242884,0.273087,-0.304072,0.34771,-0.302481,0.372963,-0.233843,0.273895,-0.140432,0.109118,-0.0790926,0.0287885,-0.0972243,0.0622741,-0.163034,0.0773754,-0.239096,0.0340917,-0.361523,0.0183337,-0.521905,0.0194701,-0.614837,-0.010682,-0.568623,-0.0356321,-0.436247,-0.0486879,-0.313618,-0.0864665,-0.247657,-0.129321,-0.273592,-0.149498,-0.380033,-0.1622,-0.457661,-0.153438,-0.447333,-0.0749764,-0.384301,0.0566426,-0.295082,0.157352,-0.225055,0.18864,-0.20056,0.170761,-0.16013,0.132402,-0.0994971,0.14273,-0.0767188,0.21455,-0.0455565,0.220535,0.0436121,0.126846,0.0876534,0.0632842,0.000606058,0.0587386,-0.123614,0.0294956,-0.167327,-0.0128538,-0.126493,0.0303289,-0.0511375,0.185282,-0.00138891,0.323391,-0.0144195,0.301648,-0.0645469,0.169726,-0.108336,0.0855321,-0.132023,0.0960627,-0.134978,0.149751,-0.114977,0.19907,-0.0939162,0.200888,-0.0942444,0.17561,-0.0865928,0.212479,-0.0490415,0.286042,0.0020455,0.270864,0.0710874,0.176822,0.115861,0.138286,0.0451777,0.222303,-0.102654,0.36521,-0.169776,0.470061,-0.088512,0.532714,0.0286622,0.55885,0.0589912,0.474303,0.0450515
2.85261,2.02191,1.95317,2.43909,1.85635,2.62134,2.64354,3.18855,2.96095,3.24159,1.95961,2.31018,0.1996,1.63228,-1.11992,1.89345,-1.45347,2.49468,-1.34223,2.91597,-1.39119,3.02941,-1.56738,2.81557,-1.6611,2.45265,-1.67658,2.18358,-1.75082,2.03222,-1.96057,1.89284,-2.19689,1.74973,-2.26578,1.62049,-2.14479,1.4669,-2.05727,1.29207,-2.1583,1.13601,-2.3122,0.965198,-2.30818,0.718349,-2.08653,0.415211,-1.75198,0.171923,-1.4518,0.122604,-1.28897,0.28041,-1.34331,0.462182,-1.55779,0.425186,-1.72471,0.121063,-1.73155,-0.26147,-1.61665,-0.529178,-1.47627,-0.632918,-1.41639,-0.611402,-1.47331,-0.559911,-1.59258,-0.580391,-1.67256,-0.677237,-1.66049,-0.820472,-1.60536,-0.996057,-1.53205,-1.11583,-1.41357,-1.12326,-1.30344,-1.08038,-1.26874,-1.02704,-1.26876,-0.971359,-1.25667,-0.933833,-1.26091,-0.915878,-1.27056,-0.944036,-1.1821,-1.02257,-0.993809,-1.07202,-0.869009,-1.04376,-0.861357,-0.976056,-0.830346,-0.91757,-0.686656,-0.845448,-0.494607,-0.709384,-0.340386,-0.579987,-0.241243,-0.583598,-0.176519,-0.678929,-0.139245,-0.71994,-0.140281,-0.682717,-0.205055,-0.638271,-0.3667,-0.613978,-0.550845,-0.585189,-0.600114,-0.510592,-0.531072,-0.424807,-0.487738,-0.429908,-0.502637,-0.504354,-0.555063,-0.547436,-0.639711,-0.559381,-0.682793,-0.578548,-0.631125,-0.609508,-0.565492,-0.656605,-0.575922,-0.68403,-0.629963,-0.630721,-0.631908,-0.520718,-0.57524,-0.418519,-0.559659,-0.30834,-0.632387,-0.15465,-0.697414,-0.0663903,-0.633423,-0.205535,-0.467283,-0.456424,-0.329957,-0.511905,-0.28887,-0.353644,-0.324653,-0.228515,-0.35569,-0.225863,-0.269223,-0.254804,-0.0747743,-0.261496,0.0629812,-0.266218,0.0291673,-0.295713,-0.129144,-0.304779,-0.248137,-0.226899,-0.180282,-0.0974516,0.00911637,0.0222732,0.134851,0.128412,0.184928,0.203035,0.230333,0.195156,0.183741,0.120684,-0.0104548,0.0849513,-0.201772,0.148311,-0.281824,0.235965,-0.284779,0.210964,-0.245536,0.0816432,-0.179701,0.022652,-0.0938151,0.103689,-0.010581,0.215358,0.0153791,0.226217,0.00578295,0.0949768,0.04341,-0.0738652,0.104194,-0.13816,0.0880322,-0.105659,0.0161872,-0.0923,0.0104548,-0.153412,0.0454808,-0.255006,-0.0125508,-0.336927,-0.119725,-0.360311,-0.136089,-0.337709,-0.0589659,-0.31185,0.0321472,-0.308163,0.0832089,-0.305183,0.114775,-0.254425,0.182201,-0.178085,0.246495,-0.148842,0.249147,-0.149296,0.233995,-0.137958,0.246369,-0.184448,0.274526,-0.344351,0.291496,-0.48102,0.263036,-0.422812,0.191974,-0.258743
-1.49546,2.76852,-0.961031,1.92668,-0.777946,1.00401,-1.50175,0.340134,-1.32367,0.112023,-0.0159853,0.522183,0.689308,1.07371,0.512536,1.19879,0.298416,0.994289,0.253667,0.833781,0.19306,0.767466,0.0510112,0.593018,-0.106593,0.347583,-0.19758,0.223414,-0.226066,0.139321,-0.251218,-0.125356,-0.248061,-0.472737,-0.110583,-0.562184,0.179221,-0.345538,0.494809,-0.129523,0.691505,-0.0753551,0.761582,-0.0202025,0.747592,0.153766,0.591907,0.324199,0.328315,0.353593,0.140963,0.219904,0.0821735,-0.0109346,0.0506577,-0.164069,-0.0504556,-0.130331,-0.241116,-0.0684106,-0.404403,-0.170989,-0.424807,-0.376347,-0.367053,-0.52789,-0.338416,-0.604457,-0.324275,-0.652388,-0.286143,-0.675015,-0.271799,-0.663828,-0.340613,-0.659863,-0.440489,-0.698727,-0.476248,-0.705141,-0.485516,-0.561401,-0.560542,-0.298592,-0.662691,-0.0845978,-0.682085,-0.0179802,-0.582134,-0.0792441,-0.44857,-0.227101,-0.404933,-0.415767,-0.446399,-0.580492,-0.453722,-0.665545,-0.378746,-0.629458,-0.280713,-0.467535,-0.182453,-0.323138,-0.0653297,-0.362079,0.0158842,-0.470035,-0.00121215,-0.435616,-0.075936,-0.288718,-0.134548,-0.133841,-0.167251,0.00297986,-0.193792,0.0463141,-0.145357,-0.0547992,0.0575012,-0.222101,0.277961,-0.381498,0.321244,-0.502561,0.227025,-0.542411,0.158008,-0.478495,0.170004,-0.330941,0.169322,-0.18556,0.106038,-0.174398,0.0908353,-0.287001,0.204727,-0.352407,0.38569,-0.340664,0.492208,-0.385564,0.447005,-0.465313,0.343619,-0.426196,0.276294,-0.308769,0.23152,-0.288946,0.219121,-0.348467,0.255081,-0.331118,0.27046,-0.185307,0.192757,0.0219954,0.0792694,0.156569,0.0635872,0.129119,0.1073,0.0313896,0.0512132,0.00689409,-0.0774007,0.0433343,-0.109548,0.0326522,0.0270965,-0.037021,0.226091,-0.068158,0.301067,-0.0233086,0.239121,0.0401271,0.213691,0.0983355,0.267885,0.125558,0.320512,0.0753047,0.418671,-0.00131316,0.586376,-0.0343947,0.671555,-0.0287127,0.595922,-0.0272733,0.450944,-0.053183,0.34473,-0.0674762,0.327507,-0.0726531,0.352558,-0.12076,0.338113,-0.175761,0.303996,-0.163261,0.295486,-0.0729814,0.273263,0.0262884,0.230106,0.01846,0.224576,-0.113992,0.244854,-0.222606,0.250308,-0.167983,0.272885,0.00671732,0.319704,0.131695,0.315234,0.128387,0.2071,0.0772997,0.0500516,0.0334351,-0.0476273,-0.0522991,-0.0672237,-0.168918,-0.0749764,-0.196343,-0.100507,-0.090507,-0.143362,0.0423746,-0.183464,0.102098,-0.158286,0.0929313,-0.0683853,0.0752289,-0.000782834,0.0960627,-0.006086,0.121897,-0.0607084,0.103209,-0.0949768,0.0780067,-0.0361119,0.0635367,0.111189,0.0247733
-3.39593,1.76087,-2.46733,1.76304,-1.63107,1.31149,-0.753627,2.21689,0.529102,3.63248,1.54844,3.47255,1.75587,1.71751,1.56561,0.0238389,1.34652,-0.634862,1.0828,-0.593599,0.816659,-0.49044,0.582664,-0.582967,0.422282,-0.765471,0.436752,-0.857948,0.637842,-0.92002,0.944263,-1.07959,1.19255,-1.19371,1.19947,-1.09134,0.969844,-0.886029,0.676378,-0.740521,0.46448,-0.70403,0.33627,-0.802517,0.242909,-0.948935,0.271319,-0.972243,0.456045,-0.841836,0.591831,-0.63966,0.561502,-0.39915,0.499177,-0.124371,0.508142,0.137326,0.558825,0.275738,0.606528,0.21152,0.634054,0.0314653,0.644761,-0.120886,0.623019,-0.196141,0.559709,-0.226596,0.524961,-0.270359,0.556805,-0.322431,0.575821,-0.335563,0.517284,-0.328871,0.431625,-0.380564,0.423191,-0.503168,0.511299,-0.6062,0.599104,-0.656252,0.587866,-0.700091,0.444858,-0.740748,0.208818,-0.769562,-0.0179802,-0.79782,-0.121265,-0.835372,-0.0705571,-0.865498,0.0358846,-0.826508,0.110962,-0.731758,0.19157,-0.695293,0.311295,-0.728046,0.391574,-0.724788,0.348189,-0.637943,0.235864,-0.490642,0.199828,-0.361397,0.269198,-0.356649,0.302102,-0.419504,0.203691,-0.370336,0.0509859,-0.190913,-0.0380059,-0.00931838,-0.0348745,0.0639155,-0.0274501,-0.0277784,-0.0666429,-0.201419,-0.0363897,-0.271243,0.113715,-0.196216,0.242909,-0.130331,0.259501,-0.197403,0.164372,-0.330891,-0.0190408,-0.364831,-0.180408,-0.240359,-0.220156,-0.0801532,-0.16215,-0.0197731,-0.0813149,-0.0145205,-0.0363897,0.0487132,-0.0361624,0.132099,-0.0592437,0.141417,-0.114018,0.124649,-0.160963,0.141215,-0.111341,0.134069,-0.0253036,0.0907595,-0.0506577,0.0653549,-0.168286,0.0787896,-0.255485,0.145584,-0.28036,0.237732,-0.262531,0.267986,-0.206419,0.203742,-0.136139,0.0866686,-0.0706834,-0.010783,-0.00500012,0.0109346,0.026945,0.154195,-0.0173236,0.254197,-0.0809613,0.193716,-0.0641933,0.0585871,0.0374755,-0.014773,0.16465,-0.00871231,0.267354,0.0232328,0.289804,0.0506829,0.206974,0.0726531,0.0856837,0.0950526,0.0281067,0.102376,0.0538901,0.0848503,0.104371,0.0423241,0.139397,-0.0397736,0.132781,-0.125685,0.0674004,-0.126821,0.00393947,-0.0178034,-0.000126269,0.113462,0.0233591,0.161822,0.0432333,0.122402,0.0578295,0.0571225,0.0481828,0.0137629,0.00310613,0.0551527,-0.0669964,0.219298,-0.158311,0.378948,-0.253364,0.369528,-0.304577,0.218591,-0.288188,0.0629307,-0.236823,0.0272733,-0.209121,0.132629,-0.222379,0.250081,-0.230965,0.315638,-0.210863,0.346624,-0.198716,0.328239,-0.226419,0.321093,-0.244273,0.340613,-0.183565,0.284476
1.24334,-1.49213,0.60918,0.114018,0.649585,1.12197,1.09533,1.46597,0.511905,1.49837,-0.699737,1.25604,-1.28207,0.754309,-1.27733,0.348896,-1.2201,0.404478,-1.21636,0.759385,-1.27902,1.00891,-1.49657,0.971031,-1.80794,0.86416,-1.94345,0.97194,-1.76676,1.2303,-1.41049,1.49147,-1.0598,1.66802,-0.826685,1.58784,-0.725218,1.22871,-0.737162,0.823629,-0.818199,0.596326,-0.857014,0.612816,-0.835801,0.766279,-0.851231,0.801558,-0.932773,0.585619,-1.0102,0.375412,-0.952622,0.422913,-0.689838,0.551578,-0.345134,0.515213,-0.117477,0.33175,-0.0728804,0.129877,-0.129346,-0.0152781,-0.203439,-0.0890676,-0.279097,-0.0752794,-0.349149,0.00851028,-0.382458,0.052981,-0.366447,0.000404052,-0.308087,-0.0379049,-0.176974,0.0475515,0.0201519,0.182024,0.183615,0.217757,0.262102,0.15364,0.259349,0.133715,0.183716,0.222581,0.124018,0.341497,0.150205,0.453394,0.193363,0.557815,0.15316,0.591124,0.0295966,0.567235,-0.0822493,0.574937,-0.100431,0.591578,-0.00356068,0.606705,0.173388,0.717162,0.322431,0.872847,0.356472,0.894161,0.322734,0.770976,0.331876,0.63567,0.37968,0.561982,0.328037,0.534279,0.142377,0.505238,-0.0150761,0.440717,-0.0306067,0.327734,0.0390918,0.149675,0.110785,-0.0524001,0.173564,-0.133917,0.24652,-0.00936888,0.29238,0.22854,0.247909,0.391498,0.115381,0.360816,-0.0567689,0.225863,-0.201696,0.185257,-0.228136,0.292961,-0.117326,0.428923,-0.0155559,0.517385,-0.0604053,0.56832,-0.160963,0.513067,-0.174297,0.32084,-0.126316,0.166014,-0.0656075,0.173186,-0.00616175,0.258364,-0.00686882,0.362811,-0.0249753,0.488899,0.0472485,0.561376,0.153791,0.521324,0.169802,0.397938,0.0866433,0.236975,-0.0202277,0.103916,-0.0673499,0.0508849,-0.0351523,0.04091,0.00893958,0.0402787,0.0233843,0.0711632,0.0167933,0.106366,0.00459605,0.092603,0.0342432,0.0400766,0.115962,-0.0105305,0.189297,-0.0633347,0.195434,-0.133387,0.105507,-0.166494,-0.0383341,-0.126139,-0.15566,-0.0448747,-0.225485,0.0508597,-0.272152,0.102679,-0.295966,0.0624761,-0.251925,0.00525265,-0.119927,-0.00297985,0.0298491,0.00305561,0.113664,0.0145205,0.148286,0.045203,0.212555,0.0533092,0.288138,0.0094194,0.259374,-0.0795977,0.136417,-0.190863,0.0689914,-0.225232,0.0844968,-0.121947,0.110255,0.0115406,0.150054,0.0689157,0.187252,0.0304047,0.180206,-0.0791179,0.160458,-0.149195,0.137831,-0.113664,0.116189,-0.057678,0.139245,-0.0488647,0.154928,-0.0742693,0.0936889,-0.145458,0.0477788,-0.265435,0.0720975,-0.382862,0.0529304,-0.453368,-0.0267177,-0.460692
-1.20391,-0.543951,-1.46854,-0.706228,-1.69769,-0.310714,-1.63478,-0.339123,-1.41448,-1.00626,-1.06015,-1.72443,-0.585366,-1.75926,-0.436095,-1.33766,-0.646378,-1.1278,-0.68105,-1.11429,-0.546527,-1.08464,-0.650216,-1.14853,-0.987925,-1.27028,-1.25778,-1.18136,-1.36005,-0.810119,-1.40127,-0.280158,-1.38435,0.219222,-1.21987,0.479505,-0.918126,0.529431,-0.531754,0.5363,-0.178868,0.476424,-0.0699258,0.322583,-0.200282,0.235763,-0.360058,0.366043,-0.39862,0.684131,-0.220762,0.959137,0.061668,0.928732,0.156569,0.574962,0.0458343,0.110558,-0.0835624,-0.23844,-0.216646,-0.371801,-0.376069,-0.372205,-0.499026,-0.378316,-0.580139,-0.395488,-0.63014,-0.380841,-0.638776,-0.358897,-0.639105,-0.366574,-0.66961,-0.412105,-0.751077,-0.427282,-0.877872,-0.343795,-0.98891,-0.249778,-1.035,-0.23147,-1.03982,-0.202302,-1.02858,-0.121114,-0.996158,-0.0813654,-0.959566,-0.112881,-0.922772,-0.181443,-0.852948,-0.262506,-0.757491,-0.308138,-0.673676,-0.302936,-0.588674,-0.277582,-0.449202,-0.247834,-0.228162,-0.213666,0.00893959,-0.165332,0.124043,-0.135609,0.0855574,-0.218843,0.0280562,-0.406903,0.0478041,-0.536274,0.0858352,-0.51693,0.0741935,-0.43554,0.0590669,-0.388316,0.102048,-0.358316,0.183287,-0.273238,0.263869,-0.145003,0.337457,-0.0758602,0.397206,-0.0993708,0.444479,-0.165307,0.516956,-0.27786,0.585088,-0.427004,0.535517,-0.475743,0.402155,-0.346548,0.323896,-0.14571,0.295511,-0.0097477,0.27041,-0.00184347,0.265309,-0.094497,0.278339,-0.155584,0.297835,-0.092199,0.282456,0.0016162,0.191923,0.01197,0.102376,-0.0149751,0.0936131,0.0109093,0.109169,0.100002,0.0586629,0.215257,-0.0476273,0.314502,-0.124422,0.337507,-0.152983,0.276016,-0.209348,0.262834,-0.308138,0.374781,-0.364705,0.485061,-0.364225,0.48741,-0.343214,0.407383,-0.256622,0.283971,-0.129144,0.17109,-0.108033,0.133361,-0.212505,0.158261,-0.244778,0.206949,-0.0638903,0.275309,0.149801,0.333492,0.164322,0.328921,0.0635367,0.278264,0.029041,0.265031,0.0813401,0.307658,0.179499,0.326118,0.256445,0.256369,0.224879,0.127477,0.109497,0.0378544,0.0398493,0.0345209,0.0796229,0.0563396,0.156897,0.0423494,0.206797,-0.0138134,0.254096,-0.0933101,0.261672,-0.140761,0.142705,-0.106214,-0.0404554,-0.049092,-0.159271,-0.0949516,-0.190206,-0.25142,-0.158968,-0.389301,-0.104876,-0.457813,-0.108058,-0.543421,-0.198287,-0.643777,-0.284905,-0.641908,-0.2569,-0.515971,-0.125634,-0.32329,-0.0294198,-0.131796,-0.0464656,-0.0548497,-0.0893454,-0.101871,-0.0933353,-0.128058,-0.120811,-0.0753299
-1.517,-0.308769,-0.306774,-0.523521,0.940929,-0.177706,0.892595,0.17465,0.327936,-0.400665,0.233894,-1.4348,0.713576,-1.63145,1.55854,-1.15144,2.45604,-0.852897,3.05537,-0.758703,3.2253,-0.705697,3.03471,-0.784689,2.67713,-0.919111,2.40427,-0.885701,2.27997,-0.665974,2.10512,-0.435944,1.77986,-0.292431,1.45541,-0.164296,1.15043,0.0689914,0.726783,0.471652,0.319628,0.971915,0.237505,1.36402,0.48794,1.54296,0.860928,1.60514,1.22182,1.572,1.39599,1.3025,1.20689,0.824159,0.731127,0.409251,0.196368,0.218313,-0.245839,0.237657,-0.53832,0.429151,-0.664333,0.637362,-0.669232,0.703525,-0.655317,0.677186,-0.680848,0.669257,-0.747314,0.708551,-0.831937,0.779082,-0.880625,0.817366,-0.867064,0.74643,-0.797391,0.628524,-0.652489,0.613397,-0.473773,0.662085,-0.386195,0.587033,-0.413519,0.377912,-0.467283,0.206444,-0.530087,0.115002,-0.633473,0.0086113,-0.73143,-0.0548749,-0.757289,0.0390665,-0.707111,0.21402,-0.595417,0.367028,-0.442358,0.466525,-0.321876,0.444075,-0.29983,0.258995,-0.297405,-0.00244954,-0.153539,-0.179019,0.0842947,-0.213995,0.180484,-0.188741,0.0929566,-0.125811,-0.0259349,-0.0174499,-0.0951031,0.0669459,-0.117124,0.12076,-0.130053,0.171241,-0.19205,0.168261,-0.292102,0.0927293,-0.334856,-0.00411625,-0.282658,-0.0715419,-0.209045,-0.0886383,-0.172554,-0.0349502,-0.192176,0.0967193,-0.282506,0.24647,-0.380968,0.364478,-0.39761,0.431247,-0.341017,0.407408,-0.280839,0.298971,-0.269172,0.168994,-0.320941,0.0894969,-0.406372,0.109548,-0.46203,0.179575,-0.474606,0.172403,-0.504279,0.0508344,-0.56577,-0.0995224,-0.598978,-0.201444,-0.548446,-0.208818,-0.435287,-0.0872494,-0.344982,0.103007,-0.269425,0.230081,-0.142023,0.239803,-0.0225005,0.181595,0.00527789,0.124346,-0.0298239,0.0714409,-0.055683,-0.0257834,-0.0148741,-0.134094,0.0845725,-0.165786,0.158362,-0.145054,0.169574,-0.145634,0.175484,-0.144271,0.217479,-0.0910373,0.261597,-0.00411625,0.278238,0.0539911,0.280107,0.05139,0.253036,0.0549002,0.202277,0.132983,0.199196,0.236975,0.246369,0.287733,0.276269,0.293491,0.279804,0.32983,0.278137,0.428646,0.259526,0.509733,0.218035,0.48049,0.186746,0.378771,0.180357,0.335437,0.17417,0.394276,0.141291,0.448949,0.0790421,0.38713,0.0642691,0.236874,0.138513,0.132326,0.203085,0.162125,0.236167,0.279021,0.300385,0.369225,0.336548,0.386397,0.286673,0.331421,0.211722,0.199221,0.15864,0.0497738,0.117578,-0.0355058,0.103639,-0.0465919,0.142099,-0.00393947,0.169448,0.0606831
-0.359957,-2.95115,-0.62264,-2.37442,-0.256218,-1.06545,0.401271,-0.159574,1.01909,0.195307,1.63334,0.537259,2.61011,0.759461,3.77978,0.772062,4.66649,0.861913,5.16584,0.936611,5.35797,0.709763,5.23244,0.274627,4.84884,-0.0437131,4.41194,-0.0506577,4.10658,0.0793704,3.89036,-0.0172226,3.62392,-0.381372,3.37174,-0.74686,3.24563,-1.01192,3.20265,-1.35225,3.12653,-1.87075,2.91923,-2.36962,2.60071,-2.63938,2.20139,-2.76885,1.65458,-2.88037,1.08237,-2.81004,0.762946,-2.3924,0.659635,-1.80852,0.505642,-1.34278,0.284577,-1.00277,0.179979,-0.670974,0.233869,-0.438595,0.303012,-0.441348,0.246672,-0.572815,0.0981335,-0.65307,-0.0501021,-0.673398,-0.226293,-0.698222,-0.426247,-0.693525,-0.554684,-0.597412,-0.584912,-0.446929,-0.5438,-0.314123,-0.516728,-0.185282,-0.614079,-0.0256824,-0.751759,0.114472,-0.779739,0.176367,-0.768173,0.2046,-0.805295,0.278011,-0.8108,0.362154,-0.771077,0.382938,-0.766279,0.368367,-0.747844,0.350285,-0.612109,0.319224,-0.377533,0.286774,-0.139271,0.240157,0.0159094,0.181822,0.0886888,0.15662,0.158589,0.149246,0.202984,0.122629,0.120356,0.0936131,-0.0155559,0.0707339,-0.0144953,0.0146973,0.0871231,-0.0724006,0.0949263,-0.0952799,0.0259349,0.00131316,0.0209348,0.170862,0.0640923,0.346598,0.0540668,0.464252,-0.0346725,0.484228,-0.134195,0.426651,-0.163564,0.379705,-0.109497,0.454101,-0.0137882,0.62413,0.0817189,0.712566,0.155357,0.640872,0.204449,0.524304,0.231621,0.445363,0.215232,0.368038,0.158918,0.316497,0.126594,0.376852,0.156695,0.516274,0.247177,0.614432,0.33829,0.651024,0.295234,0.693626,0.114119,0.761304,-0.0202025,0.792568,-0.0077527,0.708702,0.0600771,0.540997,0.109295,0.422787,0.210232,0.386801,0.404074,0.333416,0.561199,0.245536,0.532385,0.200661,0.375665,0.180711,0.295082,0.14566,0.326068,0.123866,0.299905,0.0960879,0.162882,0.0570972,0.0532335,0.0420969,0.0405564,0.0255056,0.0680065,0.0210611,0.0913909,0.0599508,0.0936131,0.0785623,0.0832089,0.0478041,0.0856079,-0.020455,0.0755067,-0.11672,0.022652,-0.161544,-0.0288643,-0.119902,-0.0421726,-0.0666681,-0.0560366,-0.068057,-0.117856,-0.150862,-0.199853,-0.26142,-0.20056,-0.265561,-0.113765,-0.159902,-0.0640671,-0.0998254,-0.0840927,-0.134599,-0.0948758,-0.176872,-0.0644458,-0.193918,-0.0335108,-0.187378,-0.0666176,-0.1322,-0.179878,-0.0553547,-0.300688,0.00330815,-0.354503,0.0779057,-0.325234,0.171292,-0.233414,0.205863,-0.136367,0.174145,-0.0575265,0.15263,0.0461374,0.154018,0.145887,0.142958
1.58145,2.89246,1.15275,2.26725,0.366144,1.85375,-0.0296219,2.29199,0.0575265,2.77743,-0.0475768,2.30502,-0.92997,1.24725,-2.33962,0.553371,-3.50747,0.264147,-4.04941,-0.144624,-4.34797,-0.731001,-4.88945,-1.16419,-5.64588,-1.25442,-6.27675,-1.03939,-6.53491,-0.794083,-6.46173,-0.894489,-6.31834,-1.33202,-6.23574,-1.67319,-6.1075,-1.5936,-5.84063,-1.16712,-5.42199,-0.704965,-4.94177,-0.431752,-4.62677,-0.283213,-4.53507,-0.0417686,-4.39052,0.378038,-3.92524,0.829412,-3.19171,1.12114,-2.47202,1.25185,-2.00934,1.3666,-1.83769,1.59604,-1.78138,1.94565,-1.66993,2.22982,-1.54549,2.29169,-1.51806,2.2201,-1.57142,2.16742,-1.6566,2.13497,-1.77921,2.02237,-1.93401,1.83085,-2.07181,1.69024,-2.14176,1.64771,-2.10608,1.60584,-1.93499,1.46816,-1.69463,1.2719,-1.54352,1.13593,-1.5244,1.08901,-1.50897,1.06437,-1.44061,1.03833,-1.39793,1.07088,-1.37978,1.16659,-1.3595,1.22,-1.38649,1.1754,-1.40546,1.083,-1.32627,0.971183,-1.18111,0.825649,-0.988355,0.73744,-0.752264,0.814891,-0.568952,0.939667,-0.508294,0.94795,-0.534911,0.870675,-0.565239,0.805169,-0.487561,0.812164,-0.249147,0.914717,0.0169448,1.03421,0.100406,1.03437,-0.00434351,0.918101,-0.0951031,0.806836,-0.0628801,0.718854,0.0107073,0.595518,0.0629054,0.456121,0.128336,0.377988,0.188767,0.390766,0.205762,0.446626,0.231369,0.520567,0.288819,0.644837,0.364427,0.781759,0.488268,0.834513,0.61019,0.82176,0.632084,0.84421,0.599685,0.90055,0.595442,0.909439,0.562335,0.853074,0.476121,0.789285,0.47597,0.760319,0.612311,0.751607,0.757769,0.727314,0.829185,0.690015,0.799462,0.72542,0.640569,0.876635,0.442131,1.01894,0.322633,1.02704,0.259955,0.907217,0.233338,0.731304,0.285688,0.589205,0.333719,0.519026,0.248869,0.479076,0.11778,0.438873,0.102805,0.386726,0.155003,0.29637,0.141493,0.19907,0.0813402,0.166317,0.0749006,0.187757,0.11576,0.181847,0.101517,0.10773,0.0289148,0.0274248,0.0157074,0.0500011,0.0998001,0.184145,0.185711,0.334098,0.187378,0.40463,0.130962,0.348038,0.110735,0.22104,0.138892,0.140584,0.149801,0.143968,0.156872,0.193034,0.20758,0.243389,0.271849,0.274046,0.302709,0.30584,0.290663,0.350967,0.272178,0.367659,0.291395,0.321093,0.320133,0.244576,0.289097,0.197681,0.181469,0.166317,0.0528294,0.0731834,-0.0254046,-0.0559103,-0.0434858,-0.118386,-0.0425009,-0.149321,-0.0143437,-0.198514,0.0731329,-0.167352
-2.9534,0.652842,-3.74627,-0.074042,-3.8042,-0.639382,-2.33922,-0.707793,-0.219045,-0.0342431,0.987496,1.09449,1.02588,2.08651,0.966031,2.61675,1.44788,2.68839,1.98638,2.52326,2.02194,2.34917,1.60468,2.23416,0.99482,2.17573,0.361599,2.20669,-0.0550264,2.34556,-0.0537638,2.54152,0.227808,2.76299,0.466146,2.96852,0.464177,3.02582,0.167049,2.90532,-0.402509,2.80635,-1.08725,2.87877,-1.60221,2.97244,-1.74453,2.82572,-1.57978,2.32619,-1.36319,1.55258,-1.28321,0.708424,-1.33594,0.00729812,-1.38498,-0.37968,-1.27692,-0.406928,-1.00856,-0.224197,-0.735976,-0.049294,-0.567765,-0.0258844,-0.488697,-0.124094,-0.426726,-0.196141,-0.3318,-0.207605,-0.225131,-0.219879,-0.14773,-0.265965,-0.102174,-0.404327,-0.0859362,-0.648171,-0.124119,-0.812366,-0.204828,-0.692313,-0.265915,-0.369402,-0.30185,-0.129649,-0.334224,-0.12023,-0.363897,-0.254854,-0.427711,-0.408974,-0.543471,-0.520643,-0.690141,-0.577462,-0.842291,-0.616655,-0.907191,-0.656605,-0.798679,-0.684636,-0.560088,-0.704788,-0.294754,-0.71595,-0.10922,-0.704839,-0.0779815,-0.674661,-0.137503,-0.6536,-0.16417,-0.64615,-0.147049,-0.57572,-0.152529,-0.406549,-0.188666,-0.252556,-0.207732,-0.191393,-0.222985,-0.1871,-0.274375,-0.217454,-0.34574,-0.241167,-0.438141,-0.226646,-0.562916,-0.228818,-0.669737,-0.2894,-0.677994,-0.395615,-0.580871,-0.469581,-0.523117,-0.394832,-0.568548,-0.210156,-0.543118,-0.0839159,-0.373215,-0.0687136,-0.195711,-0.100053,-0.103588,-0.100558,-0.0941687,-0.026541,-0.122149,0.0501021,-0.146897,0.0391928,-0.161872,-0.0188641,-0.158842,-0.0485869,-0.173438,-0.0321472,-0.277607,0.00979819,-0.430868,0.0238642,-0.487915,-0.014268,-0.369604,-0.024243,-0.152074,0.071542,-0.000934366,0.20609,-0.0112124,0.277001,-0.143614,0.283895,-0.270536,0.27046,-0.26142,0.265309,-0.144119,0.281875,-0.0743703,0.282052,-0.117604,0.208666,-0.208414,0.0686378,-0.236697,-0.0769714,-0.14523,-0.138437,0.0115406,-0.0985375,0.147932,-0.0595215,0.220535,-0.0642943,0.205964,-0.0891433,0.107805,-0.148766,0.00800522,-0.191368,0.0102022,-0.143084,0.092199,-0.0999769,0.137503,-0.175837,0.0931838,-0.290688,0.0165913,-0.343896,0.00699511,-0.357937,0.0708601,-0.357659,0.107755,-0.316522,0.0688146,-0.223717,0.0148488,-0.118588,0.0224247,-0.0570719,0.0796734,-0.0746481,0.120255,-0.155963,0.150205,-0.249324,0.185964,-0.328416,0.1522,-0.349073,0.0391423,-0.246344,-0.031339,-0.0736885,-0.0163387,0.0172226,0.018965,-0.000202037,0.0483849,-0.00282835,0.0835877,0.039117,0.101063,0.0521476,0.0610872,0.053486
1.11386,2.15583,-0.0749259,1.72125,-1.09714,0.443141,-1.59748,-0.883655,-1.56319,-1.13646,-0.966258,-0.474884,0.0949515,-0.0383847,1.3625,-0.342002,2.29568,-0.992395,2.35854,-1.42624,1.72973,-1.48046,0.989794,-1.38864,0.348088,-1.43417,-0.281218,-1.62448,-0.785749,-1.67875,-0.942722,-1.36963,-0.874337,-0.804815,-0.832467,-0.343543,-0.711455,-0.253036,-0.276269,-0.486223,0.415413,-0.863706,1.09528,-1.28467,1.48885,-1.64365,1.40713,-1.79509,0.885852,-1.66925,0.110987,-1.29379,-0.770118,-0.813225,-1.53006,-0.484101,-1.87807,-0.464455,-1.79665,-0.668247,-1.52362,-0.886888,-1.2177,-0.971309,-0.902545,-0.935399,-0.654055,-0.891989,-0.577866,-0.904489,-0.647464,-0.952243,-0.770294,-0.940525,-0.870852,-0.772643,-0.886787,-0.512663,-0.817694,-0.334149,-0.686328,-0.324047,-0.522335,-0.477232,-0.364806,-0.720748,-0.189499,-0.867847,-0.0129801,-0.779588,0.018662,-0.579028,-0.159852,-0.482914,-0.422585,-0.501122,-0.614786,-0.480717,-0.655721,-0.387559,-0.575265,-0.374301,-0.479404,-0.498218,-0.373468,-0.597715,-0.197782,-0.565694,-0.000808094,-0.473344,0.11225,-0.407357,0.109093,-0.406726,0.0412383,-0.477005,-0.0709359,-0.594659,-0.253213,-0.736405,-0.441398,-0.871231,-0.522107,-0.943632,-0.460944,-0.923404,-0.299375,-0.861357,-0.133993,-0.808932,-0.0872241,-0.751355,-0.203186,-0.679964,-0.397559,-0.619811,-0.568623,-0.635999,-0.68201,-0.750951,-0.704561,-0.828907,-0.61716,-0.755521,-0.497738,-0.568219,-0.424075,-0.339502,-0.39117,-0.16859,-0.393241,-0.112326,-0.41059,-0.0702035,-0.390438,0.0529557,-0.353114,0.195282,-0.32829,0.251394,-0.242354,0.206722,-0.100457,0.120331,-0.0599255,0.0621226,-0.184953,0.0804563,-0.331371,0.129826,-0.329881,0.0828806,-0.225813,-0.0411373,-0.191646,-0.0449757,-0.221293,0.0920475,-0.181948,0.135432,-0.0564154,-0.0404554,0.0637893,-0.294855,0.083916,-0.440742,0.00994972,-0.445464,-0.0381321,-0.375109,0.0223742,-0.304628,0.171241,-0.312481,0.338644,-0.405867,0.425691,-0.483571,0.375968,-0.470768,0.277935,-0.410287,0.253086,-0.370715,0.274905,-0.355184,0.238288,-0.334805,0.100633,-0.334452,-0.0807341,-0.386044,-0.190484,-0.412913,-0.19311,-0.348164,-0.159599,-0.265107,-0.163312,-0.201949,-0.246672,-0.0895979,-0.34425,0.0512132,-0.322078,0.128917,-0.187908,0.177984,-0.0419201,0.244374,0.0616175,0.24099,0.101492,0.153488,0.0966435,0.102325,0.0742188,0.122553,0.0468445,0.149751,0.0422484,0.155155,0.0442686,0.13576,-0.00707086,0.0604053,-0.0964162,-0.0541931,-0.132579,-0.096694,-0.0785118,-0.0229298,-0.0145963,0.0792946,-0.0481071,0.133867
0.11571,2.35806,-1.57885,0.652893,-2.63031,-1.22887,-1.98585,-1.79203,-0.247303,-1.32904,1.32995,-1.44503,2.55925,-2.44379,3.5077,-3.52114,3.81857,-4.22421,3.47391,-4.47676,2.84956,-4.34426,2.21833,-4.14342,1.60705,-4.24787,0.936056,-4.6999,0.255334,-5.15006,-0.298769,-5.25542,-0.728349,-5.09574,-1.12684,-4.96773,-1.51468,-4.85657,-1.88658,-4.50452,-2.29088,-3.88642,-2.71102,-3.23095,-2.96416,-2.71988,-2.85342,-2.3948,-2.40942,-2.14838,-1.88108,-1.77082,-1.46306,-1.17712,-1.14929,-0.560113,-0.86613,-0.236773,-0.592993,-0.289678,-0.346851,-0.479884,-0.130912,-0.59668,0.0728804,-0.659787,0.264879,-0.755547,0.409378,-0.889868,0.454555,-1.00247,0.36026,-1.05214,0.15513,-1.08424,-0.0481828,-1.12598,-0.208666,-1.09543,-0.422433,-0.950551,-0.673196,-0.742668,-0.811735,-0.550315,-0.87464,-0.459252,-0.971233,-0.44102,-1.00828,-0.385741,-0.931434,-0.283567,-0.852266,-0.191923,-0.800421,-0.134271,-0.732945,-0.0655822,-0.651655,0.0415413,-0.525516,0.0988658,-0.330361,0.0607841,-0.167403,0.0480819,-0.125255,0.13619,-0.13369,0.203363,-0.106669,0.137579,-0.0229803,0.00292935,0.130356,-0.086113,0.299956,-0.109826,0.401473,-0.13119,0.455944,-0.189903,0.526956,-0.291294,0.579331,-0.443444,0.546123,-0.580795,0.464126,-0.581831,0.383493,-0.44559,0.277456,-0.322381,0.158337,-0.319174,0.121897,-0.377912,0.223591,-0.412913,0.385539,-0.404504,0.468217,-0.301976,0.43905,-0.0770976,0.386751,0.171418,0.374554,0.342406,0.383064,0.401903,0.364932,0.340007,0.291042,0.181241,0.177756,-0.00941938,0.0868453,-0.106669,0.0770976,-0.00977296,0.11725,0.17763,0.128488,0.262076,0.119725,0.22806,0.115785,0.190004,0.0771482,0.170307,0.0303542,0.0795472,0.0382331,-0.0686631,0.0259349,-0.134447,-0.0938909,-0.115002,-0.229273,-0.139826,-0.267556,-0.233667,-0.245233,-0.33882,-0.216949,-0.420565,-0.185004,-0.409074,-0.201494,-0.266193,-0.306699,-0.159524,-0.413039,-0.262632,-0.406398,-0.437131,-0.321345,-0.488319,-0.29291,-0.457207,-0.346851,-0.381624,-0.414756,-0.235914,-0.46751,-0.152832,-0.474783,-0.237556,-0.400236,-0.317431,-0.276622,-0.229399,-0.16018,-0.0606579,-0.0813654,0.0924515,-0.0687136,0.231975,-0.08682,0.303567,-0.0546476,0.257607,0.0125255,0.176797,0.0545971,0.153842,0.0821987,0.169903,0.130053,0.185257,0.163539,0.198287,0.110482,0.180282,0.00709612,0.120306,-0.0499001,0.077628,-0.0586881,0.102654,-0.0475263,0.209702,-0.0243945,0.351068,-0.00696984,0.435312,0.0221469,0.476803,0.0883858,0.551906,0.173489,0.648448
