0,2.4739e-005,1.99622e-007
0.999756,4.43507e-006,-1.09972e-005
1.99951,-1.08974e-005,-1.68046e-005
2.99927,-2.32669e-005,-1.69044e-005
3.99902,-3.70087e-005,-1.2669e-005
4.99878,-4.17619e-005,-3.68031e-006
5.99854,-2.64295e-005,2.12707e-006
6.99829,-2.64482e-006,-3.69901e-006
7.99805,9.18826e-006,-1.99858e-005
8.9978,5.27094e-006,-3.17191e-005
9.99756,4.21675e-006,-2.53753e-005
10.9973,3.06275e-006,-6.66195e-006
11.9971,-9.9811e-008,1.23695e-005
12.9968,-5.80738e-006,1.53325e-005
13.9966,-8.35239e-006,-7.36062e-007
14.9963,-7.61633e-006,-9.08845e-006
15.9961,-7.71614e-006,3.28107e-006
16.9958,-9.50639e-006,1.79773e-005
17.9956,-2.10838e-006,1.26876e-005
18.9954,1.24693e-005,-1.22697e-005
19.9951,2.3348e-005,-3.45822e-005
20.9949,2.07032e-005,-3.82813e-005
21.9946,5.90719e-006,-2.7702e-005
22.9944,-1.32241e-005,-1.8495e-005
23.9941,-2.09402e-005,-1.5214e-005
24.9939,-1.12155e-005,-1.88132e-005
25.9937,5.17748e-007,-2.27305e-005
26.9934,2.84444e-006,-2.104e-005
27.9932,6.76176e-006,-9.30677e-006
28.9929,2.73839e-005,3.89863e-006
29.9927,4.64153e-005,7.06119e-006
30.9924,4.37705e-005,3.36219e-006
31.9922,2.41028e-005,-3.81751e-006
32.9919,1.27875e-005,-1.02611e-005
33.9917,1.94494e-005,-7.19839e-006
34.9915,2.81199e-005,-4.45376e-006
35.9912,2.25122e-005,-1.38603e-005
36.991,9.50639e-006,-1.79773e-005
37.9907,1.05419e-006,-6.34382e-006
38.9905,5.28963e-006,7.39801e-006
39.9902,5.92589e-006,1.14151e-005
40.99,2.96294e-006,5.70757e-006
41.9897,-2.00857e-006,3.18126e-007
42.9895,3.18126e-007,2.00857e-006
43.9893,3.28107e-006,7.71614e-006
44.989,-4.17937e-007,1.0361e-005
45.9888,-9.82451e-006,1.59687e-005
46.9885,-6.12551e-006,1.33239e-005
47.9883,2.64482e-006,3.69901e-006
48.988,5.38945e-006,-4.97151e-006
49.9878,-1.2725e-006,-8.03426e-006
50.9875,4.43507e-006,-1.09972e-005
51.9873,2.15578e-005,-1.9886e-005
52.9871,3.12825e-005,-2.34852e-005
53.9868,2.31484e-005,-9.84321e-006
54.9866,7.61633e-006,9.08845e-006
55.9863,7.51651e-006,2.1458e-005
56.9861,1.6187e-005,2.42026e-005
57.9858,2.32669e-005,1.69044e-005
58.9856,2.04038e-005,-1.17269e-006
59.9853,1.68046e-005,-1.08974e-005
60.9851,1.17333e-005,-3.91732e-006
61.9849,1.76592e-005,7.49782e-006
62.9846,3.17191e-005,5.27094e-006
63.9844,4.41884e-005,-6.99877e-006
64.9841,4.29159e-005,-1.5033e-005
65.9839,2.48388e-005,-1.21699e-005
66.9836,3.38088e-006,-4.65338e-006
67.9834,-6.0257e-006,9.54377e-007
68.9832,-1.63866e-005,5.36441e-007
69.9829,-2.87562e-005,4.36629e-007
70.9827,-2.24123e-005,1.49082e-006
71.9824,-8.67051e-006,-2.74463e-006
72.9822,-3.59919e-006,-9.7247e-006
73.9819,-1.2906e-005,-1.64865e-005
74.9817,-2.05223e-005,-2.55749e-005
75.9814,-1.2488e-005,-2.68474e-005
76.9812,2.52631e-006,-2.30486e-005
77.9809,2.4265e-006,-1.06791e-005
78.9807,-1.23695e-005,-9.9811e-008
79.9805,-1.54323e-005,6.56214e-006
80.9802,-8.4522e-006,1.16335e-005
81.98,-8.55201e-006,2.4003e-005
82.9797,-8.96995e-006,3.43639e-005
83.9795,3.7177e-006,3.64723e-005
84.9792,2.85565e-005,2.43024e-005
85.979,3.37277e-005,4.95282e-006
86.9788,1.04608e-005,-1.19516e-005
87.9785,-1.02611e-005,-1.27875e-005
88.9783,-2.64482e-006,-3.69901e-006
89.978,1.43781e-005,-2.18315e-007
90.9778,1.17333e-005,-3.91732e-006
91.9775,-1.2725e-006,-8.03426e-006
92.9773,-1.16335e-005,-8.4522e-006
93.9771,-1.13153e-005,-6.44363e-006
94.9768,7.36062e-007,-8.35239e-006
95.9766,1.78588e-005,-1.72412e-005
96.9763,3.09644e-005,-2.54938e-005
97.9761,3.03281e-005,-2.95109e-005
98.9758,1.55321e-005,-1.89317e-005
99.9756,-2.00857e-006,3.18126e-007
100.975,-1.1515e-005,1.82954e-005
101.975,-1.56319e-005,3.13012e-005
102.975,-3.26548e-005,2.78205e-005
103.975,-4.78874e-005,9.64358e-006
104.974,-4.64153e-005,-7.06119e-006
105.974,-2.66478e-005,-1.2251e-005
106.974,-1.25878e-005,-1.44779e-005
107.974,-9.20695e-006,-1.91313e-005
108.973,-1.04795e-005,-2.71655e-005
109.973,-2.44396e-005,-3.73082e-005
110.973,-4.71701e-005,-3.78259e-005
111.973,-6.36565e-005,-2.492e-005
112.972,-5.44496e-005,-5.78869e-006
113.972,-2.54751e-005,8.15277e-006
114.972,8.5707e-006,1.51141e-005
115.972,2.7284e-005,1.62681e-005
116.971,2.49574e-005,1.45777e-005
117.971,1.25878e-005,1.44779e-005
118.971,3.91732e-006,1.17333e-005
119.971,6.36252e-007,4.01713e-006
120.97,-4.97151e-006,-5.38945e-006
121.97,-1.19516e-005,-1.04608e-005
122.97,-1.42783e-005,-1.21512e-005
123.97,-9.62489e-006,-8.77032e-006
124.969,-8.03426e-006,1.2725e-006
125.969,-9.50639e-006,1.79773e-005
126.969,-4.95282e-006,3.37277e-005
127.969,1.20701e-005,3.72084e-005
128.968,2.31671e-005,2.92739e-005
129.968,1.45964e-005,1.41598e-005
130.968,-4.97151e-006,-5.38945e-006
131.968,-1.55508e-005,-2.01855e-005
132.968,-4.13563e-006,-2.61114e-005
133.967,5.58907e-006,-2.97105e-005
134.967,1.57194e-006,-2.90743e-005
135.967,-6.1442e-006,-2.57932e-005
136.967,-2.86313e-006,-1.80771e-005
137.966,-5.28963e-006,-7.39801e-006
138.966,-1.7759e-005,4.8717e-006
139.966,-2.68474e-005,1.2488e-005
140.966,-1.64865e-005,1.2906e-005
141.965,1.2725e-006,8.03426e-006
142.965,1.00428e-005,-1.59063e-006
143.965,4.11694e-006,-1.30058e-005
144.965,-1.05793e-005,-1.4796e-005
145.964,-2.104e-005,-2.84444e-006
146.964,-1.18331e-005,1.62868e-005
147.964,1.01613e-005,2.5157e-005
148.964,6.24401e-006,1.34237e-005
149.963,-1.97675e-005,5.18982e-006
150.963,-3.38275e-005,7.4167e-006
151.963,-2.41028e-005,3.81751e-006
152.963,-2.96294e-006,-5.70757e-006
153.962,9.08845e-006,-7.61633e-006
154.962,8.03426e-006,-1.2725e-006
155.962,8.03426e-006,-1.2725e-006
156.962,1.27875e-005,-1.02611e-005
157.961,2.52631e-006,-2.30486e-005
158.961,-1.11157e-005,-3.11827e-005
159.961,-4.13563e-006,-2.61114e-005
160.961,1.71227e-005,-8.88883e-006
161.96,2.43211e-005,1.05606e-005
162.96,2.09402e-005,1.5214e-005
163.96,2.53753e-005,4.21675e-006
164.96,3.64723e-005,-3.7177e-006
165.959,2.8438e-005,-2.44519e-006
166.959,6.0257e-006,-9.54377e-007
167.959,-6.66195e-006,-3.06275e-006
168.959,-7.2982e-006,-7.07988e-006
169.958,-5.60776e-006,-9.40658e-006
170.958,4.75319e-006,-8.98864e-006
171.958,2.61114e-005,-4.13563e-006
172.958,4.03896e-005,8.01557e-006
173.958,3.79631e-005,1.86946e-005
174.957,2.69659e-005,1.42596e-005
175.957,1.63866e-005,-5.36441e-007
176.957,9.08845e-006,-7.61633e-006
177.957,3.06275e-006,-6.66195e-006
178.956,4.33526e-006,1.37231e-006
179.956,1.39601e-005,1.01426e-005
180.956,1.69231e-005,1.58502e-005
181.956,5.50795e-006,2.17761e-005
182.955,-6.22532e-006,2.56934e-005
183.955,-1.33052e-005,3.29916e-005
184.955,-7.59763e-006,3.00287e-005
185.955,6.88026e-006,1.74408e-005
186.954,1.90315e-005,3.16257e-006
187.954,1.94494e-005,-7.19839e-006
188.954,9.82451e-006,-1.59687e-005
189.954,-6.56214e-006,-1.54323e-005
190.953,-2.17761e-005,5.50795e-006
191.953,-2.19757e-005,3.0247e-005
192.953,-1.16148e-005,3.06649e-005
193.953,-2.74463e-006,8.67051e-006
194.952,1.79025e-006,-1.46962e-005
195.952,9.50639e-006,-1.79773e-005
196.952,1.60685e-005,-2.54501e-006
197.952,1.22697e-005,1.24693e-005
198.951,-2.10838e-006,1.26876e-005
199.951,-9.7247e-006,3.59919e-006
200.951,1.37231e-006,-4.33526e-006
201.951,1.7341e-005,5.48926e-006
202.95,2.42213e-005,2.29301e-005
203.95,1.71414e-005,3.02283e-005
204.95,7.09858e-006,3.18189e-005
205.95,5.40814e-006,3.41456e-005
206.949,1.01613e-005,2.5157e-005
207.949,1.39601e-005,1.01426e-005
208.949,2.27305e-005,5.17748e-007
209.949,2.11398e-005,-9.52508e-006
210.948,9.18826e-006,-1.99858e-005
211.948,2.52631e-006,-2.30486e-005
212.948,8.55201e-006,-2.4003e-005
213.948,1.2251e-005,-2.66478e-005
214.947,9.6062e-006,-3.03468e-005
215.947,6.64326e-006,-3.60544e-005
216.947,-2.02726e-006,-3.8799e-005
217.947,-1.20701e-005,-3.72084e-005
218.947,-1.44966e-005,-2.65293e-005
219.946,-5.28963e-006,-7.39801e-006
220.946,1.0361e-005,4.17937e-007
221.946,1.63866e-005,-5.36441e-007
222.946,8.67051e-006,2.74463e-006
223.945,-6.44363e-006,1.13153e-005
224.945,-8.55201e-006,2.4003e-005
225.945,5.40814e-006,3.41456e-005
226.945,2.11585e-005,2.9592e-005
227.944,2.49574e-005,1.45777e-005
228.944,2.13582e-005,4.853e-006
229.944,1.60685e-005,-2.54501e-006
230.944,1.14151e-005,-5.92589e-006
231.943,8.67051e-006,2.74463e-006
232.943,1.15336e-005,2.08217e-005
233.943,1.11157e-005,3.11827e-005
234.943,-2.84444e-006,2.104e-005
235.942,-2.04038e-005,1.17269e-006
236.942,-1.33239e-005,-6.12551e-006
237.942,2.74463e-006,-8.67051e-006
238.942,1.01426e-005,-1.39601e-005
239.941,1.154e-006,-1.87133e-005
240.941,-1.18518e-005,-2.28303e-005
241.941,-1.48147e-005,-2.85379e-005
242.941,-6.78045e-006,-2.98104e-005
243.94,-8.54566e-007,-1.83952e-005
244.94,-5.70757e-006,2.96294e-006
245.94,-9.50639e-006,1.79773e-005
246.94,-1.31056e-005,8.25258e-006
247.939,-1.49145e-005,-1.61683e-005
248.939,-8.78902e-006,-2.94922e-005
249.939,-1.80894e-006,-2.44209e-005
250.939,2.52631e-006,-2.30486e-005
251.938,6.86157e-006,-2.16763e-005
252.938,1.71227e-005,-8.88883e-006
253.938,2.33667e-005,4.53488e-006
254.938,2.50572e-005,2.20819e-006
255.937,2.57932e-005,-6.1442e-006
256.937,2.57932e-005,-6.1442e-006
257.937,2.04038e-005,-1.17269e-006
258.937,1.37231e-006,-4.33526e-006
259.937,-1.30058e-005,-4.11694e-006
260.936,-7.71614e-006,3.28107e-006
261.936,1.82954e-005,1.1515e-005
262.936,4.07078e-005,1.00241e-005
263.936,4.60972e-005,5.05263e-006
264.935,3.2137e-005,-5.09001e-006
265.935,1.07789e-005,-9.94302e-006
266.935,-3.18126e-007,-2.00857e-006
267.935,-4.43507e-006,1.09972e-005
268.934,-1.41598e-005,1.45964e-005
269.934,-2.8856e-005,1.28061e-005
270.934,-2.94922e-005,8.78902e-006
271.934,-1.20514e-005,1.90875e-006
272.933,4.33526e-006,1.37231e-006
273.933,9.30677e-006,6.76176e-006
274.933,1.2725e-006,8.03426e-006
275.933,-6.0257e-006,9.54377e-007
276.932,-4.33526e-006,-1.37231e-006
277.932,-6.98007e-006,-5.07132e-006
278.932,-1.49145e-005,-1.61683e-005
279.932,-1.52327e-005,-1.81769e-005
280.931,-6.36252e-007,-4.01713e-006
281.931,1.08974e-005,1.68046e-005
282.931,1.9886e-005,2.15578e-005
283.931,2.46392e-005,1.25691e-005
284.93,1.87133e-005,1.154e-006
285.93,2.74463e-006,-8.67051e-006
286.93,-1.81956e-005,-2.38845e-005
287.93,-3.32099e-005,-2.76833e-005
288.929,-4.39888e-005,-1.77403e-005
289.929,-5.30773e-005,-1.01239e-005
290.929,-4.76878e-005,-1.50955e-005
291.929,-2.92926e-005,-1.595e-005
292.928,-8.98864e-006,-4.75319e-006
293.928,1.59063e-006,1.00428e-005
294.928,2.12707e-006,2.64295e-005
295.928,-8.65182e-006,3.63725e-005
296.927,-1.36233e-005,3.0983e-005
297.927,-8.77032e-006,9.62489e-006
298.927,-3.91732e-006,-1.17333e-005
299.927,-2.54501e-006,-1.60685e-005
300.927,-3.28107e-006,-7.71614e-006
301.926,-1.60685e-005,2.54501e-006
302.926,-2.78018e-005,6.46233e-006
303.926,-2.54751e-005,8.15277e-006
304.926,-1.406e-005,2.22688e-006
305.925,-1.26876e-005,-2.10838e-006
306.925,-1.91313e-005,9.20695e-006
307.925,-1.75406e-005,1.92498e-005
308.925,5.60776e-006,9.40658e-006
309.924,4.35522e-005,-1.10159e-005
310.924,6.37377e-005,-2.65667e-005
311.924,5.50671e-005,-2.93113e-005
312.924,3.69901e-005,-2.64482e-005
313.923,1.98673e-005,-1.75593e-005
314.923,-3.18126e-007,-2.00857e-006
315.923,-5.07132e-006,6.98007e-006
316.923,8.03426e-006,-1.2725e-006
317.922,1.58502e-005,-1.69231e-005
318.922,1.11968e-005,-2.0304e-005
319.922,8.77032e-006,-9.62489e-006
320.922,1.70229e-005,3.48069e-006
321.921,1.70229e-005,3.48069e-006
322.921,-6.36252e-007,-4.01713e-006
323.921,-2.104e-005,-2.84444e-006
324.921,-3.58361e-005,7.73483e-006
325.92,-3.78446e-005,8.05295e-006
326.92,-3.91171e-005,1.86926e-008
327.92,-3.84809e-005,4.03582e-006
328.92,-3.02283e-005,1.71414e-005
329.919,-7.1797e-006,1.96677e-005
330.919,9.94302e-006,1.07789e-005
331.919,1.82954e-005,1.1515e-005
332.919,2.18946e-005,2.12397e-005
333.918,1.85137e-005,2.5893e-005
334.918,6.1442e-006,2.57932e-005
335.918,-5.27094e-006,3.17191e-005
336.918,-1.06604e-005,3.66906e-005
337.917,-1.53138e-005,3.33097e-005
338.917,-1.56319e-005,3.13012e-005
339.917,-1.19329e-005,2.86564e-005
340.917,-2.52631e-006,2.30486e-005
341.916,1.02611e-005,1.27875e-005
342.916,1.406e-005,-2.22688e-006
343.916,8.4522e-006,-1.16335e-005
344.916,-5.28963e-006,-7.39801e-006
345.915,-1.14151e-005,5.92589e-006
346.915,-3.48069e-006,1.70229e-005
347.915,6.88026e-006,1.74408e-005
348.915,-1.69044e-006,2.32669e-006
349.915,-2.09402e-005,-1.5214e-005
350.914,-2.89745e-005,-1.39415e-005
351.914,-2.30486e-005,-2.52631e-006
352.914,-1.50143e-005,-3.79882e-006
353.914,-8.25258e-006,-1.31056e-005
354.913,-6.88026e-006,-1.74408e-005
355.913,-1.13153e-005,-6.44363e-006
356.913,-1.1097e-005,7.93445e-006
357.913,3.18126e-006,2.00857e-005
358.912,9.52508e-006,2.11398e-005
359.912,6.56214e-006,1.54323e-005
360.912,1.2725e-006,8.03426e-006
361.912,1.2725e-006,8.03426e-006
362.911,-3.48069e-006,1.70229e-005
363.911,-8.55201e-006,2.4003e-005
364.911,-4.21675e-006,2.53753e-005
365.911,2.54501e-006,1.60685e-005
366.91,-3.06275e-006,6.66195e-006
367.91,-1.17333e-005,3.91732e-006
368.91,-1.80771e-005,2.86313e-006
369.91,-2.34665e-005,7.83464e-006
370.909,-2.15578e-005,1.9886e-005
371.909,-8.87014e-006,2.19944e-005
372.909,-4.75319e-006,8.98864e-006
373.909,-6.98007e-006,-5.07132e-006
374.908,-1.90875e-006,-1.20514e-005
375.908,-1.90875e-006,-1.20514e-005
376.908,-7.2982e-006,-7.07988e-006
377.908,-1.02611e-005,-1.27875e-005
378.907,-1.08974e-005,-1.68046e-005
379.907,-1.09972e-005,-4.43507e-006
380.907,-1.11968e-005,2.0304e-005
381.907,-1.09785e-005,3.46821e-005
382.906,2.12707e-006,2.64295e-005
383.906,1.26876e-005,2.10838e-006
384.906,9.82451e-006,-1.59687e-005
385.906,-7.83464e-006,-2.34665e-005
386.905,-2.05223e-005,-2.55749e-005
387.905,-1.74595e-005,-3.22369e-005
388.905,-3.36818e-007,-4.11257e-005
389.905,1.01239e-005,-5.30773e-005
390.905,-1.60932e-006,-4.916e-005
391.904,-2.05223e-005,-2.55749e-005
392.904,-2.87562e-005,4.36629e-007
393.904,-2.2194e-005,1.58689e-005
394.904,-3.89863e-006,2.73839e-005
395.903,4.45376e-006,2.81199e-005
396.903,6.36252e-007,4.01713e-006
397.903,-2.12707e-006,-2.64295e-005
398.903,4.31656e-006,-3.77448e-005
399.902,1.69044e-005,-2.32669e-005
400.902,1.97675e-005,-5.18982e-006
401.902,1.2725e-006,8.03426e-006
402.902,-1.95492e-005,1.95679e-005
403.901,-2.12397e-005,2.18946e-005
404.901,-6.76176e-006,9.30677e-006
405.901,4.17937e-007,-1.0361e-005
406.901,-2.22688e-006,-1.406e-005
407.9,-3.28107e-006,-7.71614e-006
408.9,1.37231e-006,-4.33526e-006
409.9,4.11694e-006,-1.30058e-005
410.9,-3.49938e-006,-2.20942e-005
411.899,-1.58689e-005,-2.2194e-005
412.899,-2.63297e-005,-1.02424e-005
413.899,-3.01285e-005,4.77189e-006
414.899,-2.82197e-005,1.68233e-005
415.898,-2.09215e-005,2.39032e-005
416.898,-1.19329e-005,2.86564e-005
417.898,1.49082e-006,2.24123e-005
418.898,1.56506e-005,7.81595e-006
419.897,2.54751e-005,-8.15277e-006
420.897,2.94922e-005,-8.78902e-006
421.897,3.01285e-005,-4.77189e-006
422.897,2.94922e-005,-8.78902e-006
423.896,2.45207e-005,-1.41785e-005
424.896,1.44779e-005,-1.25878e-005
425.896,2.00857e-006,-3.18126e-007
426.896,2.54501e-006,1.60685e-005
427.895,1.38603e-005,2.25122e-005
428.895,3.03468e-005,9.6062e-006
429.895,4.2498e-005,-4.67207e-006
430.895,4.23982e-005,7.69744e-006
431.895,3.55366e-005,2.93737e-005
432.894,1.74595e-005,3.22369e-005
433.894,-7.49782e-006,1.76592e-005
434.894,-2.17761e-005,5.50795e-006
435.894,-1.74408e-005,6.88026e-006
436.893,-1.01426e-005,1.39601e-005
437.893,-9.18826e-006,1.99858e-005
438.893,-1.1515e-005,1.82954e-005
439.893,-1.27875e-005,1.02611e-005
440.892,-8.77032e-006,9.62489e-006
441.892,7.61633e-006,9.08845e-006
442.892,2.56934e-005,6.22532e-006
443.892,2.61114e-005,-4.13563e-006
444.891,2.82197e-005,-1.68233e-005
445.891,3.16006e-005,-2.14767e-005
446.891,2.57932e-005,-6.1442e-006
447.891,1.78775e-005,2.18759e-005
448.89,1.40787e-005,3.68902e-005
449.89,-1.25381e-006,3.10829e-005
450.89,-1.81769e-005,1.52327e-005
451.89,-2.00857e-005,3.18126e-006
452.889,-2.32669e-006,-1.69044e-006
453.889,1.57504e-005,-4.55357e-006
454.889,1.94494e-005,-7.19839e-006
455.889,9.50639e-006,-1.79773e-005
456.888,-9.10714e-006,-3.15008e-005
457.888,-2.91928e-005,-2.83195e-005
458.888,-3.86992e-005,-1.03423e-005
459.888,-2.8438e-005,2.44519e-006
460.887,-8.35239e-006,-7.36062e-007
461.887,3.79882e-006,-1.50143e-005
462.887,6.54344e-006,-2.36848e-005
463.887,8.87014e-006,-2.19944e-005
464.886,9.50639e-006,-1.79773e-005
465.886,9.08845e-006,-7.61633e-006
466.886,-9.9811e-008,1.23695e-005
467.886,-1.36233e-005,3.0983e-005
468.885,-1.6368e-005,3.96536e-005
469.885,-6.64326e-006,3.60544e-005
470.885,-5.17748e-007,2.27305e-005
471.885,-3.06275e-006,6.66195e-006
472.884,-4.33526e-006,-1.37231e-006
473.884,1.06791e-005,2.4265e-006
474.884,2.30486e-005,2.52631e-006
475.884,2.24123e-005,-1.49082e-006
476.884,1.406e-005,-2.22688e-006
477.883,5.38945e-006,-4.97151e-006
478.883,-7.2982e-006,-7.07988e-006
479.883,-1.20514e-005,1.90875e-006
480.883,-1.78588e-005,1.72412e-005
481.882,-3.40271e-005,3.21557e-005
482.882,-4.31156e-005,3.97721e-005
483.882,-2.53566e-005,3.49004e-005
484.882,5.18982e-006,1.97675e-005
485.881,2.27305e-005,5.17748e-007
486.881,2.45207e-005,-1.41785e-005
487.881,2.52568e-005,-2.25309e-005
488.881,1.92311e-005,-2.15765e-005
489.88,1.79025e-006,-1.46962e-005
490.88,-2.24123e-005,1.49082e-006
491.88,-2.99102e-005,1.915e-005
492.88,-2.18759e-005,1.78775e-005
493.879,-1.63866e-005,5.36441e-007
494.879,-2.06221e-005,-1.32054e-005
495.879,-2.76022e-005,-1.82767e-005
496.879,-3.33097e-005,-1.53138e-005
497.878,-4.07078e-005,-1.00241e-005
498.878,-3.40458e-005,-6.96138e-006
499.878,-3.59919e-006,-9.7247e-006
500.878,3.58361e-005,-7.73483e-006
501.877,5.75123e-005,-8.73258e-007
502.877,4.64153e-005,7.06119e-006
503.877,2.23125e-005,1.08787e-005
504.877,1.2906e-005,1.64865e-005
505.876,9.84321e-006,2.31484e-005
506.876,1.51328e-005,3.05464e-005
507.876,2.18946e-005,2.12397e-005
508.876,2.27305e-005,5.17748e-007
509.875,1.1515e-005,-1.82954e-005
510.875,8.35873e-007,-2.07219e-005
511.875,-2.18315e-007,-1.43781e-005
512.875,1.17333e-005,-3.91732e-006
513.874,2.36848e-005,6.54344e-006
514.874,1.86135e-005,1.35235e-005
515.874,7.2982e-006,7.07988e-006
516.874,2.00857e-006,-3.18126e-007
517.874,-6.34382e-006,-1.05419e-006
518.873,-1.97675e-005,5.18982e-006
519.873,-2.57932e-005,6.1442e-006
520.873,-2.4739e-005,-1.99622e-007
521.872,-1.99858e-005,-9.18826e-006
522.872,-1.39601e-005,-1.01426e-005
523.872,-1.19516e-005,-1.04608e-005
524.872,-1.12155e-005,-1.88132e-005
525.872,-7.19839e-006,-1.94494e-005
526.871,8.03426e-006,-1.2725e-006
527.871,2.43211e-005,1.05606e-005
528.871,2.93924e-005,3.5805e-006
529.871,2.41028e-005,-3.81751e-006
530.87,1.7759e-005,-4.8717e-006
531.87,1.30058e-005,4.11694e-006
532.87,1.42783e-005,1.21512e-005
533.87,2.43211e-005,1.05606e-005
534.869,3.24552e-005,-3.08145e-006
535.869,2.79016e-005,-1.88318e-005
536.869,2.22938e-005,-2.82384e-005
537.869,2.43024e-005,-2.85565e-005
538.868,2.52568e-005,-2.25309e-005
539.868,1.61683e-005,-1.49145e-005
540.868,3.79882e-006,-1.50143e-005
541.868,-3.18126e-006,-2.00857e-005
542.867,4.853e-006,-2.13582e-005
543.867,1.75406e-005,-1.92498e-005
544.867,1.78588e-005,-1.72412e-005
545.867,8.77032e-006,-9.62489e-006
546.866,-1.69044e-006,2.32669e-006
547.866,-1.406e-005,2.22688e-006
548.866,-2.86564e-005,-1.19329e-005
549.866,-3.49004e-005,-2.53566e-005
550.865,-3.49004e-005,-2.53566e-005
551.865,-3.13012e-005,-1.56319e-005
552.865,-1.99858e-005,-9.18826e-006
553.865,-1.45964e-005,-1.41598e-005
554.864,-2.02042e-005,-2.35663e-005
555.864,-2.11585e-005,-2.9592e-005
556.864,-1.11157e-005,-3.11827e-005
557.864,-7.51651e-006,-2.1458e-005
558.864,-1.63866e-005,5.36441e-007
559.863,-2.12397e-005,2.18946e-005
560.863,-1.08787e-005,2.23125e-005
561.863,-2.10838e-006,1.26876e-005
562.862,-9.9811e-008,1.23695e-005
563.862,-7.1797e-006,1.96677e-005
564.862,-1.21512e-005,1.42783e-005
565.862,-1.06791e-005,-2.4265e-006
566.862,-3.91732e-006,-1.17333e-005
567.861,-2.96294e-006,-5.70757e-006
568.861,-9.40658e-006,5.60776e-006
569.861,-1.4796e-005,1.05793e-005
570.861,-1.1097e-005,7.93445e-006
571.86,-1.05419e-006,6.34382e-006
572.86,5.28963e-006,7.39801e-006
573.86,6.36252e-007,4.01713e-006
574.86,-1.19516e-005,-1.04608e-005
575.859,-2.15765e-005,-1.92311e-005
576.859,-1.62868e-005,-1.18331e-005
577.859,-1.69044e-006,2.32669e-006
578.859,1.59063e-006,1.00428e-005
579.858,-1.1097e-005,7.93445e-006
580.858,-2.57932e-005,6.1442e-006
581.858,-3.11827e-005,1.11157e-005
582.858,-2.89558e-005,2.51757e-005
583.857,-2.90556e-005,3.75452e-005
584.857,-2.7047e-005,3.72271e-005
585.857,-1.11968e-005,2.0304e-005
586.857,1.17333e-005,-3.91732e-006
587.856,1.75406e-005,-1.92498e-005
588.856,6.22532e-006,-2.56934e-005
589.856,-1.08974e-005,-1.68046e-005
590.856,-2.34665e-005,7.83464e-006
591.855,-2.49387e-005,2.45394e-005
592.855,-2.2612e-005,2.62299e-005
593.855,-2.12397e-005,2.18946e-005
594.855,-2.42026e-005,1.6187e-005
595.854,-2.78018e-005,6.46233e-006
596.854,-2.4739e-005,-1.99622e-007
597.854,-1.56506e-005,-7.81595e-006
598.854,-2.0304e-005,-1.11968e-005
599.853,-3.63725e-005,-8.65182e-006
600.853,-4.07078e-005,-1.00241e-005
601.853,-2.92926e-005,-1.595e-005
602.853,-1.42783e-005,-1.21512e-005
603.853,-0,0
604.852,8.35239e-006,7.36062e-007
605.852,7.81595e-006,-1.56506e-005
606.852,3.89863e-006,-2.73839e-005
607.852,2.20819e-006,-2.50572e-005
608.851,-9.20695e-006,-1.91313e-005
609.851,-2.06221e-005,-1.32054e-005
610.851,-1.96677e-005,-7.1797e-006
611.851,-8.67051e-006,-2.74463e-006
612.85,1.37231e-006,-4.33526e-006
613.85,1.04608e-005,-1.19516e-005
614.85,1.8913e-005,-2.3585e-005
615.85,1.9649e-005,-3.19374e-005
616.849,8.96995e-006,-3.43639e-005
617.849,-3.81751e-006,-2.41028e-005
618.849,-9.94302e-006,-1.07789e-005
619.849,-8.03426e-006,1.2725e-006
620.848,-8.77032e-006,9.62489e-006
621.848,-7.49782e-006,1.76592e-005
622.848,2.86313e-006,1.80771e-005
623.848,1.22697e-005,1.24693e-005
624.847,5.92589e-006,1.14151e-005
625.847,-3.48069e-006,1.70229e-005
626.847,-8.13407e-006,1.3642e-005
627.847,-1.60685e-005,2.54501e-006
628.846,-2.53753e-005,-4.21675e-006
629.846,-1.7341e-005,-5.48926e-006
630.846,6.44363e-006,-1.13153e-005
631.846,2.71655e-005,-1.04795e-005
632.845,3.81627e-005,-6.04439e-006
633.845,3.78446e-005,-8.05295e-006
634.845,3.15008e-005,-9.10714e-006
635.845,2.56934e-005,6.22532e-006
636.844,2.12583e-005,1.72225e-005
637.844,1.62868e-005,1.18331e-005
638.844,1.59687e-005,9.82451e-006
639.844,1.92498e-005,1.75406e-005
640.843,2.22127e-005,2.32482e-005
641.843,1.32241e-005,1.8495e-005
642.843,5.36441e-007,1.63866e-005
643.843,-1.18331e-005,1.62868e-005
644.843,-2.41028e-005,3.81751e-006
645.842,-3.43639e-005,-8.96995e-006
646.842,-3.3946e-005,-1.93309e-005
647.842,-9.84321e-006,-2.31484e-005
648.841,1.58502e-005,-1.69231e-005
649.841,3.01285e-005,-4.77189e-006
650.841,3.67904e-005,-1.70913e-006
651.841,3.55179e-005,-9.74339e-006
652.841,2.2194e-005,-1.58689e-005
653.84,8.4522e-006,-1.16335e-005
654.84,7.71614e-006,-3.28107e-006
655.84,-4.01713e-006,6.36252e-007
656.84,-2.00857e-005,3.18126e-006
657.839,-1.54323e-005,6.56214e-006
658.839,6.24401e-006,1.34237e-005
659.839,1.41785e-005,2.45207e-005
660.839,9.74339e-006,3.55179e-005
661.838,6.68064e-006,4.21799e-005
662.838,2.98164e-006,4.48247e-005
663.838,-8.33369e-006,3.83811e-005
664.838,-2.15578e-005,1.9886e-005
665.837,-3.27733e-005,1.07288e-006
666.837,-4.57791e-005,-3.04406e-006
667.837,-5.68761e-005,4.89039e-006
668.837,-5.52855e-005,1.49332e-005
669.836,-3.96349e-005,2.27492e-005
670.836,-1.65863e-005,2.52755e-005
671.836,4.23545e-006,1.37418e-005
672.836,1.31056e-005,-8.25258e-006
673.835,1.25691e-005,-2.46392e-005
674.835,8.55201e-006,-2.4003e-005
675.835,2.74463e-006,-8.67051e-006
676.835,5.70757e-006,-2.96294e-006
677.834,1.64865e-005,-1.2906e-005
678.834,1.64865e-005,-1.2906e-005
679.834,1.2725e-006,8.03426e-006
680.834,-1.42596e-005,2.69659e-005
681.833,-2.16576e-005,3.22556e-005
682.833,-3.03281e-005,2.95109e-005
683.833,-3.59359e-005,2.01043e-005
684.833,-3.24552e-005,3.08145e-006
685.833,-2.0304e-005,-1.11968e-005
686.832,-1.3642e-005,-8.13407e-006
687.832,-7.07988e-006,7.2982e-006
688.832,-2.84444e-006,2.104e-005
689.831,-1.02424e-005,2.63297e-005
690.831,-1.85948e-005,2.55936e-005
691.831,-2.09215e-005,2.39032e-005
692.831,-1.95492e-005,1.95679e-005
693.831,-1.07789e-005,9.94302e-006
694.83,8.98864e-006,4.75319e-006
695.83,3.00287e-005,7.59763e-006
696.83,3.46821e-005,1.09785e-005
697.83,2.30486e-005,2.52631e-006
698.829,-2.18315e-007,-1.43781e-005
699.829,-1.75593e-005,-1.98673e-005
700.829,-2.32669e-005,-1.69044e-005
701.829,-2.23125e-005,-1.08787e-005
702.828,-2.11398e-005,9.52508e-006
703.828,-1.79586e-005,2.96107e-005
704.828,-1.595e-005,2.92926e-005
705.828,-1.27875e-005,1.02611e-005
706.827,4.75319e-006,-8.98864e-006
707.827,3.6254e-005,-1.80958e-005
708.827,6.0993e-005,-1.78962e-005
709.827,5.46492e-005,-1.89503e-005
710.826,2.09215e-005,-2.39032e-005
711.826,-1.18518e-005,-2.28303e-005
712.826,-2.06221e-005,-1.32054e-005
713.826,-2.09402e-005,-1.5214e-005
714.825,-2.02042e-005,-2.35663e-005
715.825,-2.25309e-005,-2.52568e-005
716.825,-1.92498e-005,-1.75406e-005
717.825,-1.53325e-005,-5.80738e-006
718.824,-1.57504e-005,4.55357e-006
719.824,-2.31484e-005,9.84321e-006
720.824,-3.18189e-005,7.09858e-006
721.824,-2.61114e-005,4.13563e-006
722.823,-5.38945e-006,4.97151e-006
723.823,8.03426e-006,-1.2725e-006
724.823,1.01426e-005,-1.39601e-005
725.823,1.38416e-005,-1.6605e-005
726.823,2.17761e-005,-5.50795e-006
727.822,2.97105e-005,5.58907e-006
728.822,2.7702e-005,5.90719e-006
729.822,2.24123e-005,-1.49082e-006
730.821,1.98673e-005,-1.75593e-005
731.821,1.85948e-005,-2.55936e-005
732.821,1.92311e-005,-2.15765e-005
733.821,1.61683e-005,-1.49145e-005
734.821,7.71614e-006,-3.28107e-006
735.82,3.28107e-006,7.71614e-006
736.82,-2.10838e-006,1.26876e-005
737.82,-1.1097e-005,7.93445e-006
738.82,-2.67476e-005,1.18504e-007
739.819,-3.66906e-005,-1.06604e-005
740.819,-2.3585e-005,-1.8913e-005
741.819,-5.18982e-006,-1.97675e-005
742.819,-1.90875e-006,-1.20514e-005
743.818,-1.30058e-005,-4.11694e-006
744.818,-1.09972e-005,-4.43507e-006
745.818,-2.18315e-007,-1.43781e-005
746.818,2.20819e-006,-2.50572e-005
747.817,-1.11157e-005,-3.11827e-005
748.817,-3.0247e-005,-2.19757e-005
749.817,-3.60544e-005,-6.64326e-006
750.817,-2.64295e-005,2.12707e-006
751.816,-1.14151e-005,5.92589e-006
752.816,3.18126e-007,2.00857e-006
753.816,7.36062e-007,-8.35239e-006
754.816,-3.59919e-006,-9.7247e-006
755.815,6.66195e-006,3.06275e-006
756.815,2.60115e-005,8.23388e-006
757.815,3.51e-005,6.17559e-007
758.815,3.07647e-005,-7.54755e-007
759.814,2.36848e-005,6.54344e-006
760.814,1.25878e-005,1.44779e-005
761.814,3.18126e-006,2.00857e-005
762.814,2.22688e-006,1.406e-005
763.813,7.39801e-006,-5.28963e-006
764.813,1.28873e-005,-2.26307e-005
765.813,1.65863e-005,-2.52755e-005
766.813,1.1515e-005,-1.82954e-005
767.813,5.48926e-006,-1.7341e-005
768.812,3.79882e-006,-1.50143e-005
769.812,-5.60776e-006,-9.40658e-006
770.812,-1.406e-005,2.22688e-006
771.811,-1.07789e-005,9.94302e-006
772.811,-3.48069e-006,1.70229e-005
773.811,-4.53488e-006,2.33667e-005
774.811,-3.5805e-006,2.93924e-005
775.81,6.78045e-006,2.98104e-005
776.81,1.05793e-005,1.4796e-005
777.81,2.32669e-006,1.69044e-006
778.81,-1.17333e-005,3.91732e-006
779.81,-1.61683e-005,1.49145e-005
780.809,-1.58502e-005,1.69231e-005
781.809,-8.77032e-006,9.62489e-006
782.809,2.96294e-006,5.70757e-006
783.809,1.00428e-005,-1.59063e-006
784.808,8.13407e-006,-1.3642e-005
785.808,9.18826e-006,-1.99858e-005
786.808,2.38845e-005,-1.81956e-005
787.808,3.2555e-005,-1.5451e-005
788.807,2.68474e-005,-1.2488e-005
789.807,1.07789e-005,-9.94302e-006
790.807,-1.19516e-005,-1.04608e-005
791.807,-3.51e-005,-6.17559e-007
792.806,-4.18617e-005,8.68921e-006
793.806,-3.18189e-005,7.09858e-006
794.806,-2.50572e-005,-2.20819e-006
795.806,-1.87133e-005,-1.154e-006
796.805,-2.4265e-006,1.06791e-005
797.805,4.8717e-006,1.7759e-005
798.805,-3.38088e-006,4.65338e-006
799.805,-9.52508e-006,-2.11398e-005
800.804,-6.36252e-006,-4.01713e-005
801.804,-2.02726e-006,-3.8799e-005
802.804,2.52631e-006,-2.30486e-005
803.804,9.40658e-006,-5.60776e-006
804.803,8.25258e-006,1.31056e-005
805.803,-9.35684e-007,3.30914e-005
806.803,-4.63469e-006,3.57362e-005
807.803,1.17269e-006,2.04038e-005
808.802,5.92589e-006,1.14151e-005
809.802,-3.48069e-006,1.70229e-005
810.802,-1.11968e-005,2.0304e-005
811.802,-2.4265e-006,1.06791e-005
812.801,8.35239e-006,7.36062e-007
813.801,2.00857e-006,-3.18126e-007
814.801,-1.06791e-005,-2.4265e-006
815.801,-1.79773e-005,-9.50639e-006
816.8,-2.66478e-005,-1.2251e-005
817.8,-2.80201e-005,-7.91576e-006
818.8,-1.96677e-005,-7.1797e-006
819.8,-1.45964e-005,-1.41598e-005
820.799,-1.9886e-005,-2.15578e-005
821.799,-2.69659e-005,-1.42596e-005
822.799,-2.8438e-005,2.44519e-006
823.799,-2.42026e-005,1.6187e-005
824.799,-1.78588e-005,1.72412e-005
825.798,-1.21512e-005,1.42783e-005
826.798,-2.4265e-006,1.06791e-005
827.798,1.0361e-005,4.17937e-007
828.798,1.44779e-005,-1.25878e-005
829.797,8.87014e-006,-2.19944e-005
830.797,-6.46233e-006,-2.78018e-005
831.797,-2.08404e-005,-2.75835e-005
832.797,-2.32669e-005,-1.69044e-005
833.796,-2.16763e-005,-6.86157e-006
834.796,-2.67476e-005,1.18504e-007
835.796,-2.54751e-005,8.15277e-006
836.796,-1.41598e-005,1.45964e-005
837.795,4.23545e-006,1.37418e-005
838.795,1.96677e-005,7.1797e-006
839.795,2.50572e-005,2.20819e-006
840.795,1.7341e-005,5.48926e-006
841.794,1.50143e-005,3.79882e-006
842.794,1.71227e-005,-8.88883e-006
843.794,1.05606e-005,-2.43211e-005
844.794,-3.7177e-006,-3.64723e-005
845.793,-1.03796e-005,-3.95351e-005
846.793,-4.77189e-006,-3.01285e-005
847.793,3.16257e-006,-1.90315e-005
848.793,3.06275e-006,-6.66195e-006
849.792,-1.00428e-005,1.59063e-006
850.792,-2.00857e-005,3.18126e-006
851.792,-9.7247e-006,3.59919e-006
852.792,4.65338e-006,3.38088e-006
853.792,1.16335e-005,8.4522e-006
854.791,1.42783e-005,1.21512e-005
855.791,2.23125e-005,1.08787e-005
856.791,3.07647e-005,-7.54755e-007
857.79,2.8438e-005,-2.44519e-006
858.79,1.99858e-005,9.18826e-006
859.79,2.2849e-005,2.72654e-005
860.79,3.2792e-005,3.80442e-005
861.79,4.48434e-005,3.61355e-005
862.789,4.92785e-005,2.51383e-005
863.789,4.33526e-005,1.37231e-005
864.789,2.73839e-005,3.89863e-006
865.789,1.37418e-005,-4.23545e-006
866.788,6.34382e-006,1.05419e-006
867.788,2.54501e-006,1.60685e-005
868.788,-4.21675e-006,2.53753e-005
869.788,-2.84444e-006,2.104e-005
870.787,1.32241e-005,1.8495e-005
871.787,2.62299e-005,2.2612e-005
872.787,1.75593e-005,1.98673e-005
873.787,9.62489e-006,8.77032e-006
874.786,1.0361e-005,4.17937e-007
875.786,1.17333e-005,-3.91732e-006
876.786,8.77032e-006,-9.62489e-006
877.786,1.39415e-005,-2.89745e-005
878.785,1.67859e-005,-5.00145e-005
879.785,1.10783e-005,-4.70516e-005
880.785,4.21675e-006,-2.53753e-005
881.785,4.75319e-006,-8.98864e-006
882.784,1.43781e-005,-2.18315e-007
883.784,2.4739e-005,1.99622e-007
884.784,2.1458e-005,-7.51651e-006
885.784,4.43507e-006,-1.09972e-005
886.783,-1.00428e-005,1.59063e-006
887.783,-1.88132e-005,1.12155e-005
888.783,-2.71655e-005,1.04795e-005
889.783,-2.98104e-005,6.78045e-006
890.782,-1.71227e-005,8.88883e-006
891.782,-4.43507e-006,1.09972e-005
892.782,-3.79882e-006,1.50143e-005
893.782,-1.79025e-006,1.46962e-005
894.781,3.91732e-006,1.17333e-005
895.781,4.23545e-006,1.37418e-005
896.781,-2.52631e-006,2.30486e-005
897.781,-3.48069e-006,1.70229e-005
898.78,5.70757e-006,-2.96294e-006
899.78,2.45207e-005,-1.41785e-005
900.78,3.78446e-005,-8.05295e-006
901.78,3.30914e-005,9.35684e-007
902.78,1.52327e-005,1.81769e-005
903.779,4.36629e-007,2.87562e-005
904.779,-7.49782e-006,1.76592e-005
905.779,-1.23695e-005,-9.9811e-008
906.779,-9.7247e-006,3.59919e-006
907.778,-1.47212e-006,1.67048e-005
908.778,4.55357e-006,1.57504e-005
909.778,-1.05419e-006,6.34382e-006
910.778,-1.06791e-005,-2.4265e-006
911.777,-1.13153e-005,-6.44363e-006
912.777,5.38945e-006,-4.97151e-006
913.777,2.16763e-005,6.86157e-006
914.777,2.08404e-005,2.75835e-005
915.776,7.73483e-006,3.58361e-005
916.776,-5.90719e-006,2.7702e-005
917.776,-1.27875e-005,1.02611e-005
918.776,-9.30677e-006,-6.76176e-006
919.775,1.47212e-006,-1.67048e-005
920.775,1.11968e-005,-2.0304e-005
921.775,1.48958e-005,-2.29488e-005
922.775,1.38416e-005,-1.6605e-005
923.774,1.17333e-005,-3.91732e-006
924.774,4.33526e-006,1.37231e-006
925.774,-1.67048e-005,-1.47212e-006
926.774,-3.47819e-005,1.39101e-006
927.773,-2.20942e-005,3.49938e-006
928.773,1.37418e-005,-4.23545e-006
929.773,3.65721e-005,-1.60872e-005
930.773,3.76263e-005,-2.2431e-005
931.772,3.51998e-005,-1.1752e-005
932.772,3.77448e-005,4.31656e-006
933.772,3.03468e-005,9.6062e-006
934.772,1.406e-005,-2.22688e-006
935.771,3.48069e-006,-1.70229e-005
936.771,2.20819e-006,-2.50572e-005
937.771,3.89863e-006,-2.73839e-005
938.771,1.99622e-007,-2.4739e-005
939.77,-1.62868e-005,-1.18331e-005
940.77,-2.70657e-005,-1.89006e-006
941.77,-2.27305e-005,-5.17748e-007
942.77,-5.70757e-006,2.96294e-006
943.769,6.88026e-006,1.74408e-005
944.769,4.77189e-006,3.01285e-005
945.769,-5.27094e-006,3.17191e-005
946.769,-1.01426e-005,1.39601e-005
947.768,-1.33239e-005,-6.12551e-006
948.768,-1.13153e-005,-6.44363e-006
949.768,-6.0257e-006,9.54377e-007
950.768,1.17333e-005,-3.91732e-006
951.768,3.88988e-005,-1.43968e-005
952.767,5.89845e-005,-1.7578e-005
953.767,5.46492e-005,-1.89503e-005
954.767,3.19187e-005,-1.94681e-005
955.767,2.05036e-005,-1.35422e-005
956.766,2.37847e-005,-5.82607e-006
957.766,1.57504e-005,-4.55357e-006
958.766,-8.88883e-006,-1.71227e-005
959.766,-3.05651e-005,-2.39843e-005
960.765,-3.70087e-005,-1.2669e-005
961.765,-3.27733e-005,1.07288e-006
962.765,-3.01285e-005,4.77189e-006
963.765,-2.53753e-005,-4.21675e-006
964.764,-1.69231e-005,-1.58502e-005
965.764,-1.32241e-005,-1.8495e-005
966.764,-1.69231e-005,-1.58502e-005
967.764,-1.69231e-005,-1.58502e-005
968.763,-6.56214e-006,-1.54323e-005
969.763,2.4265e-006,-1.06791e-005
970.763,-0,0
971.763,-2.10838e-006,1.26876e-005
972.762,3.18126e-006,2.00857e-005
973.762,1.32241e-005,1.8495e-005
974.762,1.82954e-005,1.1515e-005
975.762,1.33239e-005,6.12551e-006
976.761,8.67051e-006,2.74463e-006
977.761,8.67051e-006,2.74463e-006
978.761,6.24401e-006,1.34237e-005
979.761,-1.19329e-005,2.86564e-005
980.76,-3.40271e-005,3.21557e-005
981.76,-3.26548e-005,2.78205e-005
982.76,-1.07789e-005,9.94302e-006
983.76,6.76176e-006,-9.30677e-006
984.759,7.1797e-006,-1.96677e-005
985.759,-8.5707e-006,-1.51141e-005
986.759,-3.00287e-005,-7.59763e-006
987.759,-4.28161e-005,2.66351e-006
988.758,-3.81627e-005,6.04439e-006
989.758,-2.36848e-005,-6.54344e-006
990.758,-1.55508e-005,-2.01855e-005
991.758,-1.69231e-005,-1.58502e-005
992.758,-1.90315e-005,-3.16257e-006
993.757,-1.31056e-005,8.25258e-006
994.757,-5.17113e-006,1.93496e-005
995.757,-2.84444e-006,2.104e-005
996.757,1.90875e-006,1.20514e-005
997.756,8.35239e-006,7.36062e-007
998.756,1.30058e-005,4.11694e-006
999.756,1.69231e-005,1.58502e-005
1000.76,1.45964e-005,1.41598e-005
1001.76,2.96294e-006,5.70757e-006
1002.76,-9.40658e-006,5.60776e-006
1003.75,-1.31056e-005,8.25258e-006
1004.75,-6.98007e-006,-5.07132e-006
1005.75,5.80738e-006,-1.53325e-005
1006.75,1.88132e-005,-1.12155e-005
1007.75,1.87133e-005,1.154e-006
1008.75,1.13153e-005,6.44363e-006
1009.75,6.76176e-006,-9.30677e-006
1010.75,-4.13563e-006,-2.61114e-005
1011.75,-1.6605e-005,-1.38416e-005
1012.75,-2.2194e-005,1.58689e-005
1013.75,-1.55321e-005,1.89317e-005
1014.75,-8.35239e-006,-7.36062e-007
1015.75,-1.59063e-006,-1.00428e-005
1016.75,9.9811e-008,-1.23695e-005
1017.75,-3.18126e-006,-2.00857e-005
1018.75,-9.20695e-006,-1.91313e-005
1019.75,-1.16335e-005,-8.4522e-006
1020.75,-7.71614e-006,3.28107e-006
1021.75,1.2725e-006,8.03426e-006
1022.75,6.66195e-006,3.06275e-006
1023.75,7.39801e-006,-5.28963e-006
1024.75,4.75319e-006,-8.98864e-006
1025.75,-9.30677e-006,-6.76176e-006
1026.75,-1.87133e-005,-1.154e-006
1027.75,-1.87133e-005,-1.154e-006
1028.75,-1.70229e-005,-3.48069e-006
1029.75,-1.57504e-005,4.55357e-006
1030.75,-3.48069e-006,1.70229e-005
1031.75,7.51651e-006,2.1458e-005
1032.75,1.38603e-005,2.25122e-005
1033.75,1.49145e-005,1.61683e-005
1034.75,1.13153e-005,6.44363e-006
1035.75,6.34382e-006,1.05419e-006
1036.75,-6.44363e-006,1.13153e-005
1037.75,-2.39843e-005,3.05651e-005
1038.75,-3.0746e-005,3.98719e-005
1039.75,-1.76405e-005,3.16193e-005
1040.75,-5.17748e-007,2.27305e-005
1041.75,-4.17937e-007,1.0361e-005
1042.75,-1.56506e-005,-7.81595e-006
1043.74,-3.06649e-005,-1.16148e-005
1044.74,-2.07219e-005,-8.35873e-007
1045.74,-4.43507e-006,1.09972e-005
1046.74,-4.853e-006,2.13582e-005
1047.74,-1.25691e-005,2.46392e-005
1048.74,-1.28873e-005,2.26307e-005
1049.74,-9.18826e-006,1.99858e-005
1050.74,2.86313e-006,1.80771e-005
1051.74,1.59687e-005,9.82451e-006
1052.74,2.61114e-005,-4.13563e-006
1053.74,2.55749e-005,-2.05223e-005
1054.74,1.65863e-005,-2.52755e-005
1055.74,8.4522e-006,-1.16335e-005
1056.74,2.32669e-006,1.69044e-006
1057.74,-7.39801e-006,5.28963e-006
1058.74,-1.30058e-005,-4.11694e-006
1059.74,-1.05793e-005,-1.4796e-005
1060.74,-2.86313e-006,-1.80771e-005
1061.74,-6.56214e-006,-1.54323e-005
1062.74,-2.04038e-005,1.17269e-006
1063.74,-1.85948e-005,2.55936e-005
1064.74,-2.99433e-007,3.71086e-005
1065.74,1.78775e-005,2.18759e-005
1066.74,1.7341e-005,5.48926e-006
1067.74,1.0361e-005,4.17937e-007
1068.74,4.65338e-006,3.38088e-006
1069.74,6.56214e-006,1.54323e-005
1070.74,1.77777e-005,3.42454e-005
1071.74,3.03655e-005,4.87233e-005
1072.74,3.34282e-005,4.20614e-005
1073.74,2.39032e-005,2.09215e-005
1074.74,1.80771e-005,-2.86313e-006
1075.74,2.38845e-005,-1.81956e-005
1076.74,3.52996e-005,-2.41215e-005
1077.74,3.79444e-005,-2.04225e-005
1078.74,1.8495e-005,-1.32241e-005
1079.74,4.11694e-006,-1.30058e-005
1080.74,2.20819e-006,-2.50572e-005
1081.74,2.308e-006,-3.74267e-005
1082.74,-2.34538e-006,-4.08076e-005
1083.74,-7.09858e-006,-3.18189e-005
1084.73,-1.49145e-005,-1.61683e-005
1085.73,-2.4003e-005,-8.55201e-006
1086.73,-2.87562e-005,4.36629e-007
1087.73,-2.28303e-005,1.18518e-005
1088.73,-9.50639e-006,1.79773e-005
1089.73,-1.79025e-006,1.46962e-005
1090.73,2.18315e-007,1.43781e-005
1091.73,2.86313e-006,1.80771e-005
1092.73,2.54501e-006,1.60685e-005
1093.73,8.98864e-006,4.75319e-006
1094.73,1.61683e-005,-1.49145e-005
1095.73,1.56319e-005,-3.13012e-005
1096.73,1.12966e-005,-3.26735e-005
1097.73,2.52631e-006,-2.30486e-005
1098.73,-1.45964e-005,-1.41598e-005
1099.73,-2.97105e-005,-5.58907e-006
1100.73,-2.27305e-005,-5.17748e-007
1101.73,-5.28963e-006,-7.39801e-006
1102.73,8.87014e-006,-2.19944e-005
1103.73,9.92432e-006,-2.83382e-005
1104.73,1.18331e-005,-1.62868e-005
1105.73,1.13153e-005,6.44363e-006
1106.73,7.93445e-006,1.1097e-005
1107.73,-2.32669e-006,-1.69044e-006
1108.73,-1.63866e-005,5.36441e-007
1109.73,-2.01855e-005,1.55508e-005
1110.73,-1.01426e-005,1.39601e-005
1111.73,3.69901e-006,-2.64482e-006
1112.73,1.1097e-005,-7.93445e-006
1113.73,1.26876e-005,2.10838e-006
1114.73,1.3642e-005,8.13407e-006
1115.73,1.54323e-005,-6.56214e-006
1116.73,1.05606e-005,-2.43211e-005
1117.73,-3.7177e-006,-3.64723e-005
1118.73,-2.04225e-005,-3.79444e-005
1119.73,-2.71842e-005,-2.86377e-005
1120.73,-2.52755e-005,-1.65863e-005
1121.73,-2.23125e-005,-1.08787e-005
1122.73,-1.99858e-005,-9.18826e-006
1123.73,-1.56506e-005,-7.81595e-006
1124.73,-8.03426e-006,1.2725e-006
1125.72,2.18315e-007,1.43781e-005
1126.72,7.19839e-006,1.94494e-005
1127.72,5.18982e-006,1.97675e-005
1128.72,-5.17113e-006,1.93496e-005
1129.72,-7.1797e-006,1.96677e-005
1130.72,-3.16257e-006,1.90315e-005
1131.72,-5.17113e-006,1.93496e-005
1132.72,-1.38416e-005,1.6605e-005
1133.72,-2.1458e-005,7.51651e-006
1134.72,-1.63866e-005,5.36441e-007
1135.72,7.36062e-007,-8.35239e-006
1136.72,1.38416e-005,-1.6605e-005
1137.72,2.11398e-005,-9.52508e-006
1138.72,2.7702e-005,5.90719e-006
1139.72,3.06649e-005,1.16148e-005
1140.72,3.06649e-005,1.16148e-005
1141.72,2.55936e-005,1.85948e-005
1142.72,1.51328e-005,3.05464e-005
1143.72,5.40814e-006,3.41456e-005
1144.72,1.18518e-005,2.28303e-005
1145.72,1.49145e-005,1.61683e-005
1146.72,2.86313e-006,1.80771e-005
1147.72,-1.1515e-005,1.82954e-005
1148.72,-8.4522e-006,1.16335e-005
1149.72,3.91732e-006,1.17333e-005
1150.72,1.18518e-005,2.28303e-005
1151.72,1.37605e-005,3.48817e-005
1152.72,1.31243e-005,3.08645e-005
1153.72,9.30677e-006,6.76176e-006
1154.72,1.79025e-006,-1.46962e-005
1155.72,-1.08974e-005,-1.68046e-005
1156.72,-1.6605e-005,-1.38416e-005
1157.72,-1.02611e-005,-1.27875e-005
1158.72,4.17937e-007,-1.0361e-005
1159.72,1.05419e-006,-6.34382e-006
1160.72,-8.67051e-006,-2.74463e-006
1161.72,-1.31056e-005,8.25258e-006
1162.72,-1.38416e-005,1.6605e-005
1163.72,-1.64865e-005,1.2906e-005
1164.72,-1.406e-005,2.22688e-006
1165.72,-1.09972e-005,-4.43507e-006
1166.71,-1.06791e-005,-2.4265e-006
1167.71,-1.406e-005,2.22688e-006
1168.71,-7.39801e-006,5.28963e-006
1169.71,9.54377e-007,6.0257e-006
1170.71,5.28963e-006,7.39801e-006
1171.71,1.33239e-005,6.12551e-006
1172.71,2.07219e-005,8.35873e-007
1173.71,2.1458e-005,-7.51651e-006
1174.71,1.38416e-005,-1.6605e-005
1175.71,2.08217e-005,-1.15336e-005
1176.71,3.8799e-005,-2.02726e-006
1177.71,4.14438e-005,1.67175e-006
1178.71,1.7759e-005,-4.8717e-006
1179.71,-9.62489e-006,-8.77032e-006
1180.71,-1.53325e-005,-5.80738e-006
1181.71,3.18126e-007,2.00857e-006
1182.71,1.72412e-005,1.78588e-005
1183.71,1.60872e-005,3.65721e-005
1184.71,9.7307e-007,4.51428e-005
1185.71,-7.27951e-006,3.20372e-005
1186.71,-7.36062e-007,8.35239e-006
1187.71,-5.38945e-006,4.97151e-006
1188.71,-1.98673e-005,1.75593e-005
1189.71,-2.99102e-005,1.915e-005
1190.71,-2.25122e-005,1.38603e-005
1191.71,-1.27875e-005,1.02611e-005
1192.71,-7.07988e-006,7.2982e-006
1193.71,2.64482e-006,3.69901e-006
1194.71,2.50572e-005,2.20819e-006
1195.71,4.11257e-005,-3.36818e-007
1196.71,3.84809e-005,-4.03582e-006
1197.71,2.57932e-005,-6.1442e-006
1198.71,1.1097e-005,-7.93445e-006
1199.71,1.05419e-006,-6.34382e-006
1200.71,-3.59919e-006,-9.7247e-006
1201.71,1.47212e-006,-1.67048e-005
1202.71,9.82451e-006,-1.59687e-005
1203.71,1.74408e-005,-6.88026e-006
1204.71,1.60685e-005,-2.54501e-006
1205.71,1.37231e-006,-4.33526e-006
1206.71,-1.26876e-005,-2.10838e-006
1207.71,-1.63866e-005,5.36441e-007
1208.7,-4.65338e-006,-3.38088e-006
1209.7,1.37418e-005,-4.23545e-006
1210.7,2.81199e-005,-4.45376e-006
1211.7,2.31484e-005,-9.84321e-006
1212.7,9.08845e-006,-7.61633e-006
1213.7,3.18126e-007,2.00857e-006
1214.7,-3.06275e-006,6.66195e-006
1215.7,-0,0
1216.7,5.07132e-006,-6.98007e-006
1217.7,5.48926e-006,-1.7341e-005
1218.7,-3.18126e-006,-2.00857e-005
1219.7,7.36062e-007,-8.35239e-006
1220.7,1.90315e-005,3.16257e-006
1221.7,3.07647e-005,-7.54755e-007
1222.7,2.11398e-005,-9.52508e-006
1223.7,5.70757e-006,-2.96294e-006
1224.7,-6.44363e-006,1.13153e-005
1225.7,-1.21512e-005,1.42783e-005
1226.7,-1.91313e-005,9.20695e-006
1227.7,-3.04466e-005,2.76332e-006
1228.7,-4.08076e-005,2.34538e-006
1229.7,-3.58361e-005,7.73483e-006
1230.7,-2.08217e-005,1.15336e-005
1231.7,-2.74463e-006,8.67051e-006
1232.7,6.66195e-006,3.06275e-006
1233.7,2.96294e-006,5.70757e-006
1234.7,-1.18331e-005,1.62868e-005
1235.7,-1.75406e-005,1.92498e-005
1236.7,-9.7247e-006,3.59919e-006
1237.7,2.4265e-006,-1.06791e-005
1238.7,1.64865e-005,-1.2906e-005
1239.7,3.22369e-005,-1.74595e-005
1240.7,3.79444e-005,-2.04225e-005
1241.7,3.28731e-005,-1.34424e-005
1242.7,1.54323e-005,-6.56214e-006
1243.7,-9.30677e-006,-6.76176e-006
1244.7,-1.99858e-005,-9.18826e-006
1245.7,-1.26876e-005,-2.10838e-006
1246.7,2.64482e-006,3.69901e-006
1247.7,1.7341e-005,5.48926e-006
1248.7,3.1401e-005,3.26238e-006
1249.69,3.1401e-005,3.26238e-006
1250.69,1.87133e-005,1.154e-006
1251.69,1.17333e-005,-3.91732e-006
1252.69,1.31056e-005,-8.25258e-006
1253.69,1.41598e-005,-1.45964e-005
1254.69,5.48926e-006,-1.7341e-005
1255.69,-7.93445e-006,-1.1097e-005
1256.69,-2.13582e-005,-4.853e-006
1257.69,-3.1401e-005,-3.26238e-006
1258.69,-3.51e-005,-6.17559e-007
1259.69,-2.78018e-005,6.46233e-006
1260.69,-1.24693e-005,1.22697e-005
1261.69,2.54501e-006,1.60685e-005
1262.69,4.55357e-006,1.57504e-005
1263.69,-1.47212e-006,1.67048e-005
1264.69,8.54566e-007,1.83952e-005
1265.69,9.20695e-006,1.91313e-005
1266.69,1.01613e-005,2.5157e-005
1267.69,-2.308e-006,3.74267e-005
1268.69,-1.97488e-005,4.43069e-005
1269.69,-2.96919e-005,3.35281e-005
1270.69,-2.42026e-005,1.6187e-005
1271.69,-6.34382e-006,-1.05419e-006
1272.69,1.1097e-005,-7.93445e-006
1273.69,2.104e-005,2.84444e-006
1274.69,1.62868e-005,1.18331e-005
1275.69,3.28107e-006,7.71614e-006
1276.69,-4.01713e-006,6.36252e-007
1277.69,-9.54377e-007,-6.0257e-006
1278.69,-3.28107e-006,-7.71614e-006
1279.69,-8.03426e-006,1.2725e-006
1280.69,-1.31056e-005,8.25258e-006
1281.69,-1.68046e-005,1.08974e-005
1282.69,-1.11968e-005,2.0304e-005
1283.69,-2.94425e-006,3.34095e-005
1284.69,9.7307e-007,4.51428e-005
1285.69,1.2912e-006,4.71514e-005
1286.69,2.34538e-006,4.08076e-005
1287.69,7.09858e-006,3.18189e-005
1288.69,5.82607e-006,2.37847e-005
1289.69,-1.18331e-005,1.62868e-005
1290.68,-3.79444e-005,2.04225e-005
1291.68,-5.105e-005,2.8675e-005
1292.68,-4.47062e-005,2.97292e-005
1293.68,-3.73082e-005,2.44396e-005
1294.68,-2.99102e-005,1.915e-005
1295.68,-2.85379e-005,1.48147e-005
1296.68,-2.78018e-005,6.46233e-006
1297.68,-1.50143e-005,-3.79882e-006
1298.68,4.11694e-006,-1.30058e-005
1299.68,1.95492e-005,-1.95679e-005
1300.68,3.16006e-005,-2.14767e-005
1301.68,2.38845e-005,-1.81956e-005
1302.68,1.05419e-006,-6.34382e-006
1303.68,-1.67048e-005,-1.47212e-006
1304.68,-2.09402e-005,-1.5214e-005
1305.68,-1.88318e-005,-2.79016e-005
1306.68,-8.54566e-007,-1.83952e-005
1307.68,2.87562e-005,-4.36629e-007
1308.68,4.64153e-005,7.06119e-006
1309.68,3.63725e-005,8.65182e-006
1310.68,7.93445e-006,1.1097e-005
1311.68,-1.54323e-005,6.56214e-006
1312.68,-1.43781e-005,2.18315e-007
1313.68,3.28107e-006,7.71614e-006
1314.68,2.12583e-005,1.72225e-005
1315.68,2.89745e-005,1.39415e-005
1316.68,2.04038e-005,-1.17269e-006
1317.68,9.18826e-006,-1.99858e-005
1318.68,6.96138e-006,-3.40458e-005
1319.68,5.68888e-006,-4.20801e-005
1320.68,1.35362e-006,-4.34524e-005
1321.68,-7.54755e-007,-3.07647e-005
1322.68,2.10838e-006,-1.26876e-005
1323.68,-6.36252e-007,-4.01713e-006
1324.68,-1.79773e-005,-9.50639e-006
1325.68,-3.70087e-005,-1.2669e-005
1326.68,-4.60972e-005,-5.05263e-006
1327.68,-3.30914e-005,-9.35684e-007
1328.68,-1.09972e-005,-4.43507e-006
1329.68,3.18126e-007,2.00857e-006
1330.68,2.54501e-006,1.60685e-005
1331.67,5.18982e-006,1.97675e-005
1332.67,7.61633e-006,9.08845e-006
1333.67,4.33526e-006,1.37231e-006
1334.67,5.70757e-006,-2.96294e-006
1335.67,1.17333e-005,-3.91732e-006
1336.67,8.67051e-006,2.74463e-006
1337.67,-9.9811e-008,1.23695e-005
1338.67,-5.17113e-006,1.93496e-005
1339.67,-5.48926e-006,1.7341e-005
1340.67,3.59919e-006,9.7247e-006
1341.67,1.82954e-005,1.1515e-005
1342.67,2.6548e-005,2.46205e-005
1343.67,2.44396e-005,3.73082e-005
1344.67,1.77777e-005,3.42454e-005
1345.67,4.13563e-006,2.61114e-005
1346.67,-2.02853e-005,2.79203e-005
1347.67,-4.03709e-005,3.11016e-005
1348.67,-4.16434e-005,2.30673e-005
1349.67,-2.05036e-005,1.35422e-005
1350.67,1.39601e-005,1.01426e-005
1351.67,3.23554e-005,9.28807e-006
1352.67,3.27733e-005,-1.07288e-006
1353.67,2.38845e-005,-1.81956e-005
1354.67,9.35684e-007,-3.30914e-005
1355.67,-2.14767e-005,-3.16006e-005
1356.67,-2.32669e-005,-1.69044e-005
1357.67,-6.0257e-006,9.54377e-007
1358.67,1.22697e-005,1.24693e-005
1359.67,2.46392e-005,1.25691e-005
1360.67,3.10829e-005,1.25381e-006
1361.67,2.78018e-005,-6.46233e-006
1362.67,1.87133e-005,1.154e-006
1363.67,1.95679e-005,1.95492e-005
1364.67,1.44966e-005,2.65293e-005
1365.67,-7.1797e-006,1.96677e-005
1366.67,-3.35094e-005,9.42527e-006
1367.67,-3.61542e-005,5.72626e-006
1368.67,-2.37847e-005,5.82607e-006
1369.67,-1.18331e-005,1.62868e-005
1370.67,-4.95282e-006,3.37277e-005
1371.67,-3.36219e-006,4.37705e-005
1372.66,-2.40781e-006,4.97962e-005
1373.66,-3.99244e-007,4.94781e-005
1374.66,1.86926e-008,3.91171e-005
1375.66,1.80894e-006,2.44209e-005
1376.66,5.60776e-006,9.40658e-006
1377.66,-2.64482e-006,-3.69901e-006
1378.66,-1.87133e-005,-1.154e-006
1379.66,-1.81769e-005,1.52327e-005
1380.66,1.18504e-007,2.67476e-005
1381.66,1.68233e-005,2.82197e-005
1382.66,2.54938e-005,3.09644e-005
1383.66,2.41215e-005,3.52996e-005
1384.66,6.04439e-006,3.81627e-005
1385.66,-9.28807e-006,3.23554e-005
1386.66,-1.1515e-005,1.82954e-005
1387.66,-4.33526e-006,-1.37231e-006
1388.66,7.49782e-006,-1.76592e-005
1389.66,8.87014e-006,-2.19944e-005
1390.66,1.47212e-006,-1.67048e-005
1391.66,-3.18126e-007,-2.00857e-006
1392.66,2.96294e-006,5.70757e-006
1393.66,7.93445e-006,1.1097e-005
1394.66,1.6605e-005,1.38416e-005
1395.66,1.79773e-005,9.50639e-006
1396.66,1.00428e-005,-1.59063e-006
1397.66,-4.23545e-006,-1.37418e-005
1398.66,-1.32241e-005,-1.8495e-005
1399.66,-1.12155e-005,-1.88132e-005
1400.66,4.17937e-007,-1.0361e-005
1401.66,1.26876e-005,2.10838e-006
1402.66,1.2906e-005,1.64865e-005
1403.66,4.8717e-006,1.7759e-005
1404.66,-4.75319e-006,8.98864e-006
1405.66,-1.14151e-005,5.92589e-006
1406.66,-1.92311e-005,2.15765e-005
1407.66,-2.30299e-005,3.65908e-005
1408.66,-1.79586e-005,2.96107e-005
1409.66,-1.94494e-005,7.19839e-006
1410.66,-2.09402e-005,-1.5214e-005
1411.66,-1.31243e-005,-3.08645e-005
1412.66,-6.36252e-006,-4.01713e-005
1413.65,-1.1752e-005,-3.51998e-005
1414.65,-1.82954e-005,-1.1515e-005
1415.65,-1.27875e-005,1.02611e-005
1416.65,-5.38945e-006,4.97151e-006
1417.65,-4.65338e-006,-3.38088e-006
1418.65,-2.96294e-006,-5.70757e-006
1419.65,9.08845e-006,-7.61633e-006
1420.65,1.91313e-005,-9.20695e-006
1421.65,7.2982e-006,7.07988e-006
1422.65,-1.45777e-005,2.49574e-005
1423.65,-2.46205e-005,2.6548e-005
1424.65,-1.68046e-005,1.08974e-005
1425.65,-8.67051e-006,-2.74463e-006
1426.65,-9.94302e-006,-1.07789e-005
1427.65,-1.6605e-005,-1.38416e-005
1428.65,-1.93496e-005,-5.17113e-006
1429.65,-1.17333e-005,3.91732e-006
1430.65,-6.34382e-006,-1.05419e-006
1431.65,-9.20695e-006,-1.91313e-005
1432.65,-6.78045e-006,-2.98104e-005
1433.65,6.54344e-006,-2.36848e-005
1434.65,2.42026e-005,-1.6187e-005
1435.65,3.85807e-005,-1.64053e-005
1436.65,3.86805e-005,-2.87749e-005
1437.65,2.22938e-005,-2.82384e-005
1438.65,-2.18315e-007,-1.43781e-005
1439.65,-1.70229e-005,-3.48069e-006
1440.65,-2.104e-005,-2.84444e-006
1441.65,-1.7341e-005,-5.48926e-006
1442.65,-1.16335e-005,-8.4522e-006
1443.65,4.17937e-007,-1.0361e-005
1444.65,1.44779e-005,-1.25878e-005
1445.65,1.68046e-005,-1.08974e-005
1446.65,8.03426e-006,-1.2725e-006
1447.65,6.36252e-007,4.01713e-006
1448.65,-1.37231e-006,4.33526e-006
1449.65,-4.33526e-006,-1.37231e-006
1450.65,-1.26876e-005,-2.10838e-006
1451.65,-1.21512e-005,1.42783e-005
1452.65,-7.27951e-006,3.20372e-005
1453.65,-9.92432e-006,2.83382e-005
1454.64,-1.7759e-005,4.8717e-006
1455.64,-1.86135e-005,-1.35235e-005
1456.64,-7.93445e-006,-1.1097e-005
1457.64,6.24401e-006,1.34237e-005
1458.64,1.14338e-005,3.31912e-005
1459.64,3.39957e-006,3.44637e-005
1460.64,-1.8913e-005,2.3585e-005
1461.64,-3.08645e-005,1.31243e-005
1462.64,-2.20942e-005,3.49938e-006
1463.64,-6.98007e-006,-5.07132e-006
1464.64,1.79025e-006,-1.46962e-005
1465.64,1.47212e-006,-1.67048e-005
1466.64,-6.56214e-006,-1.54323e-005
1467.64,-1.15336e-005,-2.08217e-005
1468.64,-7.09858e-006,-3.18189e-005
1469.64,-2.76332e-006,-3.04466e-005
1470.64,7.36062e-007,-8.35239e-006
1471.64,8.5707e-006,1.51141e-005
1472.64,2.82384e-005,2.22938e-005
1473.64,3.92356e-005,2.67289e-005
1474.64,2.9829e-005,3.23367e-005
1475.64,8.47089e-006,2.74837e-005
1476.64,-1.57504e-005,4.55357e-006
1477.64,-2.7284e-005,-1.62681e-005
1478.64,-2.62299e-005,-2.2612e-005
1479.64,-2.15765e-005,-1.92311e-005
1480.64,-2.7284e-005,-1.62681e-005
1481.64,-3.33097e-005,-1.53138e-005
1482.64,-2.85565e-005,-2.43024e-005
1483.64,-1.60872e-005,-3.65721e-005
1484.64,-1.11157e-005,-3.11827e-005
1485.64,-1.32241e-005,-1.8495e-005
1486.64,-1.15336e-005,-2.08217e-005
1487.64,-7.4167e-006,-3.38275e-005
1488.64,-9.42527e-006,-3.35094e-005
1489.64,-1.58689e-005,-2.2194e-005
1490.64,-1.42783e-005,-1.21512e-005
1491.64,-7.61633e-006,-9.08845e-006
1492.64,-1.59063e-006,-1.00428e-005
1493.64,-1.2725e-006,-8.03426e-006
1494.64,-3.69901e-006,2.64482e-006
1495.63,-6.44363e-006,1.13153e-005
1496.63,-1.04608e-005,1.19516e-005
1497.63,-1.07789e-005,9.94302e-006
1498.63,-1.07789e-005,9.94302e-006
1499.63,-1.07789e-005,9.94302e-006
1500.63,-1.91313e-005,9.20695e-006
1501.63,-3.08645e-005,1.31243e-005
1502.63,-3.39273e-005,1.97862e-005
1503.63,-2.9592e-005,2.11585e-005
1504.63,-3.05464e-005,1.51328e-005
1505.63,-2.82197e-005,1.68233e-005
1506.63,-1.58502e-005,1.69231e-005
1507.63,-6.76176e-006,9.30677e-006
1508.63,-8.35239e-006,-7.36062e-007
1509.63,-1.90315e-005,-3.16257e-006
1510.63,-3.00287e-005,-7.59763e-006
1511.63,-3.20372e-005,-7.27951e-006
1512.63,-1.43781e-005,2.18315e-007
1513.63,3.59919e-006,9.7247e-006
1514.63,7.19839e-006,1.94494e-005
1515.63,9.52508e-006,2.11398e-005
1516.63,1.3642e-005,8.13407e-006
1517.63,1.34237e-005,-6.24401e-006
1518.63,1.1097e-005,-7.93445e-006
1519.63,-3.18126e-007,-2.00857e-006
1520.63,-1.7759e-005,4.8717e-006
1521.63,-2.71655e-005,1.04795e-005
1522.63,-2.01855e-005,1.55508e-005
1523.63,-2.52631e-006,2.30486e-005
1524.63,8.15277e-006,2.54751e-005
1525.63,5.36441e-007,1.63866e-005
1526.63,-1.04608e-005,1.19516e-005
1527.63,-4.853e-006,2.13582e-005
1528.63,1.94681e-005,3.19187e-005
1529.63,3.79631e-005,1.86946e-005
1530.63,4.15436e-005,-1.06978e-005
1531.63,4.26976e-005,-2.94111e-005
1532.63,4.50243e-005,-2.77207e-005
1533.63,3.72084e-005,-1.20701e-005
1534.63,2.104e-005,2.84444e-006
1535.63,7.93445e-006,1.1097e-005
1536.62,6.98007e-006,5.07132e-006
1537.62,9.08845e-006,-7.61633e-006
1538.62,5.17113e-006,-1.93496e-005
1539.62,3.89863e-006,-2.73839e-005
1540.62,3.5805e-006,-2.93924e-005
1541.62,2.52631e-006,-2.30486e-005
1542.62,3.79882e-006,-1.50143e-005
1543.62,7.39801e-006,-5.28963e-006
1544.62,6.0257e-006,-9.54377e-007
1545.62,7.39801e-006,-5.28963e-006
1546.62,8.77032e-006,-9.62489e-006
1547.62,1.69044e-006,-2.32669e-006
1548.62,-5.80738e-006,1.53325e-005
1549.62,-1.06604e-005,3.66906e-005
1550.62,-1.07602e-005,4.90601e-005
1551.62,-1.09785e-005,3.46821e-005
1552.62,-1.00428e-005,1.59063e-006
1553.62,-3.18126e-006,-2.00857e-005
1554.62,1.11968e-005,-2.0304e-005
1555.62,1.98673e-005,-1.75593e-005
1556.62,6.54344e-006,-2.36848e-005
1557.62,-1.65052e-005,-2.62112e-005
1558.62,-2.80201e-005,-7.91576e-006
1559.62,-2.25122e-005,1.38603e-005
1560.62,-9.82451e-006,1.59687e-005
1561.62,-8.67051e-006,-2.74463e-006
1562.62,-1.25878e-005,-1.44779e-005
1563.62,-1.92498e-005,-1.75406e-005
1564.62,-1.69231e-005,-1.58502e-005
1565.62,-7.61633e-006,-9.08845e-006
1566.62,-3.69901e-006,2.64482e-006
1567.62,-5.38945e-006,4.97151e-006
1568.62,-5.92589e-006,-1.14151e-005
1569.62,-1.31243e-005,-3.08645e-005
1570.62,-1.03796e-005,-3.95351e-005
1571.62,8.65182e-006,-3.63725e-005
1572.62,2.56747e-005,-3.28918e-005
1573.62,2.30299e-005,-3.65908e-005
1574.62,1.40413e-005,-4.1344e-005
1575.62,1.09785e-005,-3.46821e-005
1576.61,1.11968e-005,-2.0304e-005
1577.61,1.51141e-005,-8.5707e-006
1578.61,2.24123e-005,-1.49082e-006
1579.61,2.53753e-005,4.21675e-006
1580.61,2.24123e-005,-1.49082e-006
1581.61,1.44779e-005,-1.25878e-005
1582.61,1.07789e-005,-9.94302e-006
1583.61,2.07219e-005,8.35873e-007
1584.61,2.90743e-005,1.57194e-006
1585.61,2.01855e-005,-1.55508e-005
1586.61,-4.77189e-006,-3.01285e-005
1587.61,-2.41215e-005,-3.52996e-005
1588.61,-2.2431e-005,-3.76263e-005
1589.61,-4.13563e-006,-2.61114e-005
1590.61,6.44363e-006,-1.13153e-005
1591.61,3.69901e-006,-2.64482e-006
1592.61,3.69901e-006,-2.64482e-006
1593.61,6.98007e-006,5.07132e-006
1594.61,1.12155e-005,1.88132e-005
1595.61,1.2488e-005,2.68474e-005
1596.61,8.88883e-006,1.71227e-005
1597.61,-3.38088e-006,4.65338e-006
1598.61,-8.03426e-006,1.2725e-006
1599.61,-1.37231e-006,4.33526e-006
1600.61,6.98007e-006,5.07132e-006
1601.61,7.61633e-006,9.08845e-006
1602.61,7.61633e-006,9.08845e-006
1603.61,5.60776e-006,9.40658e-006
1604.61,1.59063e-006,1.00428e-005
1605.61,-6.76176e-006,9.30677e-006
1606.61,-1.80771e-005,2.86313e-006
1607.61,-2.53753e-005,-4.21675e-006
1608.61,-1.50143e-005,-3.79882e-006
1609.61,3.18126e-007,2.00857e-006
1610.61,-7.07988e-006,7.2982e-006
1611.61,-3.42454e-005,1.77777e-005
1612.61,-3.69901e-005,2.64482e-005
1613.61,-1.32054e-005,2.06221e-005
1614.61,5.28963e-006,7.39801e-006
1615.61,8.03426e-006,-1.2725e-006
1616.61,7.71614e-006,-3.28107e-006
1617.6,1.406e-005,-2.22688e-006
1618.6,2.31484e-005,-9.84321e-006
1619.6,2.35663e-005,-2.02042e-005
1620.6,1.44779e-005,-1.25878e-005
1621.6,6.66195e-006,3.06275e-006
1622.6,2.32669e-006,1.69044e-006
1623.6,-3.59919e-006,-9.7247e-006
1624.6,-9.30677e-006,-6.76176e-006
1625.6,-7.71614e-006,3.28107e-006
1626.6,-9.08845e-006,7.61633e-006
1627.6,-1.54323e-005,6.56214e-006
1628.6,-2.08217e-005,1.15336e-005
1629.6,-1.32054e-005,2.06221e-005
1630.6,-3.16257e-006,1.90315e-005
1631.6,-1.37231e-006,4.33526e-006
1632.6,-8.98864e-006,-4.75319e-006
1633.6,-1.57504e-005,4.55357e-006
1634.6,-2.49387e-005,2.45394e-005
1635.6,-3.77261e-005,3.48006e-005
1636.6,-4.70329e-005,2.80388e-005
1637.6,-4.92598e-005,1.39788e-005
1638.6,-3.35094e-005,9.42527e-006
1639.6,-4.75319e-006,8.98864e-006
1640.6,1.94494e-005,-7.19839e-006
1641.6,2.6311e-005,-2.88747e-005
1642.6,1.90128e-005,-3.59546e-005
1643.6,-1.49082e-006,-2.24123e-005
1644.6,-1.7341e-005,-5.48926e-006
1645.6,-2.44209e-005,1.80894e-006
1646.6,-2.8438e-005,2.44519e-006
1647.6,-1.87133e-005,-1.154e-006
1648.6,8.03426e-006,-1.2725e-006
1649.6,3.1401e-005,3.26238e-006
1650.6,3.23554e-005,9.28807e-006
1651.6,1.30058e-005,4.11694e-006
1652.6,2.74463e-006,-8.67051e-006
1653.6,5.48926e-006,-1.7341e-005
1654.6,3.16257e-006,-1.90315e-005
1655.6,-6.1442e-006,-2.57932e-005
1656.6,-7.09858e-006,-3.18189e-005
1657.6,-7.54755e-007,-3.07647e-005
1658.59,-3.49938e-006,-2.20942e-005
1659.59,-1.49145e-005,-1.61683e-005
1660.59,-1.75593e-005,-1.98673e-005
1661.59,-1.49082e-006,-2.24123e-005
1662.59,2.35663e-005,-2.02042e-005
1663.59,3.39273e-005,-1.97862e-005
1664.59,2.72654e-005,-2.2849e-005
1665.59,1.64865e-005,-1.2906e-005
1666.59,6.66195e-006,3.06275e-006
1667.59,6.88026e-006,1.74408e-005
1668.59,2.22127e-005,2.32482e-005
1669.59,3.73269e-005,1.46775e-005
1670.59,3.01285e-005,-4.77189e-006
1671.59,5.48926e-006,-1.7341e-005
1672.59,-5.92589e-006,-1.14151e-005
1673.59,-6.0257e-006,9.54377e-007
1674.59,-6.76176e-006,9.30677e-006
1675.59,-8.77032e-006,9.62489e-006
1676.59,-7.07988e-006,7.2982e-006
1677.59,-3.18126e-007,-2.00857e-006
1678.59,1.01426e-005,-1.39601e-005
1679.59,1.55321e-005,-1.89317e-005
1680.59,1.71227e-005,-8.88883e-006
1681.59,2.104e-005,2.84444e-006
1682.59,2.41028e-005,-3.81751e-006
1683.59,1.38416e-005,-1.6605e-005
1684.59,-1.05793e-005,-1.4796e-005
1685.59,-2.67476e-005,1.18504e-007
1686.59,-1.98673e-005,1.75593e-005
1687.59,-4.853e-006,2.13582e-005
1688.59,1.90875e-006,1.20514e-005
1689.59,3.18126e-007,2.00857e-006
1690.59,2.00857e-006,-3.18126e-007
1691.59,6.0257e-006,-9.54377e-007
1692.59,3.06275e-006,-6.66195e-006
1693.59,-5.60776e-006,-9.40658e-006
1694.59,-1.26876e-005,-2.10838e-006
1695.59,-9.7247e-006,3.59919e-006
1696.59,3.59919e-006,9.7247e-006
1697.59,1.2488e-005,2.68474e-005
1698.59,1.03796e-005,3.95351e-005
1699.58,5.09001e-006,3.2137e-005
1700.58,5.36441e-007,1.63866e-005
1701.58,-3.48069e-006,1.70229e-005
1702.58,1.17269e-006,2.04038e-005
1703.58,1.19516e-005,1.04608e-005
1704.58,1.87133e-005,1.154e-006
1705.58,1.37418e-005,-4.23545e-006
1706.58,8.87014e-006,-2.19944e-005
1707.58,1.00241e-005,-4.07078e-005
1708.58,1.60498e-005,-4.16621e-005
1709.58,1.80584e-005,-4.19803e-005
1710.58,1.64678e-005,-5.20231e-005
1711.58,1.67859e-005,-5.00145e-005
1712.58,1.56319e-005,-3.13012e-005
1713.58,4.43507e-006,-1.09972e-005
1714.58,-1.09972e-005,-4.43507e-006
1715.58,-2.50572e-005,-2.20819e-006
1716.58,-2.19944e-005,-8.87014e-006
1717.58,-4.8717e-006,-1.7759e-005
1718.58,9.50639e-006,-1.79773e-005
1719.58,1.07789e-005,-9.94302e-006
1720.58,3.69901e-006,-2.64482e-006
1721.58,-6.34382e-006,-1.05419e-006
1722.58,-4.65338e-006,-3.38088e-006
1723.58,1.14151e-005,-5.92589e-006
1724.58,3.18189e-005,-7.09858e-006
1725.58,2.85379e-005,-1.48147e-005
1726.58,-1.80894e-006,-2.44209e-005
1727.58,-2.82384e-005,-2.22938e-005
1728.58,-2.70657e-005,-1.89006e-006
1729.58,-5.48926e-006,1.7341e-005
1730.58,7.51651e-006,2.1458e-005
1731.58,6.24401e-006,1.34237e-005
1732.58,3.18126e-007,2.00857e-006
1733.58,-1.2725e-006,-8.03426e-006
1734.58,5.48926e-006,-1.7341e-005
1735.58,1.72225e-005,-2.12583e-005
1736.58,1.88132e-005,-1.12155e-005
1737.58,1.16335e-005,8.4522e-006
1738.58,2.22688e-006,1.406e-005
1739.58,-2.64482e-006,-3.69901e-006
1740.57,-1.12155e-005,-1.88132e-005
1741.57,-2.52755e-005,-1.65863e-005
1742.57,-3.26735e-005,-1.12966e-005
1743.57,-2.70657e-005,-1.89006e-006
1744.57,-2.00857e-005,3.18126e-006
1745.57,-2.5157e-005,1.01613e-005
1746.57,-3.19187e-005,1.94681e-005
1747.57,-2.79016e-005,1.88318e-005
1748.57,-1.57504e-005,4.55357e-006
1749.57,-1.7341e-005,-5.48926e-006
1750.57,-2.8438e-005,2.44519e-006
1751.57,-2.42026e-005,1.6187e-005
1752.57,-6.86157e-006,2.16763e-005
1753.57,5.92589e-006,1.14151e-005
1754.57,6.66195e-006,3.06275e-006
1755.57,2.32669e-006,1.69044e-006
1756.57,-7.71614e-006,3.28107e-006
1757.57,-1.7759e-005,4.8717e-006
1758.57,-2.08217e-005,1.15336e-005
1759.57,-1.18331e-005,1.62868e-005
1760.57,-4.17937e-007,1.0361e-005
1761.57,3.69901e-006,-2.64482e-006
1762.57,5.80738e-006,-1.53325e-005
1763.57,8.87014e-006,-2.19944e-005
1764.57,1.02424e-005,-2.63297e-005
1765.57,5.90719e-006,-2.7702e-005
1766.57,-4.45376e-006,-2.81199e-005
1767.57,-6.88026e-006,-1.74408e-005
1768.57,7.39801e-006,-5.28963e-006
1769.57,3.01285e-005,-4.77189e-006
1770.57,3.28731e-005,-1.34424e-005
1771.57,1.58502e-005,-1.69231e-005
1772.57,2.4265e-006,-1.06791e-005
1773.57,2.00857e-006,-3.18126e-007
1774.57,8.35239e-006,7.36062e-007
1775.57,1.37418e-005,-4.23545e-006
1776.57,1.26876e-005,2.10838e-006
1777.57,1.12155e-005,1.88132e-005
1778.57,1.48147e-005,2.85379e-005
1779.57,1.78775e-005,2.18759e-005
1780.57,2.06221e-005,1.32054e-005
1781.56,2.55936e-005,1.85948e-005
1782.56,2.05223e-005,2.55749e-005
1783.56,1.2488e-005,2.68474e-005
1784.56,1.81956e-005,2.38845e-005
1785.56,2.76022e-005,1.82767e-005
1786.56,2.33667e-005,4.53488e-006
1787.56,4.17937e-007,-1.0361e-005
1788.56,-1.49145e-005,-1.61683e-005
1789.56,-8.54566e-007,-1.83952e-005
1790.56,2.25122e-005,-1.38603e-005
1791.56,3.07647e-005,-7.54755e-007
1792.56,1.56506e-005,7.81595e-006
1793.56,9.54377e-007,6.0257e-006
1794.56,1.90875e-006,1.20514e-005
1795.56,7.83464e-006,2.34665e-005
1796.56,-2.84444e-006,2.104e-005
1797.56,-2.11398e-005,9.52508e-006
1798.56,-2.8856e-005,1.28061e-005
1799.56,-1.65863e-005,2.52755e-005
1800.56,6.56214e-006,1.54323e-005
1801.56,2.11398e-005,-9.52508e-006
1802.56,1.8913e-005,-2.3585e-005
1803.56,9.50639e-006,-1.79773e-005
1804.56,3.06275e-006,-6.66195e-006
1805.56,6.66195e-006,3.06275e-006
1806.56,1.63866e-005,-5.36441e-007
1807.56,2.01855e-005,-1.55508e-005
1808.56,1.05606e-005,-2.43211e-005
1809.56,8.35873e-007,-2.07219e-005
1810.56,-5.18982e-006,-1.97675e-005
1811.56,-9.10714e-006,-3.15008e-005
1812.56,-1.37605e-005,-3.48817e-005
1813.56,-1.85137e-005,-2.5893e-005
1814.56,-1.72412e-005,-1.78588e-005
1815.56,-1.05793e-005,-1.4796e-005
1816.56,-2.22688e-006,-1.406e-005
1817.56,6.44363e-006,-1.13153e-005
1818.56,1.27875e-005,-1.02611e-005
1819.56,1.8495e-005,-1.32241e-005
1820.56,2.15578e-005,-1.9886e-005
1821.56,1.61683e-005,-1.49145e-005
1822.55,1.37231e-006,-4.33526e-006
1823.55,-8.67051e-006,-2.74463e-006
1824.55,-8.67051e-006,-2.74463e-006
1825.55,-7.71614e-006,3.28107e-006
1826.55,-1.57504e-005,4.55357e-006
1827.55,-2.4739e-005,-1.99622e-007
1828.55,-1.09972e-005,-4.43507e-006
1829.55,1.57504e-005,-4.55357e-006
1830.55,2.78018e-005,-6.46233e-006
1831.55,2.38845e-005,-1.81956e-005
1832.55,1.56319e-005,-3.13012e-005
1833.55,8.55201e-006,-2.4003e-005
1834.55,1.37231e-006,-4.33526e-006
1835.55,2.96294e-006,5.70757e-006
1836.55,1.43781e-005,-2.18315e-007
1837.55,1.88132e-005,-1.12155e-005
1838.55,7.1797e-006,-1.96677e-005
1839.55,-5.50795e-006,-2.17761e-005
1840.55,-1.05793e-005,-1.4796e-005
1841.55,-1.70229e-005,-3.48069e-006
1842.55,-2.57932e-005,6.1442e-006
1843.55,-2.57932e-005,6.1442e-006
1844.55,-1.87133e-005,-1.154e-006
1845.55,-1.13153e-005,-6.44363e-006
1846.55,7.71614e-006,-3.28107e-006
1847.55,2.50572e-005,2.20819e-006
1848.55,2.8438e-005,-2.44519e-006
1849.55,2.1458e-005,-7.51651e-006
1850.55,2.91741e-005,-1.07976e-005
1851.55,3.72084e-005,-1.20701e-005
1852.55,2.78018e-005,-6.46233e-006
1853.55,8.98864e-006,4.75319e-006
1854.55,-8.87014e-006,2.19944e-005
1855.55,-1.76405e-005,3.16193e-005
1856.55,-1.11968e-005,2.0304e-005
1857.55,7.39801e-006,-5.28963e-006
1858.55,2.12397e-005,-2.18946e-005
1859.55,2.65293e-005,-1.44966e-005
1860.55,3.36279e-005,1.73223e-005
1861.55,3.63912e-005,4.77689e-005
1862.55,3.40645e-005,4.60785e-005
1863.54,2.42213e-005,2.29301e-005
1864.54,1.13153e-005,6.44363e-006
1865.54,-4.17937e-007,1.0361e-005
1866.54,-7.81595e-006,1.56506e-005
1867.54,-2.10838e-006,1.26876e-005
1868.54,1.42783e-005,1.21512e-005
1869.54,1.95679e-005,1.95492e-005
1870.54,6.88026e-006,1.74408e-005
1871.54,-9.9811e-008,1.23695e-005
1872.54,2.86313e-006,1.80771e-005
1873.54,7.19839e-006,1.94494e-005
1874.54,6.98007e-006,5.07132e-006
1875.54,9.9811e-008,-1.23695e-005
1876.54,-7.51651e-006,-2.1458e-005
1877.54,-1.72412e-005,-1.78588e-005
1878.54,-3.1401e-005,-3.26238e-006
1879.54,-3.31912e-005,1.14338e-005
1880.54,-1.72225e-005,2.12583e-005
1881.54,1.18504e-007,2.67476e-005
1882.54,1.04795e-005,2.71655e-005
1883.54,2.09402e-005,1.5214e-005
1884.54,2.81199e-005,-4.45376e-006
1885.54,2.52568e-005,-2.25309e-005
1886.54,1.42596e-005,-2.69659e-005
1887.54,4.853e-006,-2.13582e-005
1888.54,4.75319e-006,-8.98864e-006
1889.54,1.2725e-006,8.03426e-006
1890.54,-8.87014e-006,2.19944e-005
1891.54,-1.02424e-005,2.63297e-005
1892.54,-2.52631e-006,2.30486e-005
1893.54,1.2725e-006,8.03426e-006
1894.54,-6.24401e-006,-1.34237e-005
1895.54,-1.45964e-005,-1.41598e-005
1896.54,-1.37231e-006,4.33526e-006
1897.54,2.43211e-005,1.05606e-005
1898.54,3.30914e-005,9.35684e-007
1899.54,1.41598e-005,-1.45964e-005
1900.54,-1.49082e-006,-2.24123e-005
1901.54,8.35873e-007,-2.07219e-005
1902.54,6.12551e-006,-1.33239e-005
1903.54,1.05419e-006,-6.34382e-006
1904.53,-7.2982e-006,-7.07988e-006
1905.53,-1.13153e-005,-6.44363e-006
1906.53,-7.71614e-006,3.28107e-006
1907.53,-2.10838e-006,1.26876e-005
1908.53,2.32669e-006,1.69044e-006
1909.53,8.35873e-007,-2.07219e-005
1910.53,-5.09001e-006,-3.2137e-005
1911.53,-8.15277e-006,-2.54751e-005
1912.53,-9.52508e-006,-2.11398e-005
1913.53,-1.80894e-006,-2.44209e-005
1914.53,1.32054e-005,-2.06221e-005
1915.53,2.68474e-005,-1.2488e-005
1916.53,2.57932e-005,-6.1442e-006
1917.53,1.34237e-005,-6.24401e-006
1918.53,9.40658e-006,-5.60776e-006
1919.53,1.17333e-005,-3.91732e-006
1920.53,1.0361e-005,4.17937e-007
1921.53,7.2982e-006,7.07988e-006
1922.53,2.12583e-005,1.72225e-005
1923.53,4.22984e-005,2.0067e-005
1924.53,5.27591e-005,8.11538e-006
1925.53,4.95779e-005,-1.19703e-005
1926.53,3.76263e-005,-2.2431e-005
1927.53,2.48388e-005,-1.21699e-005
1928.53,1.76592e-005,7.49782e-006
1929.53,1.55508e-005,2.01855e-005
1930.53,7.83464e-006,2.34665e-005
1931.53,1.80894e-006,2.44209e-005
1932.53,-1.57194e-006,2.90743e-005
1933.53,-4.853e-006,2.13582e-005
1934.53,-3.38088e-006,4.65338e-006
1935.53,7.39801e-006,-5.28963e-006
1936.53,2.50572e-005,2.20819e-006
1937.53,4.36707e-005,1.57317e-005
1938.53,5.23412e-005,1.84763e-005
1939.53,4.64153e-005,7.06119e-006
1940.53,3.10829e-005,1.25381e-006
1941.53,2.104e-005,2.84444e-006
1942.53,1.7759e-005,-4.8717e-006
1943.53,2.15578e-005,-1.9886e-005
1944.53,3.16006e-005,-2.14767e-005
1945.52,3.44637e-005,-3.39957e-006
1946.52,2.09402e-005,1.5214e-005
1947.52,2.54501e-006,1.60685e-005
1948.52,-8.77032e-006,9.62489e-006
1949.52,-3.38088e-006,4.65338e-006
1950.52,1.2725e-006,8.03426e-006
1951.52,6.88026e-006,1.74408e-005
1952.52,2.26307e-005,1.28873e-005
1953.52,3.61542e-005,-5.72626e-006
1954.52,3.28731e-005,-1.34424e-005
1955.52,2.44209e-005,-1.80894e-006
1956.52,2.19944e-005,8.87014e-006
1957.52,1.16335e-005,8.4522e-006
1958.52,1.2725e-006,8.03426e-006
1959.52,-8.4522e-006,1.16335e-005
1960.52,-1.38416e-005,1.6605e-005
1961.52,-1.35235e-005,1.86135e-005
1962.52,8.88883e-006,1.71227e-005
1963.52,3.23554e-005,9.28807e-006
1964.52,4.12255e-005,-1.27063e-005
1965.52,3.33909e-005,-3.61729e-005
1966.52,1.06604e-005,-3.66906e-005
1967.52,-9.62489e-006,-8.77032e-006
1968.52,-1.51141e-005,8.5707e-006
1969.52,-6.34382e-006,-1.05419e-006
1970.52,4.43507e-006,-1.09972e-005
1971.52,1.18331e-005,-1.62868e-005
1972.52,1.4796e-005,-1.05793e-005
1973.52,1.43781e-005,-2.18315e-007
1974.52,1.3642e-005,8.13407e-006
1975.52,1.15336e-005,2.08217e-005
1976.52,1.14338e-005,3.31912e-005
1977.52,1.77777e-005,3.42454e-005
1978.52,2.05223e-005,2.55749e-005
1979.52,1.95679e-005,1.95492e-005
1980.52,1.05793e-005,1.4796e-005
1981.52,-4.17937e-007,1.0361e-005
1982.52,-8.35239e-006,-7.36062e-007
1983.52,-6.66195e-006,-3.06275e-006
1984.52,6.66195e-006,3.06275e-006
1985.52,2.30486e-005,2.52631e-006
1986.51,3.2137e-005,-5.09001e-006
1987.51,3.05464e-005,-1.51328e-005
1988.51,1.98673e-005,-1.75593e-005
1989.51,1.21512e-005,-1.42783e-005
1990.51,4.75319e-006,-8.98864e-006
1991.51,-4.97151e-006,-5.38945e-006
1992.51,-9.94302e-006,-1.07789e-005
1993.51,-4.23545e-006,-1.37418e-005
1994.51,1.47212e-006,-1.67048e-005
1995.51,-1.90875e-006,-1.20514e-005
1996.51,-4.97151e-006,-5.38945e-006
1997.51,9.54377e-007,6.0257e-006
1998.51,1.25878e-005,1.44779e-005
1999.51,1.6605e-005,1.38416e-005
2000.51,1.53325e-005,5.80738e-006
2001.51,1.63866e-005,-5.36441e-007
2002.51,1.90315e-005,3.16257e-006
2003.51,7.61633e-006,9.08845e-006
2004.51,-1.04608e-005,1.19516e-005
2005.51,-1.68046e-005,1.08974e-005
2006.51,-1.54323e-005,6.56214e-006
2007.51,-8.35239e-006,-7.36062e-007
2008.51,-2.32669e-006,-1.69044e-006
2009.51,3.28107e-006,7.71614e-006
2010.51,-7.49782e-006,1.76592e-005
2011.51,-2.49387e-005,2.45394e-005
2012.51,-2.82197e-005,1.68233e-005
2013.51,-1.90315e-005,-3.16257e-006
2014.51,-4.23545e-006,-1.37418e-005
2015.51,1.71227e-005,-8.88883e-006
2016.51,3.83811e-005,8.33369e-006
2017.51,4.58976e-005,2.97917e-005
2018.51,4.08263e-005,3.67717e-005
2019.51,3.49004e-005,2.53566e-005
2020.51,3.50002e-005,1.29871e-005
2021.51,2.89745e-005,1.39415e-005
2022.51,1.2488e-005,2.68474e-005
2023.51,-1.57194e-006,2.90743e-005
2024.51,-6.12551e-006,1.33239e-005
2025.51,-1.16335e-005,-8.4522e-006
2026.51,-1.95679e-005,-1.95492e-005
2027.5,-2.42213e-005,-2.29301e-005
2028.5,-1.6187e-005,-2.42026e-005
2029.5,6.54344e-006,-2.36848e-005
2030.5,2.75835e-005,-2.08404e-005
2031.5,2.62112e-005,-1.65052e-005
2032.5,1.71227e-005,-8.88883e-006
2033.5,8.67051e-006,2.74463e-006
2034.5,-7.36062e-007,8.35239e-006
2035.5,-4.01713e-006,6.36252e-007
2036.5,4.75319e-006,-8.98864e-006
2037.5,1.41598e-005,-1.45964e-005
2038.5,9.40658e-006,-5.60776e-006
2039.5,-2.4265e-006,1.06791e-005
2040.5,4.8717e-006,1.7759e-005
2041.5,2.69659e-005,1.42596e-005
2042.5,3.70087e-005,1.2669e-005
2043.5,2.86564e-005,1.19329e-005
2044.5,1.96677e-005,7.1797e-006
2045.5,1.87133e-005,1.154e-006
2046.5,1.54323e-005,-6.56214e-006
2047.5,2.74463e-006,-8.67051e-006
2048.5,-1.23695e-005,-9.9811e-008
2049.5,-1.57504e-005,4.55357e-006
2050.5,-4.33526e-006,-1.37231e-006
2051.5,1.74408e-005,-6.88026e-006
2052.5,3.04466e-005,-2.76332e-006
2053.5,2.53753e-005,4.21675e-006
2054.5,1.93496e-005,5.17113e-006
2055.5,2.04038e-005,-1.17269e-006
2056.5,2.5157e-005,-1.01613e-005
2057.5,2.38845e-005,-1.81956e-005
2058.5,1.78588e-005,-1.72412e-005
2059.5,9.08845e-006,-7.61633e-006
2060.5,-2.00857e-006,3.18126e-007
2061.5,-1.26876e-005,-2.10838e-006
2062.5,-2.06221e-005,-1.32054e-005
2063.5,-1.72412e-005,-1.78588e-005
2064.5,-6.24401e-006,-1.34237e-005
2065.5,3.06275e-006,-6.66195e-006
2066.5,6.36252e-007,4.01713e-006
2067.5,-8.4522e-006,1.16335e-005
2068.49,-1.80771e-005,2.86313e-006
2069.49,-2.23125e-005,-1.08787e-005
2070.49,-1.52327e-005,-1.81769e-005
2071.49,-4.55357e-006,-1.57504e-005
2072.49,1.79025e-006,-1.46962e-005
2073.49,4.43507e-006,-1.09972e-005
2074.49,6.76176e-006,-9.30677e-006
2075.49,4.17937e-007,-1.0361e-005
2076.49,-8.5707e-006,-1.51141e-005
2077.49,-1.38603e-005,-2.25122e-005
2078.49,-2.2849e-005,-2.72654e-005
2079.49,-2.39032e-005,-2.09215e-005
2080.49,-1.26876e-005,-2.10838e-006
2081.49,-6.86157e-006,2.16763e-005
2082.49,-2.94425e-006,3.34095e-005
2083.49,6.46233e-006,2.78018e-005
2084.49,1.02611e-005,1.27875e-005
2085.49,-3.38088e-006,4.65338e-006
2086.49,-1.97675e-005,5.18982e-006
2087.49,-2.64295e-005,2.12707e-006
2088.49,-2.33667e-005,-4.53488e-006
2089.49,-2.0304e-005,-1.11968e-005
2090.49,-1.19516e-005,-1.04608e-005
2091.49,-8.35239e-006,-7.36062e-007
2092.49,-1.94494e-005,7.19839e-006
2093.49,-2.9592e-005,2.11585e-005
2094.49,-2.73652e-005,3.52185e-005
2095.49,-2.10213e-005,3.62727e-005
2096.49,-2.6311e-005,2.88747e-005
2097.49,-3.51998e-005,1.1752e-005
2098.49,-4.64153e-005,-7.06119e-006
2099.49,-3.93354e-005,-1.43594e-005
2100.49,-1.02611e-005,-1.27875e-005
2101.49,1.44779e-005,-1.25878e-005
2102.49,1.81769e-005,-1.52327e-005
2103.49,8.77032e-006,-9.62489e-006
2104.49,1.69044e-006,-2.32669e-006
2105.49,-4.17937e-007,1.0361e-005
2106.49,3.81751e-006,2.41028e-005
2107.49,1.11157e-005,3.11827e-005
2108.48,1.41785e-005,2.45207e-005
2109.48,1.69231e-005,1.58502e-005
2110.48,2.4739e-005,1.99622e-007
2111.48,2.99102e-005,-1.915e-005
2112.48,1.82767e-005,-2.76022e-005
2113.48,-6.88026e-006,-1.74408e-005
2114.48,-1.7341e-005,-5.48926e-006
2115.48,-9.62489e-006,-8.77032e-006
2116.48,-4.8717e-006,-1.7759e-005
2117.48,-3.18126e-006,-2.00857e-005
2118.48,-2.22688e-006,-1.406e-005
2119.48,2.4265e-006,-1.06791e-005
2120.48,8.4522e-006,-1.16335e-005
2121.48,1.38416e-005,-1.6605e-005
2122.48,1.1515e-005,-1.82954e-005
2123.48,9.9811e-008,-1.23695e-005
2124.48,-9.62489e-006,-8.77032e-006
2125.48,-1.3642e-005,-8.13407e-006
2126.48,-1.50143e-005,-3.79882e-006
2127.48,-5.70757e-006,2.96294e-006
2128.48,8.98864e-006,4.75319e-006
2129.48,1.13153e-005,6.44363e-006
2130.48,-5.17113e-006,1.93496e-005
2131.48,-1.03423e-005,3.86992e-005
2132.48,8.05295e-006,3.78446e-005
2133.48,3.59546e-005,1.90128e-005
2134.48,4.5043e-005,1.13964e-005
2135.48,3.33097e-005,1.53138e-005
2136.48,1.18518e-005,2.28303e-005
2137.48,-5.27094e-006,3.17191e-005
2138.48,-5.27094e-006,3.17191e-005
2139.48,6.1442e-006,2.57932e-005
2140.48,1.32241e-005,1.8495e-005
2141.48,6.24401e-006,1.34237e-005
2142.48,-1.69044e-006,2.32669e-006
2143.48,-2.22688e-006,-1.406e-005
2144.48,8.23388e-006,-2.60115e-005
2145.48,1.8913e-005,-2.3585e-005
2146.48,2.05036e-005,-1.35422e-005
2147.48,1.34237e-005,-6.24401e-006
2148.48,-0,0
2149.48,-1.31056e-005,8.25258e-006
2150.47,-1.8913e-005,2.3585e-005
2151.47,-2.27118e-005,3.85994e-005
2152.47,-2.81012e-005,4.35709e-005
2153.47,-2.67289e-005,3.92356e-005
2154.47,-2.09215e-005,2.39032e-005
2155.47,-1.24693e-005,1.22697e-005
2156.47,-5.38945e-006,4.97151e-006
2157.47,-4.17937e-007,1.0361e-005
2158.47,3.81751e-006,2.41028e-005
2159.47,1.2488e-005,2.68474e-005
2160.47,1.12155e-005,1.88132e-005
2161.47,4.55357e-006,1.57504e-005
2162.47,-9.9811e-008,1.23695e-005
2163.47,1.69044e-006,-2.32669e-006
2164.47,1.04608e-005,-1.19516e-005
2165.47,2.17761e-005,-5.50795e-006
2166.47,2.57932e-005,-6.1442e-006
2167.47,1.64865e-005,-1.2906e-005
2168.47,-5.28963e-006,-7.39801e-006
2169.47,-2.28303e-005,1.18518e-005
2170.47,-2.02853e-005,2.79203e-005
2171.47,1.07288e-006,3.27733e-005
2172.47,2.51757e-005,2.89558e-005
2173.47,3.53183e-005,1.49956e-005
2174.47,3.30914e-005,9.35684e-007
2175.47,2.24123e-005,-1.49082e-006
2176.47,2.104e-005,2.84444e-006
2177.47,3.1401e-005,3.26238e-006
2178.47,3.10829e-005,1.25381e-006
2179.47,1.406e-005,-2.22688e-006
2180.47,-6.66195e-006,-3.06275e-006
2181.47,-1.7341e-005,-5.48926e-006
2182.47,-1.90315e-005,-3.16257e-006
2183.47,-1.7759e-005,4.8717e-006
2184.47,-1.4796e-005,1.05793e-005
2185.47,-6.76176e-006,9.30677e-006
2186.47,1.09972e-005,4.43507e-006
2187.47,2.36848e-005,6.54344e-006
2188.47,1.82954e-005,1.1515e-005
2189.47,3.49938e-006,2.20942e-005
2190.47,-7.27951e-006,3.20372e-005
2191.46,-1.16148e-005,3.06649e-005
2192.46,-4.11694e-006,1.30058e-005
2193.46,1.43781e-005,-2.18315e-007
2194.46,2.64295e-005,-2.12707e-006
2195.46,2.90743e-005,1.57194e-006
2196.46,3.51e-005,6.17559e-007
2197.46,3.78446e-005,-8.05295e-006
2198.46,2.72654e-005,-2.2849e-005
2199.46,3.89863e-006,-2.73839e-005
2200.46,-1.49145e-005,-1.61683e-005
2201.46,-2.50572e-005,-2.20819e-006
2202.46,-1.51141e-005,8.5707e-006
2203.46,2.86313e-006,1.80771e-005
2204.46,1.04795e-005,2.71655e-005
2205.46,3.08145e-006,3.24552e-005
2206.46,1.18504e-007,2.67476e-005
2207.46,1.22697e-005,1.24693e-005
2208.46,1.63866e-005,-5.36441e-007
2209.46,-1.2725e-006,-8.03426e-006
2210.46,-1.7341e-005,-5.48926e-006
2211.46,-8.03426e-006,1.2725e-006
2212.46,6.0257e-006,-9.54377e-007
2213.46,1.00428e-005,-1.59063e-006
2214.46,1.33239e-005,6.12551e-006
2215.46,1.6605e-005,1.38416e-005
2216.46,1.45964e-005,1.41598e-005
2217.46,1.16335e-005,8.4522e-006
2218.46,2.00857e-005,-3.18126e-006
2219.46,2.92739e-005,-2.31671e-005
2220.46,2.81012e-005,-4.35709e-005
2221.46,1.94307e-005,-4.63155e-005
2222.46,6.96138e-006,-3.40458e-005
2223.46,-4.23545e-006,-1.37418e-005
2224.46,-1.7759e-005,4.8717e-006
2225.46,-2.8856e-005,1.28061e-005
2226.46,-3.08645e-005,1.31243e-005
2227.46,-1.75406e-005,1.92498e-005
2228.46,-1.99622e-007,2.4739e-005
2229.46,9.52508e-006,2.11398e-005
2230.46,1.02611e-005,1.27875e-005
2231.45,8.67051e-006,2.74463e-006
2232.45,1.44779e-005,-1.25878e-005
2233.45,1.29871e-005,-3.50002e-005
2234.45,-7.63502e-006,-4.82056e-005
2235.45,-2.44396e-005,-3.73082e-005
2236.45,-1.72412e-005,-1.78588e-005
2237.45,-6.66195e-006,-3.06275e-006
2238.45,-9.40658e-006,5.60776e-006
2239.45,-1.01426e-005,1.39601e-005
2240.45,1.17269e-006,2.04038e-005
2241.45,1.21699e-005,2.48388e-005
2242.45,1.49145e-005,1.61683e-005
2243.45,5.70757e-006,-2.96294e-006
2244.45,-8.5707e-006,-1.51141e-005
2245.45,-2.06221e-005,-1.32054e-005
2246.45,-1.70229e-005,-3.48069e-006
2247.45,6.0257e-006,-9.54377e-007
2248.45,2.70657e-005,1.89006e-006
2249.45,3.46821e-005,1.09785e-005
2250.45,2.86564e-005,1.19329e-005
2251.45,8.03426e-006,-1.2725e-006
2252.45,-1.32241e-005,-1.8495e-005
2253.45,-1.65052e-005,-2.62112e-005
2254.45,-2.44519e-006,-2.8438e-005
2255.45,1.25691e-005,-2.46392e-005
2256.45,1.64865e-005,-1.2906e-005
2257.45,8.35239e-006,7.36062e-007
2258.45,2.54501e-006,1.60685e-005
2259.45,1.18504e-007,2.67476e-005
2260.45,-6.22532e-006,2.56934e-005
2261.45,-1.27875e-005,1.02611e-005
2262.45,-8.03426e-006,1.2725e-006
2263.45,2.00857e-006,-3.18126e-007
2264.45,7.07988e-006,-7.2982e-006
2265.45,3.16257e-006,-1.90315e-005
2266.45,-5.18982e-006,-1.97675e-005
2267.45,-1.2725e-006,-8.03426e-006
2268.45,2.00857e-005,-3.18126e-006
2269.45,3.78446e-005,-8.05295e-006
2270.45,3.6254e-005,-1.80958e-005
2271.45,2.52568e-005,-2.25309e-005
2272.45,2.28303e-005,-1.18518e-005
2273.44,2.16763e-005,6.86157e-006
2274.44,1.95679e-005,1.95492e-005
2275.44,1.92498e-005,1.75406e-005
2276.44,1.86135e-005,1.35235e-005
2277.44,8.15277e-006,2.54751e-005
2278.44,-4.95282e-006,3.37277e-005
2279.44,-6.54344e-006,2.36848e-005
2280.44,-8.4522e-006,1.16335e-005
2281.44,-1.63866e-005,5.36441e-007
2282.44,-2.46392e-005,-1.25691e-005
2283.44,-1.75593e-005,-1.98673e-005
2284.44,9.82451e-006,-1.59687e-005
2285.44,4.41884e-005,-6.99877e-006
2286.44,5.34952e-005,-2.37008e-007
2287.44,3.24552e-005,-3.08145e-006
2288.44,1.00428e-005,-1.59063e-006
2289.44,-1.69044e-006,2.32669e-006
2290.44,-1.7759e-005,4.8717e-006
2291.44,-3.54181e-005,-2.62612e-006
2292.44,-3.23554e-005,-9.28807e-006
2293.44,-1.86135e-005,-1.35235e-005
2294.44,-1.12155e-005,-1.88132e-005
2295.44,-1.9886e-005,-2.15578e-005
2296.44,-2.62299e-005,-2.2612e-005
2297.44,-2.39032e-005,-2.09215e-005
2298.44,-1.02611e-005,-1.27875e-005
2299.44,7.61633e-006,9.08845e-006
2300.44,1.55508e-005,2.01855e-005
2301.44,5.92589e-006,1.14151e-005
2302.44,-1.57504e-005,4.55357e-006
2303.44,-3.05464e-005,1.51328e-005
2304.44,-3.29729e-005,2.58119e-005
2305.44,-2.42026e-005,1.6187e-005
2306.44,-1.76592e-005,-7.49782e-006
2307.44,-1.18518e-005,-2.28303e-005
2308.44,5.17748e-007,-2.27305e-005
2309.44,8.87014e-006,-2.19944e-005
2310.44,8.55201e-006,-2.4003e-005
2311.44,3.79882e-006,-1.50143e-005
2312.44,1.05419e-006,-6.34382e-006
2313.43,-7.2982e-006,-7.07988e-006
2314.43,-1.67048e-005,-1.47212e-006
2315.43,-1.61683e-005,1.49145e-005
2316.43,-9.50639e-006,1.79773e-005
2317.43,-4.33526e-006,-1.37231e-006
2318.43,-7.93445e-006,-1.1097e-005
2319.43,-1.23695e-005,-9.9811e-008
2320.43,-1.21512e-005,1.42783e-005
2321.43,-1.21512e-005,1.42783e-005
2322.43,-1.1097e-005,7.93445e-006
2323.43,-8.03426e-006,1.2725e-006
2324.43,-1.13153e-005,-6.44363e-006
2325.43,-4.97151e-006,-5.38945e-006
2326.43,4.97151e-006,5.38945e-006
2327.43,2.22688e-006,1.406e-005
2328.43,-1.47212e-006,1.67048e-005
2329.43,8.88883e-006,1.71227e-005
2330.43,1.75593e-005,1.98673e-005
2331.43,1.22697e-005,1.24693e-005
2332.43,2.32669e-006,1.69044e-006
2333.43,-3.38088e-006,4.65338e-006
2334.43,-1.75406e-005,1.92498e-005
2335.43,-3.49815e-005,2.613e-005
2336.43,-4.62968e-005,1.96864e-005
2337.43,-4.15436e-005,1.06978e-005
2338.43,-2.13582e-005,-4.853e-006
2339.43,-1.05793e-005,-1.4796e-005
2340.43,-1.79773e-005,-9.50639e-006
2341.43,-2.24123e-005,1.49082e-006
2342.43,-1.57504e-005,4.55357e-006
2343.43,-1.80771e-005,2.86313e-006
2344.43,-2.8438e-005,2.44519e-006
2345.43,-3.41456e-005,5.40814e-006
2346.43,-3.15008e-005,9.10714e-006
2347.43,-2.65293e-005,1.44966e-005
2348.43,-1.8913e-005,2.3585e-005
2349.43,-2.20819e-006,2.50572e-005
2350.43,1.75593e-005,1.98673e-005
2351.43,2.7284e-005,1.62681e-005
2352.43,2.89745e-005,1.39415e-005
2353.43,2.30486e-005,2.52631e-006
2354.43,1.1097e-005,-7.93445e-006
2355.42,1.37231e-006,-4.33526e-006
2356.42,-1.37231e-006,4.33526e-006
2357.42,3.91732e-006,1.17333e-005
2358.42,2.54501e-006,1.60685e-005
2359.42,4.8717e-006,1.7759e-005
2360.42,1.39601e-005,1.01426e-005
2361.42,2.4739e-005,1.99622e-007
2362.42,1.97675e-005,-5.18982e-006
2363.42,7.36062e-007,-8.35239e-006
2364.42,-1.49145e-005,-1.61683e-005
2365.42,-1.68233e-005,-2.82197e-005
2366.42,-5.72626e-006,-3.61542e-005
2367.42,6.22532e-006,-2.56934e-005
2368.42,-9.54377e-007,-6.0257e-006
2369.42,-9.40658e-006,5.60776e-006
2370.42,-5.07132e-006,6.98007e-006
2371.42,7.93445e-006,1.1097e-005
2372.42,9.84321e-006,2.31484e-005
2373.42,1.07288e-006,3.27733e-005
2374.42,-7.59763e-006,3.00287e-005
2375.42,-1.04608e-005,1.19516e-005
2376.42,-8.98864e-006,-4.75319e-006
2377.42,-5.92589e-006,-1.14151e-005
2378.42,5.70757e-006,-2.96294e-006
2379.42,1.46962e-005,1.79025e-006
2380.42,8.77032e-006,-9.62489e-006
2381.42,1.47212e-006,-1.67048e-005
2382.42,1.18331e-005,-1.62868e-005
2383.42,2.15578e-005,-1.9886e-005
2384.42,9.6062e-006,-3.03468e-005
2385.42,-1.5451e-005,-3.2555e-005
2386.42,-2.71842e-005,-2.86377e-005
2387.42,-2.62299e-005,-2.2612e-005
2388.42,-2.69659e-005,-1.42596e-005
2389.42,-3.34095e-005,-2.94425e-006
2390.42,-3.01285e-005,4.77189e-006
2391.42,-2.44209e-005,1.80894e-006
2392.42,-1.67048e-005,-1.47212e-006
2393.42,-7.39801e-006,5.28963e-006
2394.42,2.18315e-007,1.43781e-005
2395.41,4.55357e-006,1.57504e-005
2396.41,4.55357e-006,1.57504e-005
2397.41,-4.17937e-007,1.0361e-005
2398.41,-3.18126e-007,-2.00857e-006
2399.41,9.7247e-006,-3.59919e-006
2400.41,1.96677e-005,7.1797e-006
2401.41,1.45964e-005,1.41598e-005
2402.41,8.35239e-006,7.36062e-007
2403.41,9.82451e-006,-1.59687e-005
2404.41,1.32054e-005,-2.06221e-005
2405.41,1.1515e-005,-1.82954e-005
2406.41,1.1097e-005,-7.93445e-006
2407.41,2.07219e-005,8.35873e-007
2408.41,3.03468e-005,9.6062e-006
2409.41,3.19374e-005,1.9649e-005
2410.41,2.99289e-005,1.99672e-005
2411.41,2.09402e-005,1.5214e-005
2412.41,1.02611e-005,1.27875e-005
2413.41,5.92589e-006,1.14151e-005
2414.41,4.97151e-006,5.38945e-006
2415.41,6.36252e-007,4.01713e-006
2416.41,1.59063e-006,1.00428e-005
2417.41,1.06791e-005,2.4265e-006
2418.41,1.38416e-005,-1.6605e-005
2419.41,8.55201e-006,-2.4003e-005
2420.41,2.4265e-006,-1.06791e-005
2421.41,-8.77032e-006,9.62489e-006
2422.41,-2.01855e-005,1.55508e-005
2423.41,-2.38845e-005,1.81956e-005
2424.41,-1.64865e-005,1.2906e-005
2425.41,-1.3642e-005,-8.13407e-006
2426.41,-1.71414e-005,-3.02283e-005
2427.41,-1.57691e-005,-3.45636e-005
2428.41,-9.84321e-006,-2.31484e-005
2429.41,3.38088e-006,-4.65338e-006
2430.41,1.90315e-005,3.16257e-006
2431.41,1.80771e-005,-2.86313e-006
2432.41,-4.23545e-006,-1.37418e-005
2433.41,-2.52755e-005,-1.65863e-005
2434.41,-2.49574e-005,-1.45777e-005
2435.41,-1.20514e-005,1.90875e-006
2436.41,-2.52631e-006,2.30486e-005
2437.4,7.54755e-007,3.07647e-005
2438.4,-2.84444e-006,2.104e-005
2439.4,-7.07988e-006,7.2982e-006
2440.4,-1.26876e-005,-2.10838e-006
2441.4,-1.56506e-005,-7.81595e-006
2442.4,-1.45964e-005,-1.41598e-005
2443.4,-4.13563e-006,-2.61114e-005
2444.4,6.32513e-006,-3.80629e-005
2445.4,4.63469e-006,-3.57362e-005
2446.4,-5.28963e-006,-7.39801e-006
2447.4,-5.27094e-006,3.17191e-005
2448.4,9.32546e-006,4.58789e-005
2449.4,2.41215e-005,3.52996e-005
2450.4,2.08404e-005,2.75835e-005
2451.4,9.10714e-006,3.15008e-005
2452.4,7.51651e-006,2.1458e-005
2453.4,1.04608e-005,-1.19516e-005
2454.4,1.00241e-005,-4.07078e-005
2455.4,3.99844e-006,-3.97534e-005
2456.4,-9.52508e-006,-2.11398e-005
2457.4,-2.09402e-005,-1.5214e-005
2458.4,-2.32669e-005,-1.69044e-005
2459.4,-1.22697e-005,-1.24693e-005
2460.4,3.06275e-006,-6.66195e-006
2461.4,1.17333e-005,-3.91732e-006
2462.4,9.40658e-006,-5.60776e-006
2463.4,-8.67051e-006,-2.74463e-006
2464.4,-2.24123e-005,1.49082e-006
2465.4,-2.20942e-005,3.49938e-006
2466.4,-1.90315e-005,-3.16257e-006
2467.4,-1.70229e-005,-3.48069e-006
2468.4,-1.17333e-005,3.91732e-006
2469.4,-5.38945e-006,4.97151e-006
2470.4,-8.98864e-006,-4.75319e-006
2471.4,-9.30677e-006,-6.76176e-006
2472.4,2.00857e-006,-3.18126e-007
2473.4,2.16763e-005,6.86157e-006
2474.4,3.54181e-005,2.62612e-006
2475.4,3.75265e-005,-1.00615e-005
2476.4,2.5893e-005,-1.85137e-005
2477.39,7.49782e-006,-1.76592e-005
2478.39,-9.62489e-006,-8.77032e-006
2479.39,-1.57504e-005,4.55357e-006
2480.39,-7.1797e-006,1.96677e-005
2481.39,8.54566e-007,1.83952e-005
2482.39,2.96294e-006,5.70757e-006
2483.39,5.38945e-006,-4.97151e-006
2484.39,8.13407e-006,-1.3642e-005
2485.39,5.17748e-007,-2.27305e-005
2486.39,-9.84321e-006,-2.31484e-005
2487.39,-1.33239e-005,-6.12551e-006
2488.39,-8.4522e-006,1.16335e-005
2489.39,-5.80738e-006,1.53325e-005
2490.39,-1.14151e-005,5.92589e-006
2491.39,-1.67048e-005,-1.47212e-006
2492.39,-1.57504e-005,4.55357e-006
2493.39,-1.01426e-005,1.39601e-005
2494.39,-7.07988e-006,7.2982e-006
2495.39,3.69901e-006,-2.64482e-006
2496.39,2.20942e-005,-3.49938e-006
2497.39,2.37847e-005,-5.82607e-006
2498.39,3.79882e-006,-1.50143e-005
2499.39,-1.32241e-005,-1.8495e-005
2500.39,-9.62489e-006,-8.77032e-006
2501.39,1.2725e-006,8.03426e-006
2502.39,-5.48926e-006,1.7341e-005
2503.39,-1.38416e-005,1.6605e-005
2504.39,-4.11694e-006,1.30058e-005
2505.39,1.22697e-005,1.24693e-005
2506.39,1.13153e-005,6.44363e-006
2507.39,-7.71614e-006,3.28107e-006
2508.39,-1.31056e-005,8.25258e-006
2509.39,-9.9811e-008,1.23695e-005
2510.39,5.28963e-006,7.39801e-006
2511.39,-2.96294e-006,-5.70757e-006
2512.39,-5.82607e-006,-2.37847e-005
2513.39,-1.07288e-006,-3.27733e-005
2514.39,1.154e-006,-1.87133e-005
2515.39,-7.39801e-006,5.28963e-006
2516.39,-2.32482e-005,2.22127e-005
2517.39,-3.16006e-005,2.14767e-005
2518.39,-2.71655e-005,1.04795e-005
2519.38,-2.20942e-005,3.49938e-006
2520.38,-2.57932e-005,6.1442e-006
2521.38,-2.44209e-005,1.80894e-006
2522.38,-2.4003e-005,-8.55201e-006
2523.38,-2.89745e-005,-1.39415e-005
2524.38,-3.46821e-005,-1.09785e-005
2525.38,-3.83811e-005,-8.33369e-006
2526.38,-3.23554e-005,-9.28807e-006
2527.38,-2.56934e-005,-6.22532e-006
2528.38,-2.24123e-005,1.49082e-006
2529.38,-1.7759e-005,4.8717e-006
2530.38,-1.79773e-005,-9.50639e-006
2531.38,-2.58119e-005,-3.29729e-005
2532.38,-2.74025e-005,-4.30158e-005
2533.38,-1.8732e-005,-4.02711e-005
2534.38,-1.31243e-005,-3.08645e-005
2535.38,-1.15336e-005,-2.08217e-005
2536.38,-6.24401e-006,-1.34237e-005
2537.38,1.23695e-005,9.9811e-008
2538.38,3.37277e-005,4.95282e-006
2539.38,3.58361e-005,-7.73483e-006
2540.38,2.01855e-005,-1.55508e-005
2541.38,4.17937e-007,-1.0361e-005
2542.38,-1.53325e-005,-5.80738e-006
2543.38,-2.4003e-005,-8.55201e-006
2544.38,-2.4003e-005,-8.55201e-006
2545.38,-1.93496e-005,-5.17113e-006
2546.38,-1.67048e-005,-1.47212e-006
2547.38,-2.24123e-005,1.49082e-006
2548.38,-2.87562e-005,4.36629e-007
2549.38,-2.50572e-005,-2.20819e-006
2550.38,-9.40658e-006,5.60776e-006
2551.38,5.82607e-006,2.37847e-005
2552.38,7.73483e-006,3.58361e-005
2553.38,-1.57194e-006,2.90743e-005
2554.38,-8.13407e-006,1.3642e-005
2555.38,-7.71614e-006,3.28107e-006
2556.38,-4.65338e-006,-3.38088e-006
2557.38,2.00857e-006,-3.18126e-007
2558.38,1.13153e-005,6.44363e-006
2559.37,1.09972e-005,4.43507e-006
2560.37,1.37231e-006,-4.33526e-006
2561.37,-3.59919e-006,-9.7247e-006
2562.37,6.76176e-006,-9.30677e-006
2563.37,1.57504e-005,-4.55357e-006
2564.37,1.26876e-005,2.10838e-006
2565.37,8.67051e-006,2.74463e-006
2566.37,1.00428e-005,-1.59063e-006
2567.37,6.98007e-006,5.07132e-006
2568.37,2.12707e-006,2.64295e-005
2569.37,5.40814e-006,3.41456e-005
2570.37,1.92498e-005,1.75406e-005
2571.37,2.67476e-005,-1.18504e-007
2572.37,2.37847e-005,-5.82607e-006
2573.37,1.406e-005,-2.22688e-006
2574.37,4.01713e-006,-6.36252e-007
2575.37,2.00857e-006,-3.18126e-007
2576.37,1.37418e-005,-4.23545e-006
2577.37,2.1458e-005,-7.51651e-006
2578.37,1.07789e-005,-9.94302e-006
2579.37,-9.94302e-006,-1.07789e-005
2580.37,-1.89317e-005,-1.55321e-005
2581.37,-1.68233e-005,-2.82197e-005
2582.37,-1.31243e-005,-3.08645e-005
2583.37,-1.86135e-005,-1.35235e-005
2584.37,-1.63866e-005,5.36441e-007
2585.37,1.37231e-006,-4.33526e-006
2586.37,1.4796e-005,-1.05793e-005
2587.37,1.34237e-005,-6.24401e-006
2588.37,4.01713e-006,-6.36252e-007
2589.37,-7.2982e-006,-7.07988e-006
2590.37,-9.20695e-006,-1.91313e-005
2591.37,4.853e-006,-2.13582e-005
2592.37,1.57504e-005,-4.55357e-006
2593.37,1.30058e-005,4.11694e-006
2594.37,-0,0
2595.37,-1.13153e-005,-6.44363e-006
2596.37,-1.16335e-005,-8.4522e-006
2597.37,2.10838e-006,-1.26876e-005
2598.37,1.75406e-005,-1.92498e-005
2599.36,2.2612e-005,-2.62299e-005
2600.36,9.92432e-006,-2.83382e-005
2601.36,-7.83464e-006,-2.34665e-005
2602.36,-1.55508e-005,-2.01855e-005
2603.36,-7.19839e-006,-1.94494e-005
2604.36,1.18331e-005,-1.62868e-005
2605.36,2.68474e-005,-1.2488e-005
2606.36,2.54751e-005,-8.15277e-006
2607.36,8.98864e-006,4.75319e-006
2608.36,-9.18826e-006,1.99858e-005
2609.36,-1.8913e-005,2.3585e-005
2610.36,-2.55749e-005,2.05223e-005
2611.36,-2.99102e-005,1.915e-005
2612.36,-3.16006e-005,2.14767e-005
2613.36,-2.18759e-005,1.78775e-005
2614.36,6.34382e-006,1.05419e-006
2615.36,2.85379e-005,-1.48147e-005
2616.36,3.08645e-005,-1.31243e-005
2617.36,1.80771e-005,-2.86313e-006
2618.36,5.07132e-006,-6.98007e-006
2619.36,-6.46233e-006,-2.78018e-005
2620.36,-1.20701e-005,-3.72084e-005
2621.36,-1.14338e-005,-3.31912e-005
2622.36,-3.7177e-006,-3.64723e-005
2623.36,5.05263e-006,-4.60972e-005
2624.36,6.007e-006,-4.00715e-005
2625.36,7.1797e-006,-1.96677e-005
2626.36,7.07988e-006,-7.2982e-006
2627.36,1.14151e-005,-5.92589e-006
2628.36,1.0361e-005,4.17937e-007
2629.36,4.97151e-006,5.38945e-006
2630.36,5.60776e-006,9.40658e-006
2631.36,4.65338e-006,3.38088e-006
2632.36,-4.65338e-006,-3.38088e-006
2633.36,-1.56506e-005,-7.81595e-006
2634.36,-1.09972e-005,-4.43507e-006
2635.36,-2.32669e-006,-1.69044e-006
2636.36,-8.35239e-006,-7.36062e-007
2637.36,-2.04038e-005,1.17269e-006
2638.36,-1.71227e-005,8.88883e-006
2639.36,3.28107e-006,7.71614e-006
2640.36,1.20514e-005,-1.90875e-006
2641.35,8.77032e-006,-9.62489e-006
2642.35,4.75319e-006,-8.98864e-006
2643.35,-6.36252e-007,-4.01713e-006
2644.35,-6.34382e-006,-1.05419e-006
2645.35,-8.98864e-006,-4.75319e-006
2646.35,-1.33239e-005,-6.12551e-006
2647.35,-1.44779e-005,1.25878e-005
2648.35,-6.96138e-006,3.40458e-005
2649.35,7.4167e-006,3.38275e-005
2650.35,1.35422e-005,2.05036e-005
2651.35,1.05793e-005,1.4796e-005
2652.35,5.92589e-006,1.14151e-005
2653.35,-4.33526e-006,-1.37231e-006
2654.35,-1.33239e-005,-6.12551e-006
2655.35,-1.20514e-005,1.90875e-006
2656.35,2.22688e-006,1.406e-005
2657.35,8.15277e-006,2.54751e-005
2658.35,7.54755e-007,3.07647e-005
2659.35,-1.1515e-005,1.82954e-005
2660.35,-2.04038e-005,1.17269e-006
2661.35,-1.99858e-005,-9.18826e-006
2662.35,-1.02611e-005,-1.27875e-005
2663.35,-6.56214e-006,-1.54323e-005
2664.35,-1.52327e-005,-1.81769e-005
2665.35,-2.69659e-005,-1.42596e-005
2666.35,-4.14438e-005,-1.67175e-006
2667.35,-4.58789e-005,9.32546e-006
2668.35,-3.95351e-005,1.03796e-005
2669.35,-3.98532e-005,8.37108e-006
2670.35,-3.92169e-005,1.23882e-005
2671.35,-1.81769e-005,1.52327e-005
2672.35,1.45964e-005,1.41598e-005
2673.35,3.66906e-005,1.06604e-005
2674.35,3.30914e-005,9.35684e-007
2675.35,1.98673e-005,-1.75593e-005
2676.35,7.59763e-006,-3.00287e-005
2677.35,-1.14338e-005,-3.31912e-005
2678.35,-3.72271e-005,-2.7047e-005
2679.35,-4.93783e-005,-1.27688e-005
2680.35,-4.38703e-005,9.00733e-006
2681.34,-3.12825e-005,2.34852e-005
2682.34,-1.48958e-005,2.29488e-005
2683.34,-1.47212e-006,1.67048e-005
2684.34,-1.154e-006,1.87133e-005
2685.34,-5.58907e-006,2.97105e-005
2686.34,-6.96138e-006,3.40458e-005
2687.34,-9.6062e-006,3.03468e-005
2688.34,-1.72225e-005,2.12583e-005
2689.34,-2.54751e-005,8.15277e-006
2690.34,-3.44637e-005,3.39957e-006
2691.34,-3.35094e-005,9.42527e-006
2692.34,-2.8856e-005,1.28061e-005
2693.34,-2.41028e-005,3.81751e-006
2694.34,-1.42783e-005,-1.21512e-005
2695.34,1.57194e-006,-2.90743e-005
2696.34,4.63469e-006,-3.57362e-005
2697.34,-2.12707e-006,-2.64295e-005
2698.34,-9.20695e-006,-1.91313e-005
2699.34,-1.52327e-005,-1.81769e-005
2700.34,-1.38603e-005,-2.25122e-005
2701.34,-1.04795e-005,-2.71655e-005
2702.34,-8.15277e-006,-2.54751e-005
2703.34,-7.61633e-006,-9.08845e-006
2704.34,-4.75319e-006,8.98864e-006
2705.34,-5.80738e-006,1.53325e-005
2706.34,-2.74463e-006,8.67051e-006
2707.34,2.64482e-006,3.69901e-006
2708.34,7.71614e-006,-3.28107e-006
2709.34,4.11694e-006,-1.30058e-005
2710.34,-8.54566e-007,-1.83952e-005
2711.34,-5.50795e-006,-2.17761e-005
2712.34,-1.15336e-005,-2.08217e-005
2713.34,-1.22697e-005,-1.24693e-005
2714.34,-1.05419e-006,6.34382e-006
2715.34,2.05223e-005,2.55749e-005
2716.34,3.78633e-005,3.10642e-005
2717.34,3.42641e-005,2.13395e-005
2718.34,1.53325e-005,5.80738e-006
2719.34,4.43507e-006,-1.09972e-005
2720.34,8.23388e-006,-2.60115e-005
2721.34,1.2251e-005,-2.66478e-005
2722.34,4.853e-006,-2.13582e-005
2723.33,-6.88026e-006,-1.74408e-005
2724.33,-1.39601e-005,-1.01426e-005
2725.33,-1.01426e-005,1.39601e-005
2726.33,-6.32513e-006,3.80629e-005
2727.33,-6.32513e-006,3.80629e-005
2728.33,-7.1797e-006,1.96677e-005
2729.33,-1.20514e-005,1.90875e-006
2730.33,-1.7341e-005,-5.48926e-006
2731.33,-1.23695e-005,-9.9811e-008
2732.33,6.66195e-006,3.06275e-006
2733.33,2.54751e-005,-8.15277e-006
2734.33,2.85379e-005,-1.48147e-005
2735.33,2.61114e-005,-4.13563e-006
2736.33,2.60115e-005,8.23388e-006
2737.33,2.63297e-005,1.02424e-005
2738.33,2.41028e-005,-3.81751e-006
2739.33,1.85948e-005,-2.55936e-005
2740.33,8.96995e-006,-3.43639e-005
2741.33,-2.12707e-006,-2.64295e-005
2742.33,-9.94302e-006,-1.07789e-005
2743.33,-1.20514e-005,1.90875e-006
2744.33,-1.27875e-005,1.02611e-005
2745.33,-1.35235e-005,1.86135e-005
2746.33,-1.05606e-005,2.43211e-005
2747.33,-2.84444e-006,2.104e-005
2748.33,-9.9811e-008,1.23695e-005
2749.33,-5.38945e-006,4.97151e-006
2750.33,-1.13153e-005,-6.44363e-006
2751.33,-1.39601e-005,-1.01426e-005
2752.33,-1.53325e-005,-5.80738e-006
2753.33,-1.76592e-005,-7.49782e-006
2754.33,-1.72412e-005,-1.78588e-005
2755.33,-1.32241e-005,-1.8495e-005
2756.33,-5.28963e-006,-7.39801e-006
2757.33,-5.70757e-006,2.96294e-006
2758.33,-1.07789e-005,9.94302e-006
2759.33,-4.11694e-006,1.30058e-005
2760.33,9.30677e-006,6.76176e-006
2761.33,1.60685e-005,-2.54501e-006
2762.33,1.94494e-005,-7.19839e-006
2763.32,3.01285e-005,-4.77189e-006
2764.32,3.24552e-005,-3.08145e-006
2765.32,1.91313e-005,-9.20695e-006
2766.32,7.36062e-007,-8.35239e-006
2767.32,-3.06275e-006,6.66195e-006
2768.32,2.22688e-006,1.406e-005
2769.32,6.0257e-006,-9.54377e-007
2770.32,2.84444e-006,-2.104e-005
2771.32,-1.18504e-007,-2.67476e-005
2772.32,4.53488e-006,-2.33667e-005
2773.32,1.48958e-005,-2.29488e-005
2774.32,1.55321e-005,-1.89317e-005
2775.32,-4.23545e-006,-1.37418e-005
2776.32,-2.43211e-005,-1.05606e-005
2777.32,-2.7702e-005,-5.90719e-006
2778.32,-1.7759e-005,4.8717e-006
2779.32,-9.82451e-006,1.59687e-005
2780.32,-2.20819e-006,2.50572e-005
2781.32,7.51651e-006,2.1458e-005
2782.32,2.60115e-005,8.23388e-006
2783.32,4.74695e-005,7.1737e-007
2784.32,5.55038e-005,-5.55133e-007
2785.32,3.18189e-005,-7.09858e-006
2786.32,2.74463e-006,-8.67051e-006
2787.32,-1.07789e-005,9.94302e-006
2788.32,-1.03423e-005,3.86992e-005
2789.32,-5.05263e-006,4.60972e-005
2790.32,7.73483e-006,3.58361e-005
2791.32,2.31671e-005,2.92739e-005
2792.32,2.51757e-005,2.89558e-005
2793.32,1.48147e-005,2.85379e-005
2794.32,6.46233e-006,2.78018e-005
2795.32,-1.154e-006,1.87133e-005
2796.32,-9.7247e-006,3.59919e-006
2797.32,-1.45964e-005,-1.41598e-005
2798.32,-1.44966e-005,-2.65293e-005
2799.32,8.35873e-007,-2.07219e-005
2800.32,2.07219e-005,8.35873e-007
2801.32,2.02042e-005,2.35663e-005
2802.32,-2.99433e-007,3.71086e-005
2803.32,-1.57317e-005,4.36707e-005
2804.32,-1.23508e-005,3.90173e-005
2805.31,-5.17113e-006,1.93496e-005
2806.31,-2.00857e-006,3.18126e-007
2807.31,-3.28107e-006,-7.71614e-006
2808.31,-2.64482e-006,-3.69901e-006
2809.31,-0,0
2810.31,-6.0257e-006,9.54377e-007
2811.31,-8.35239e-006,-7.36062e-007
2812.31,-9.54377e-007,-6.0257e-006
2813.31,5.07132e-006,-6.98007e-006
2814.31,-1.69044e-006,2.32669e-006
2815.31,-7.07988e-006,7.2982e-006
2816.31,-8.35239e-006,-7.36062e-007
2817.31,-3.28107e-006,-7.71614e-006
2818.31,6.12551e-006,-1.33239e-005
2819.31,9.82451e-006,-1.59687e-005
2820.31,1.02424e-005,-2.63297e-005
2821.31,8.33369e-006,-3.83811e-005
2822.31,-1.18504e-007,-2.67476e-005
2823.31,-1.0361e-005,-4.17937e-007
2824.31,-1.44779e-005,1.25878e-005
2825.31,-7.71614e-006,3.28107e-006
2826.31,9.9811e-008,-1.23695e-005
2827.31,9.9811e-008,-1.23695e-005
2828.31,-1.59063e-006,-1.00428e-005
2829.31,1.47212e-006,-1.67048e-005
2830.31,6.54344e-006,-2.36848e-005
2831.31,1.45777e-005,-2.49574e-005
2832.31,2.29301e-005,-2.42213e-005
2833.31,2.38845e-005,-1.81956e-005
2834.31,1.63866e-005,-5.36441e-007
2835.31,1.2906e-005,1.64865e-005
2836.31,2.22127e-005,2.32482e-005
2837.31,3.79631e-005,1.86946e-005
2838.31,4.63155e-005,1.94307e-005
2839.31,4.06079e-005,2.23937e-005
2840.31,3.29916e-005,1.33052e-005
2841.31,3.44637e-005,-3.39957e-006
2842.31,3.42454e-005,-1.77777e-005
2843.31,2.35663e-005,-2.02042e-005
2844.31,8.77032e-006,-9.62489e-006
2845.3,-4.33526e-006,-1.37231e-006
2846.3,-8.03426e-006,1.2725e-006
2847.3,2.96294e-006,5.70757e-006
2848.3,9.62489e-006,8.77032e-006
2849.3,1.2725e-006,8.03426e-006
2850.3,-9.7247e-006,3.59919e-006
2851.3,-1.17333e-005,3.91732e-006
2852.3,-7.07988e-006,7.2982e-006
2853.3,-7.39801e-006,5.28963e-006
2854.3,-7.71614e-006,3.28107e-006
2855.3,-4.65338e-006,-3.38088e-006
2856.3,4.43507e-006,-1.09972e-005
2857.3,1.0361e-005,4.17937e-007
2858.3,9.10714e-006,3.15008e-005
2859.3,6.89895e-006,5.6558e-005
2860.3,2.5637e-006,5.51856e-005
2861.3,6.68064e-006,4.21799e-005
2862.3,1.5451e-005,3.2555e-005
2863.3,1.49145e-005,1.61683e-005
2864.3,3.06275e-006,-6.66195e-006
2865.3,-1.32241e-005,-1.8495e-005
2866.3,-2.86564e-005,-1.19329e-005
2867.3,-4.57791e-005,-3.04406e-006
2868.3,-5.34952e-005,2.37008e-007
2869.3,-5.22227e-005,8.27127e-006
2870.3,-4.47062e-005,2.97292e-005
2871.3,-2.57745e-005,4.52613e-005
2872.3,-3.99844e-006,3.97534e-005
2873.3,-1.47212e-006,1.67048e-005
2874.3,-1.13153e-005,-6.44363e-006
2875.3,-1.82954e-005,-1.1515e-005
2876.3,-1.30058e-005,-4.11694e-006
2877.3,-0,0
2878.3,4.01713e-006,-6.36252e-007
2879.3,-6.98007e-006,-5.07132e-006
2880.3,-1.3642e-005,-8.13407e-006
2881.3,-1.19516e-005,-1.04608e-005
2882.3,-6.56214e-006,-1.54323e-005
2883.3,-8.54566e-007,-1.83952e-005
2884.3,5.48926e-006,-1.7341e-005
2885.3,5.90719e-006,-2.7702e-005
2886.3,1.67175e-006,-4.14438e-005
2887.29,2.99433e-007,-3.71086e-005
2888.29,5.17113e-006,-1.93496e-005
2889.29,1.43781e-005,-2.18315e-007
2890.29,2.4003e-005,8.55201e-006
2891.29,2.7702e-005,5.90719e-006
2892.29,2.20942e-005,-3.49938e-006
2893.29,1.37418e-005,-4.23545e-006
2894.29,-4.17937e-007,1.0361e-005
2895.29,-1.1515e-005,1.82954e-005
2896.29,-1.34237e-005,6.24401e-006
2897.29,2.10838e-006,-1.26876e-005
2898.29,1.98673e-005,-1.75593e-005
2899.29,2.61114e-005,-4.13563e-006
2900.29,7.19839e-006,1.94494e-005
2901.29,-1.70042e-005,3.56364e-005
2902.29,-2.64108e-005,4.12442e-005
2903.29,-1.46775e-005,3.73269e-005
2904.29,-1.99622e-007,2.4739e-005
2905.29,-3.06275e-006,6.66195e-006
2906.29,-1.96677e-005,-7.1797e-006
2907.29,-3.10829e-005,-1.25381e-006
2908.29,-2.65293e-005,1.44966e-005
2909.29,-1.35235e-005,1.86135e-005
2910.29,-9.40658e-006,5.60776e-006
2911.29,-7.61633e-006,-9.08845e-006
2912.29,-7.19839e-006,-1.94494e-005
2913.29,-1.58689e-005,-2.2194e-005
2914.29,-3.0247e-005,-2.19757e-005
2915.29,-2.99289e-005,-1.99672e-005
2916.29,-1.05793e-005,-1.4796e-005
2917.29,1.23695e-005,9.9811e-008
2918.29,1.99858e-005,9.18826e-006
2919.29,1.09972e-005,4.43507e-006
2920.29,-8.67051e-006,-2.74463e-006
2921.29,-2.60115e-005,-8.23388e-006
2922.29,-3.86992e-005,-1.03423e-005
2923.29,-3.91171e-005,1.86926e-008
2924.29,-3.08645e-005,1.31243e-005
2925.29,-2.35663e-005,2.02042e-005
2926.29,-1.98673e-005,1.75593e-005
2927.28,-1.14151e-005,5.92589e-006
2928.28,-6.34382e-006,-1.05419e-006
2929.28,-5.70757e-006,2.96294e-006
2930.28,-5.70757e-006,2.96294e-006
2931.28,-4.33526e-006,-1.37231e-006
2932.28,-6.36252e-007,-4.01713e-006
2933.28,3.38088e-006,-4.65338e-006
2934.28,3.38088e-006,-4.65338e-006
2935.28,-1.69044e-006,2.32669e-006
2936.28,-7.07988e-006,7.2982e-006
2937.28,-6.76176e-006,9.30677e-006
2938.28,5.92589e-006,1.14151e-005
2939.28,1.99858e-005,9.18826e-006
2940.28,2.73839e-005,3.89863e-006
2941.28,2.30486e-005,2.52631e-006
2942.28,8.98864e-006,4.75319e-006
2943.28,-5.38945e-006,4.97151e-006
2944.28,-2.64482e-006,-3.69901e-006
2945.28,6.76176e-006,-9.30677e-006
2946.28,1.30058e-005,4.11694e-006
2947.28,1.88318e-005,2.79016e-005
2948.28,2.58119e-005,3.29729e-005
2949.28,2.86564e-005,1.19329e-005
2950.28,2.54751e-005,-8.15277e-006
2951.28,1.61683e-005,-1.49145e-005
2952.28,-2.18315e-007,-1.43781e-005
2953.28,-1.62868e-005,-1.18331e-005
2954.28,-2.23125e-005,-1.08787e-005
2955.28,-1.3642e-005,-8.13407e-006
2956.28,-1.2725e-006,-8.03426e-006
2957.28,2.10838e-006,-1.26876e-005
2958.28,-2.22688e-006,-1.406e-005
2959.28,-6.34382e-006,-1.05419e-006
2960.28,-8.77032e-006,9.62489e-006
2961.28,-9.08845e-006,7.61633e-006
2962.28,-1.26876e-005,-2.10838e-006
2963.28,-1.3642e-005,-8.13407e-006
2964.28,-1.02611e-005,-1.27875e-005
2965.28,-5.50795e-006,-2.17761e-005
2966.28,-7.54755e-007,-3.07647e-005
2967.28,1.16148e-005,-3.06649e-005
2968.28,2.6311e-005,-2.88747e-005
2969.27,2.49387e-005,-2.45394e-005
2970.27,1.27875e-005,-1.02611e-005
2971.27,7.2982e-006,7.07988e-006
2972.27,-4.17937e-007,1.0361e-005
2973.27,-1.23695e-005,-9.9811e-008
2974.27,-1.06791e-005,-2.4265e-006
2975.27,1.09972e-005,4.43507e-006
2976.27,2.0304e-005,1.11968e-005
2977.27,8.5707e-006,1.51141e-005
2978.27,-5.17748e-007,2.27305e-005
2979.27,3.49938e-006,2.20942e-005
2980.27,-1.05419e-006,6.34382e-006
2981.27,-1.19516e-005,-1.04608e-005
2982.27,-1.89317e-005,-1.55321e-005
2983.27,-1.6605e-005,-1.38416e-005
2984.27,-3.91732e-006,-1.17333e-005
2985.27,2.28303e-005,-1.18518e-005
2986.27,3.51998e-005,-1.1752e-005
2987.27,2.1458e-005,-7.51651e-006
2988.27,4.33526e-006,1.37231e-006
2989.27,2.64482e-006,3.69901e-006
2990.27,-3.18126e-007,-2.00857e-006
2991.27,-7.2982e-006,-7.07988e-006
2992.27,-8.67051e-006,-2.74463e-006
2993.27,-6.0257e-006,9.54377e-007
2994.27,-1.20514e-005,1.90875e-006
2995.27,-2.34665e-005,7.83464e-006
2996.27,-2.2194e-005,1.58689e-005
2997.27,-1.21512e-005,1.42783e-005
2998.27,-1.20514e-005,1.90875e-006
2999.27,-2.19944e-005,-8.87014e-006
3000.27,-1.96677e-005,-7.1797e-006
3001.27,-6.76176e-006,9.30677e-006
3002.27,2.44519e-006,2.8438e-005
3003.27,5.09001e-006,3.2137e-005
3004.27,5.18982e-006,1.97675e-005
3005.27,1.16335e-005,8.4522e-006
3006.27,1.93496e-005,5.17113e-006
3007.27,1.45964e-005,1.41598e-005
3008.27,4.13563e-006,2.61114e-005
3009.26,1.80894e-006,2.44209e-005
3010.26,1.59063e-006,1.00428e-005
3011.26,1.37231e-006,-4.33526e-006
3012.26,4.33526e-006,1.37231e-006
3013.26,-1.99622e-007,2.4739e-005
3014.26,-7.37932e-006,4.44068e-005
3015.26,-1.67175e-006,4.14438e-005
3016.26,1.51328e-005,3.05464e-005
3017.26,1.95679e-005,1.95492e-005
3018.26,8.5707e-006,1.51141e-005
3019.26,-2.20819e-006,2.50572e-005
3020.26,1.07288e-006,3.27733e-005
3021.26,1.32241e-005,1.8495e-005
3022.26,1.97675e-005,-5.18982e-006
3023.26,1.68046e-005,-1.08974e-005
3024.26,8.35239e-006,7.36062e-007
3025.26,-3.79882e-006,1.50143e-005
3026.26,-9.50639e-006,1.79773e-005
3027.26,-5.07132e-006,6.98007e-006
3028.26,1.05419e-006,-6.34382e-006
3029.26,1.69044e-006,-2.32669e-006
3030.26,9.94302e-006,1.07789e-005
3031.26,1.95679e-005,1.95492e-005
3032.26,9.20695e-006,1.91313e-005
3033.26,-2.05036e-005,1.35422e-005
3034.26,-4.28161e-005,2.66351e-006
3035.26,-3.46821e-005,-1.09785e-005
3036.26,-6.98007e-006,-5.07132e-006
3037.26,1.55508e-005,2.01855e-005
3038.26,1.84139e-005,3.82626e-005
3039.26,1.915e-005,2.99102e-005
3040.26,2.52755e-005,1.65863e-005
3041.26,2.83382e-005,9.92432e-006
3042.26,1.63866e-005,-5.36441e-007
3043.26,1.47212e-006,-1.67048e-005
3044.26,-7.09858e-006,-3.18189e-005
3045.26,-9.42527e-006,-3.35094e-005
3046.26,-7.19839e-006,-1.94494e-005
3047.26,9.54377e-007,6.0257e-006
3048.26,1.21699e-005,2.48388e-005
3049.26,1.5451e-005,3.2555e-005
3050.26,1.55508e-005,2.01855e-005
3051.25,2.00857e-005,-3.18126e-006
3052.25,2.45207e-005,-1.41785e-005
3053.25,1.68046e-005,-1.08974e-005
3054.25,9.9811e-008,-1.23695e-005
3055.25,-1.3642e-005,-8.13407e-006
3056.25,-1.406e-005,2.22688e-006
3057.25,-8.77032e-006,9.62489e-006
3058.25,-3.69901e-006,2.64482e-006
3059.25,2.10838e-006,-1.26876e-005
3060.25,1.32054e-005,-2.06221e-005
3061.25,2.52568e-005,-2.25309e-005
3062.25,3.26548e-005,-2.78205e-005
3063.25,3.40271e-005,-3.21557e-005
3064.25,3.29729e-005,-2.58119e-005
3065.25,3.64723e-005,-3.7177e-006
3066.25,3.66906e-005,1.06604e-005
3067.25,3.03468e-005,9.6062e-006
3068.25,8.03426e-006,-1.2725e-006
3069.25,-1.90315e-005,-3.16257e-006
3070.25,-2.70657e-005,-1.89006e-006
3071.25,-1.87133e-005,-1.154e-006
3072.25,-1.0361e-005,-4.17937e-007
3073.25,-2.64482e-006,-3.69901e-006
3074.25,4.17937e-007,-1.0361e-005
3075.25,1.154e-006,-1.87133e-005
3076.25,4.853e-006,-2.13582e-005
3077.25,8.87014e-006,-2.19944e-005
3078.25,1.2251e-005,-2.66478e-005
3079.25,9.6062e-006,-3.03468e-005
3080.25,1.25381e-006,-3.10829e-005
3081.25,-1.04795e-005,-2.71655e-005
3082.25,-2.18946e-005,-2.12397e-005
3083.25,-2.32669e-005,-1.69044e-005
3084.25,-1.55508e-005,-2.01855e-005
3085.25,-1.2488e-005,-2.68474e-005
3086.25,-7.83464e-006,-2.34665e-005
3087.25,8.4522e-006,-1.16335e-005
3088.25,2.67476e-005,-1.18504e-007
3089.25,2.87562e-005,-4.36629e-007
3090.25,2.04038e-005,-1.17269e-006
3091.24,1.20514e-005,-1.90875e-006
3092.24,9.7247e-006,-3.59919e-006
3093.24,1.20514e-005,-1.90875e-006
3094.24,1.50143e-005,3.79882e-006
3095.24,1.99858e-005,9.18826e-006
3096.24,2.60115e-005,8.23388e-006
3097.24,2.13582e-005,4.853e-006
3098.24,9.08845e-006,-7.61633e-006
3099.24,-4.23545e-006,-1.37418e-005
3100.24,-1.62868e-005,-1.18331e-005
3101.24,-3.00287e-005,-7.59763e-006
3102.24,-4.16621e-005,-1.60498e-005
3103.24,-4.15623e-005,-2.84194e-005
3104.24,-3.05651e-005,-2.39843e-005
3105.24,-1.53325e-005,-5.80738e-006
3106.24,-3.69901e-006,2.64482e-006
3107.24,-4.65338e-006,-3.38088e-006
3108.24,-9.94302e-006,-1.07789e-005
3109.24,-7.19839e-006,-1.94494e-005
3110.24,-2.86313e-006,-1.80771e-005
3111.24,-9.62489e-006,-8.77032e-006
3112.24,-2.70657e-005,-1.89006e-006
3113.24,-3.63725e-005,-8.65182e-006
3114.24,-2.4003e-005,-8.55201e-006
3115.24,-1.69044e-006,2.32669e-006
3116.24,9.94302e-006,1.07789e-005
3117.24,6.34382e-006,1.05419e-006
3118.24,-6.24401e-006,-1.34237e-005
3119.24,-2.32669e-005,-1.69044e-005
3120.24,-2.69659e-005,-1.42596e-005
3121.24,-1.42783e-005,-1.21512e-005
3122.24,-1.09972e-005,-4.43507e-006
3123.24,-1.8495e-005,1.32241e-005
3124.24,-1.92311e-005,2.15765e-005
3125.24,-4.43507e-006,1.09972e-005
3126.24,1.43781e-005,-2.18315e-007
3127.24,2.13582e-005,4.853e-006
3128.24,1.16335e-005,8.4522e-006
3129.24,-0,0
3130.24,-7.61633e-006,-9.08845e-006
3131.24,-1.3642e-005,-8.13407e-006
3132.24,-1.09972e-005,-4.43507e-006
3133.23,-6.36252e-007,-4.01713e-006
3134.23,2.00857e-006,-3.18126e-007
3135.23,-7.07988e-006,7.2982e-006
3136.23,-1.37418e-005,4.23545e-006
3137.23,-1.02611e-005,-1.27875e-005
3138.23,-1.80894e-006,-2.44209e-005
3139.23,7.1797e-006,-1.96677e-005
3140.23,5.80738e-006,-1.53325e-005
3141.23,-6.1442e-006,-2.57932e-005
3142.23,-1.31243e-005,-3.08645e-005
3143.23,-1.49145e-005,-1.61683e-005
3144.23,-1.50143e-005,-3.79882e-006
3145.23,-1.7341e-005,-5.48926e-006
3146.23,-2.16763e-005,-6.86157e-006
3147.23,-2.67476e-005,1.18504e-007
3148.23,-2.15578e-005,1.9886e-005
3149.23,-1.06604e-005,3.66906e-005
3150.23,2.44519e-006,2.8438e-005
3151.23,9.30677e-006,6.76176e-006
3152.23,2.74463e-006,-8.67051e-006
3153.23,-1.08974e-005,-1.68046e-005
3154.23,-1.9886e-005,-2.15578e-005
3155.23,-1.44966e-005,-2.65293e-005
3156.23,-2.76332e-006,-3.04466e-005
3157.23,2.52631e-006,-2.30486e-005
3158.23,4.01713e-006,-6.36252e-007
3159.23,1.45964e-005,1.41598e-005
3160.23,3.06649e-005,1.16148e-005
3161.23,3.66906e-005,1.06604e-005
3162.23,3.33097e-005,1.53138e-005
3163.23,2.32669e-005,1.69044e-005
3164.23,8.88883e-006,1.71227e-005
3165.23,-1.154e-006,1.87133e-005
3166.23,-7.81595e-006,1.56506e-005
3167.23,-1.7759e-005,4.8717e-006
3168.23,-2.70657e-005,-1.89006e-006
3169.23,-2.41028e-005,3.81751e-006
3170.23,-1.1097e-005,7.93445e-006
3171.23,-4.11694e-006,1.30058e-005
3172.23,-7.49782e-006,1.76592e-005
3173.22,-6.12551e-006,1.33239e-005
3174.22,3.38088e-006,-4.65338e-006
3175.22,1.75406e-005,-1.92498e-005
3176.22,1.99672e-005,-2.99289e-005
3177.22,4.31656e-006,-3.77448e-005
3178.22,-1.1752e-005,-3.51998e-005
3179.22,-9.20695e-006,-1.91313e-005
3180.22,-1.59063e-006,-1.00428e-005
3181.22,-2.64482e-006,-3.69901e-006
3182.22,-1.27875e-005,1.02611e-005
3183.22,-1.8913e-005,2.3585e-005
3184.22,-1.82767e-005,2.76022e-005
3185.22,-9.18826e-006,1.99858e-005
3186.22,-7.36062e-007,8.35239e-006
3187.22,6.36252e-007,4.01713e-006
3188.22,2.32669e-006,1.69044e-006
3189.22,-1.59063e-006,-1.00428e-005
3190.22,-1.2906e-005,-1.64865e-005
3191.22,-2.60115e-005,-8.23388e-006
3192.22,-2.34665e-005,7.83464e-006
3193.22,-1.08787e-005,2.23125e-005
3194.22,8.47089e-006,2.74837e-005
3195.22,2.22127e-005,2.32482e-005
3196.22,2.76022e-005,1.82767e-005
3197.22,2.15765e-005,1.92311e-005
3198.22,1.30058e-005,4.11694e-006
3199.22,1.32054e-005,-2.06221e-005
3200.22,1.82767e-005,-2.76022e-005
3201.22,1.54323e-005,-6.56214e-006
3202.22,5.50795e-006,2.17761e-005
3203.22,5.72626e-006,3.61542e-005
3204.22,1.37605e-005,3.48817e-005
3205.22,1.74595e-005,3.22369e-005
3206.22,1.51328e-005,3.05464e-005
3207.22,9.52508e-006,2.11398e-005
3208.22,3.18126e-007,2.00857e-006
3209.22,-1.08974e-005,-1.68046e-005
3210.22,-3.12014e-005,-2.80014e-005
3211.22,-3.95538e-005,-2.87375e-005
3212.22,-2.12583e-005,-1.72225e-005
3213.22,-1.37231e-006,4.33526e-006
3214.22,-1.154e-006,1.87133e-005
3215.21,-8.55201e-006,2.4003e-005
3216.21,-8.55201e-006,2.4003e-005
3217.21,-1.89006e-006,2.70657e-005
3218.21,1.2488e-005,2.68474e-005
3219.21,2.2849e-005,2.72654e-005
3220.21,2.45394e-005,2.49387e-005
3221.21,1.33239e-005,6.12551e-006
3222.21,-6.98007e-006,-5.07132e-006
3223.21,-1.74408e-005,6.88026e-006
3224.21,-7.59763e-006,3.00287e-005
3225.21,8.78902e-006,2.94922e-005
3226.21,2.4003e-005,8.55201e-006
3227.21,3.61542e-005,-5.72626e-006
3228.21,3.74267e-005,2.308e-006
3229.21,2.39032e-005,2.09215e-005
3230.21,8.78902e-006,2.94922e-005
3231.21,8.15277e-006,2.54751e-005
3232.21,2.05223e-005,2.55749e-005
3233.21,3.12014e-005,2.80014e-005
3234.21,2.99289e-005,1.99672e-005
3235.21,1.59687e-005,9.82451e-006
3236.21,8.5707e-006,1.51141e-005
3237.21,1.48147e-005,2.85379e-005
3238.21,2.95109e-005,3.03281e-005
3239.21,3.13012e-005,1.56319e-005
3240.21,2.44209e-005,-1.80894e-006
3241.21,1.71227e-005,-8.88883e-006
3242.21,9.7247e-006,-3.59919e-006
3243.21,6.36252e-007,4.01713e-006
3244.21,-5.07132e-006,6.98007e-006
3245.21,-5.38945e-006,4.97151e-006
3246.21,-6.36252e-007,-4.01713e-006
3247.21,1.14151e-005,-5.92589e-006
3248.21,2.24123e-005,-1.49082e-006
3249.21,3.2137e-005,-5.09001e-006
3250.21,3.42454e-005,-1.77777e-005
3251.21,2.29301e-005,-2.42213e-005
3252.21,1.44779e-005,-1.25878e-005
3253.21,2.60115e-005,8.23388e-006
3254.21,4.16621e-005,1.60498e-005
3255.2,4.20801e-005,5.68888e-006
3256.2,2.94922e-005,-8.78902e-006
3257.2,2.01855e-005,-1.55508e-005
3258.2,7.81595e-006,-1.56506e-005
3259.2,-5.92589e-006,-1.14151e-005
3260.2,-8.35239e-006,-7.36062e-007
3261.2,6.24401e-006,1.34237e-005
3262.2,2.52755e-005,1.65863e-005
3263.2,2.64295e-005,-2.12707e-006
3264.2,5.90719e-006,-2.7702e-005
3265.2,-1.40787e-005,-3.68902e-005
3266.2,-2.42213e-005,-2.29301e-005
3267.2,-2.56934e-005,-6.22532e-006
3268.2,-2.70657e-005,-1.89006e-006
3269.2,-2.61114e-005,4.13563e-006
3270.2,-2.15578e-005,1.9886e-005
3271.2,-1.79586e-005,2.96107e-005
3272.2,-1.79586e-005,2.96107e-005
3273.2,-1.58502e-005,1.69231e-005
3274.2,-6.98007e-006,-5.07132e-006
3275.2,2.52631e-006,-2.30486e-005
3276.2,6.22532e-006,-2.56934e-005
3277.2,1.08787e-005,-2.23125e-005
3278.2,1.35235e-005,-1.86135e-005
3279.2,9.50639e-006,-1.79773e-005
3280.2,-1.05793e-005,-1.4796e-005
3281.2,-3.43639e-005,-8.96995e-006
3282.2,-3.94353e-005,-1.98987e-006
3283.2,-1.83952e-005,8.54566e-007
3284.2,4.65338e-006,3.38088e-006
3285.2,1.16335e-005,8.4522e-006
3286.2,-4.21675e-006,2.53753e-005
3287.2,-1.90128e-005,3.59546e-005
3288.2,-1.76405e-005,3.16193e-005
3289.2,-7.49782e-006,1.76592e-005
3290.2,-4.17937e-007,1.0361e-005
3291.2,4.65338e-006,3.38088e-006
3292.2,1.26876e-005,2.10838e-006
3293.2,2.23125e-005,1.08787e-005
3294.2,3.69089e-005,2.50385e-005
3295.2,4.28348e-005,3.64536e-005
3296.19,3.2792e-005,3.80442e-005
3297.19,1.57691e-005,3.45636e-005
3298.19,-4.21675e-006,2.53753e-005
3299.19,-1.91313e-005,9.20695e-006
3300.19,-2.36848e-005,-6.54344e-006
3301.19,-1.53325e-005,-5.80738e-006
3302.19,-3.38088e-006,4.65338e-006
3303.19,1.22697e-005,1.24693e-005
3304.19,2.09402e-005,1.5214e-005
3305.19,2.3585e-005,1.8913e-005
3306.19,2.09402e-005,1.5214e-005
3307.19,1.70229e-005,3.48069e-006
3308.19,1.74408e-005,-6.88026e-006
3309.19,2.25122e-005,-1.38603e-005
3310.19,2.25122e-005,-1.38603e-005
3311.19,4.75319e-006,-8.98864e-006
3312.19,-1.13153e-005,-6.44363e-006
3313.19,-1.19516e-005,-1.04608e-005
3314.19,-5.36441e-007,-1.63866e-005
3315.19,7.1797e-006,-1.96677e-005
3316.19,1.32054e-005,-2.06221e-005
3317.19,4.11694e-006,-1.30058e-005
3318.19,-1.33239e-005,-6.12551e-006
3319.19,-2.17761e-005,5.50795e-006
3320.19,-1.72225e-005,2.12583e-005
3321.19,-2.308e-006,3.74267e-005
3322.19,1.73597e-005,4.46064e-005
3323.19,2.47577e-005,3.93167e-005
3324.19,1.2488e-005,2.68474e-005
3325.19,-1.05419e-006,6.34382e-006
3326.19,1.05419e-006,-6.34382e-006
3327.19,1.14151e-005,-5.92589e-006
3328.19,1.67048e-005,1.47212e-006
3329.19,9.30677e-006,6.76176e-006
3330.19,3.18126e-007,2.00857e-006
3331.19,-3.18126e-007,-2.00857e-006
3332.19,1.59063e-006,1.00428e-005
3333.19,-2.52631e-006,2.30486e-005
3334.19,-9.50639e-006,1.79773e-005
3335.19,-1.406e-005,2.22688e-006
3336.19,-2.37847e-005,5.82607e-006
3337.18,-3.39273e-005,1.97862e-005
3338.18,-3.29729e-005,2.58119e-005
3339.18,-1.95492e-005,1.95679e-005
3340.18,-8.55201e-006,2.4003e-005
3341.18,4.77189e-006,3.01285e-005
3342.18,1.52327e-005,1.81769e-005
3343.18,7.39801e-006,-5.28963e-006
3344.18,-5.50795e-006,-2.17761e-005
3345.18,-1.18518e-005,-2.28303e-005
3346.18,-1.09972e-005,-4.43507e-006
3347.18,-1.21512e-005,1.42783e-005
3348.18,-1.24693e-005,1.22697e-005
3349.18,-9.62489e-006,-8.77032e-006
3350.18,-5.50795e-006,-2.17761e-005
3351.18,-2.18315e-007,-1.43781e-005
3352.18,5.60776e-006,9.40658e-006
3353.18,4.13563e-006,2.61114e-005
3354.18,1.18504e-007,2.67476e-005
3355.18,2.22688e-006,1.406e-005
3356.18,8.67051e-006,2.74463e-006
3357.18,2.32669e-006,1.69044e-006
3358.18,-2.04038e-005,1.17269e-006
3359.18,-4.10259e-005,-1.20327e-005
3360.18,-4.66336e-005,-2.14393e-005
3361.18,-2.99289e-005,-1.99672e-005
3362.18,-4.23545e-006,-1.37418e-005
3363.18,1.34237e-005,-6.24401e-006
3364.18,1.94494e-005,-7.19839e-006
3365.18,1.28873e-005,-2.26307e-005
3366.18,-3.36818e-007,-4.11257e-005
3367.18,-8.68921e-006,-4.18617e-005
3368.18,-1.5451e-005,-3.2555e-005
3369.18,-1.81956e-005,-2.38845e-005
3370.18,-8.5707e-006,-1.51141e-005
3371.18,1.0361e-005,4.17937e-007
3372.18,1.82954e-005,1.1515e-005
3373.18,1.56506e-005,7.81595e-006
3374.18,6.0257e-006,-9.54377e-007
3375.18,-4.65338e-006,-3.38088e-006
3376.18,-5.28963e-006,-7.39801e-006
3377.18,-1.49082e-006,-2.24123e-005
3378.17,-1.07288e-006,-3.27733e-005
3379.17,-4.45376e-006,-2.81199e-005
3380.17,-2.86313e-006,-1.80771e-005
3381.17,-3.91732e-006,-1.17333e-005
3382.17,-8.54566e-007,-1.83952e-005
3383.17,1.16148e-005,-3.06649e-005
3384.17,1.33052e-005,-3.29916e-005
3385.17,-8.15277e-006,-2.54751e-005
3386.17,-2.46392e-005,-1.25691e-005
3387.17,-2.33667e-005,-4.53488e-006
3388.17,-2.19944e-005,-8.87014e-006
3389.17,-2.18946e-005,-2.12397e-005
3390.17,-9.42527e-006,-3.35094e-005
3391.17,4.63469e-006,-3.57362e-005
3392.17,5.48926e-006,-1.7341e-005
3393.17,1.59063e-006,1.00428e-005
3394.17,8.15277e-006,2.54751e-005
3395.17,2.17948e-005,3.36092e-005
3396.17,3.21557e-005,3.40271e-005
3397.17,2.88747e-005,2.6311e-005
3398.17,2.06221e-005,1.32054e-005
3399.17,1.76592e-005,7.49782e-006
3400.17,2.46392e-005,1.25691e-005
3401.17,2.89745e-005,1.39415e-005
3402.17,2.0304e-005,1.11968e-005
3403.17,9.94302e-006,1.07789e-005
3404.17,8.5707e-006,1.51141e-005
3405.17,8.88883e-006,1.71227e-005
3406.17,2.22688e-006,1.406e-005
3407.17,-1.31056e-005,8.25258e-006
3408.17,-2.41028e-005,3.81751e-006
3409.17,-2.67476e-005,1.18504e-007
3410.17,-2.23125e-005,-1.08787e-005
3411.17,-1.41785e-005,-2.45207e-005
3412.17,-5.82607e-006,-2.37847e-005
3413.17,2.10838e-006,-1.26876e-005
3414.17,4.65338e-006,3.38088e-006
3415.17,7.2982e-006,7.07988e-006
3416.17,1.23695e-005,9.9811e-008
3417.17,1.54323e-005,-6.56214e-006
3418.17,1.14151e-005,-5.92589e-006
3419.16,2.4265e-006,-1.06791e-005
3420.16,-8.88883e-006,-1.71227e-005
3421.16,-2.0304e-005,-1.11968e-005
3422.16,-2.4739e-005,-1.99622e-007
3423.16,-8.98864e-006,-4.75319e-006
3424.16,1.55321e-005,-1.89317e-005
3425.16,2.36662e-005,-3.25737e-005
3426.16,1.53138e-005,-3.33097e-005
3427.16,5.17113e-006,-1.93496e-005
3428.16,-2.32669e-006,-1.69044e-006
3429.16,-9.08845e-006,7.61633e-006
3430.16,-9.08845e-006,7.61633e-006
3431.16,2.18315e-007,1.43781e-005
3432.16,1.04795e-005,2.71655e-005
3433.16,1.74595e-005,3.22369e-005
3434.16,2.18946e-005,2.12397e-005
3435.16,1.7341e-005,5.48926e-006
3436.16,4.33526e-006,1.37231e-006
3437.16,-3.38088e-006,4.65338e-006
3438.16,4.65338e-006,3.38088e-006
3439.16,1.7759e-005,-4.8717e-006
3440.16,2.31484e-005,-9.84321e-006
3441.16,2.05036e-005,-1.35422e-005
3442.16,8.77032e-006,-9.62489e-006
3443.16,2.00857e-006,-3.18126e-007
3444.16,5.60776e-006,9.40658e-006
3445.16,3.59919e-006,9.7247e-006
3446.16,-3.38088e-006,4.65338e-006
3447.16,7.71614e-006,-3.28107e-006
3448.16,1.7759e-005,-4.8717e-006
3449.16,7.71614e-006,-3.28107e-006
3450.16,-5.38945e-006,4.97151e-006
3451.16,2.54501e-006,1.60685e-005
3452.16,1.75593e-005,1.98673e-005
3453.16,2.3585e-005,1.8913e-005
3454.16,1.42783e-005,1.21512e-005
3455.16,4.01713e-006,-6.36252e-007
3456.16,-1.90875e-006,-1.20514e-005
3457.16,-3.91732e-006,-1.17333e-005
3458.16,4.17937e-007,-1.0361e-005
3459.16,6.12551e-006,-1.33239e-005
3460.15,6.76176e-006,-9.30677e-006
3461.15,8.03426e-006,-1.2725e-006
3462.15,1.23695e-005,9.9811e-008
3463.15,1.4796e-005,-1.05793e-005
3464.15,-5.36441e-007,-1.63866e-005
3465.15,-2.36848e-005,-6.54344e-006
3466.15,-3.04466e-005,2.76332e-006
3467.15,-1.97675e-005,5.18982e-006
3468.15,-1.24693e-005,1.22697e-005
3469.15,-1.92311e-005,2.15765e-005
3470.15,-2.86377e-005,2.71842e-005
3471.15,-3.56177e-005,2.21129e-005
3472.15,-2.78018e-005,6.46233e-006
3473.15,-1.39601e-005,-1.01426e-005
3474.15,-5.82607e-006,-2.37847e-005
3475.15,-1.39101e-006,-3.47819e-005
3476.15,4.7345e-006,-4.81058e-005
3477.15,1.0355e-006,-4.54609e-005
3478.15,-1.15336e-005,-2.08217e-005
3479.15,-1.71227e-005,8.88883e-006
3480.15,-3.79882e-006,1.50143e-005
3481.15,1.7341e-005,5.48926e-006
3482.15,2.87562e-005,-4.36629e-007
3483.15,2.93924e-005,3.5805e-006
3484.15,2.4003e-005,8.55201e-006
3485.15,1.39601e-005,1.01426e-005
3486.15,-2.74463e-006,8.67051e-006
3487.15,-2.07219e-005,-8.35873e-007
3488.15,-2.32669e-005,-1.69044e-005
3489.15,-1.52327e-005,-1.81769e-005
3490.15,-9.62489e-006,-8.77032e-006
3491.15,1.05419e-006,-6.34382e-006
3492.15,1.1097e-005,-7.93445e-006
3493.15,1.60685e-005,-2.54501e-006
3494.15,1.42783e-005,1.21512e-005
3495.15,9.84321e-006,2.31484e-005
3496.15,1.32241e-005,1.8495e-005
3497.15,2.36848e-005,6.54344e-006
3498.15,3.10829e-005,1.25381e-006
3499.15,1.63866e-005,-5.36441e-007
3500.15,-6.34382e-006,-1.05419e-006
3501.14,-9.40658e-006,5.60776e-006
3502.14,1.59063e-006,1.00428e-005
3503.14,1.50143e-005,3.79882e-006
3504.14,2.50572e-005,2.20819e-006
3505.14,2.19944e-005,8.87014e-006
3506.14,9.62489e-006,8.77032e-006
3507.14,-3.18126e-007,-2.00857e-006
3508.14,6.44363e-006,-1.13153e-005
3509.14,1.71227e-005,-8.88883e-006
3510.14,1.26876e-005,2.10838e-006
3511.14,-6.76176e-006,9.30677e-006
3512.14,-2.91741e-005,1.07976e-005
3513.14,-4.49245e-005,1.53512e-005
3514.14,-5.63396e-005,2.1277e-005
3515.14,-4.86235e-005,1.7996e-005
3516.14,-1.71227e-005,8.88883e-006
3517.14,1.20514e-005,-1.90875e-006
3518.14,1.44779e-005,-1.25878e-005
3519.14,3.48069e-006,-1.70229e-005
3520.14,6.76176e-006,-9.30677e-006
3521.14,2.64295e-005,-2.12707e-006
3522.14,3.47819e-005,-1.39101e-006
3523.14,3.07647e-005,-7.54755e-007
3524.14,2.87562e-005,-4.36629e-007
3525.14,2.98104e-005,-6.78045e-006
3526.14,2.28303e-005,-1.18518e-005
3527.14,1.04608e-005,-1.19516e-005
3528.14,8.77032e-006,-9.62489e-006
3529.14,1.37418e-005,-4.23545e-006
3530.14,9.30677e-006,6.76176e-006
3531.14,8.54566e-007,1.83952e-005
3532.14,-4.53488e-006,2.33667e-005
3533.14,-1.75406e-005,1.92498e-005
3534.14,-3.81627e-005,6.04439e-006
3535.14,-4.44068e-005,-7.37932e-006
3536.14,-2.80201e-005,-7.91576e-006
3537.14,-4.33526e-006,-1.37231e-006
3538.14,1.20514e-005,-1.90875e-006
3539.14,1.34237e-005,-6.24401e-006
3540.14,5.38945e-006,-4.97151e-006
3541.14,3.18126e-007,2.00857e-006
3542.13,6.66195e-006,3.06275e-006
3543.13,1.74408e-005,-6.88026e-006
3544.13,1.88132e-005,-1.12155e-005
3545.13,1.14151e-005,-5.92589e-006
3546.13,-4.01713e-006,6.36252e-007
3547.13,-2.37847e-005,5.82607e-006
3548.13,-3.51998e-005,1.1752e-005
3549.13,-2.98104e-005,6.78045e-006
3550.13,-1.56506e-005,-7.81595e-006
3551.13,-7.2982e-006,-7.07988e-006
3552.13,-5.07132e-006,6.98007e-006
3553.13,-1.79025e-006,1.46962e-005
3554.13,-2.00857e-006,3.18126e-007
3555.13,-7.51651e-006,-2.1458e-005
3556.13,-2.11585e-005,-2.9592e-005
3557.13,-3.0247e-005,-2.19757e-005
3558.13,-3.23554e-005,-9.28807e-006
3559.13,-2.04038e-005,1.17269e-006
3560.13,-4.11694e-006,1.30058e-005
3561.13,1.07976e-005,2.91741e-005
3562.13,1.8732e-005,4.02711e-005
3563.13,1.43968e-005,3.88988e-005
3564.13,1.65052e-005,2.62112e-005
3565.13,2.66478e-005,1.2251e-005
3566.13,2.53753e-005,4.21675e-006
3567.13,1.30058e-005,4.11694e-006
3568.13,-1.37231e-006,4.33526e-006
3569.13,-7.39801e-006,5.28963e-006
3570.13,3.91732e-006,1.17333e-005
3571.13,1.08974e-005,1.68046e-005
3572.13,-4.17937e-007,1.0361e-005
3573.13,-1.59687e-005,-9.82451e-006
3574.13,-1.9886e-005,-2.15578e-005
3575.13,-1.6605e-005,-1.38416e-005
3576.13,-1.00428e-005,1.59063e-006
3577.13,-6.44363e-006,1.13153e-005
3578.13,-1.01426e-005,1.39601e-005
3579.13,-2.15578e-005,1.9886e-005
3580.13,-2.35663e-005,2.02042e-005
3581.13,-1.24693e-005,1.22697e-005
3582.13,-5.07132e-006,6.98007e-006
3583.12,-9.50639e-006,1.79773e-005
3584.12,-1.02424e-005,2.63297e-005
3585.12,2.18315e-007,1.43781e-005
3586.12,2.10838e-006,-1.26876e-005
3587.12,-8.47089e-006,-2.74837e-005
3588.12,-1.65052e-005,-2.62112e-005
3589.12,-2.45394e-005,-2.49387e-005
3590.12,-2.99289e-005,-1.99672e-005
3591.12,-2.34665e-005,7.83464e-006
3592.12,-5.58907e-006,2.97105e-005
3593.12,6.46233e-006,2.78018e-005
3594.12,3.91732e-006,1.17333e-005
3595.12,-8.35239e-006,-7.36062e-007
3596.12,-1.93496e-005,-5.17113e-006
3597.12,-3.03468e-005,-9.6062e-006
3598.12,-3.66906e-005,-1.06604e-005
3599.12,-2.80201e-005,-7.91576e-006
3600.12,-3.28107e-006,-7.71614e-006
3601.12,5.07132e-006,-6.98007e-006
3602.12,-1.67048e-005,-1.47212e-006
3603.12,-3.61542e-005,5.72626e-006
3604.12,-3.24552e-005,3.08145e-006
3605.12,-1.33239e-005,-6.12551e-006
3606.12,-3.18126e-007,-2.00857e-006
3607.12,5.28963e-006,7.39801e-006
3608.12,6.98007e-006,5.07132e-006
3609.12,5.70757e-006,-2.96294e-006
3610.12,-3.69901e-006,2.64482e-006
3611.12,-1.24693e-005,1.22697e-005
3612.12,-1.24693e-005,1.22697e-005
3613.12,3.28107e-006,7.71614e-006
3614.12,1.99858e-005,9.18826e-006
3615.12,2.62299e-005,2.2612e-005
3616.12,2.64482e-005,3.69901e-005
3617.12,3.35281e-005,2.96919e-005
3618.12,4.03896e-005,8.01557e-006
3619.12,3.30914e-005,9.35684e-007
3620.12,1.86135e-005,1.35235e-005
3621.12,1.12155e-005,1.88132e-005
3622.12,9.94302e-006,1.07789e-005
3623.11,-1.69044e-006,2.32669e-006
3624.11,-1.406e-005,2.22688e-006
3625.11,-1.34237e-005,6.24401e-006
3626.11,5.60776e-006,9.40658e-006
3627.11,1.93496e-005,5.17113e-006
3628.11,1.60685e-005,-2.54501e-006
3629.11,6.76176e-006,-9.30677e-006
3630.11,1.07789e-005,-9.94302e-006
3631.11,1.0361e-005,4.17937e-007
3632.11,4.33526e-006,1.37231e-006
3633.11,4.17937e-007,-1.0361e-005
3634.11,-7.19839e-006,-1.94494e-005
3635.11,-2.26307e-005,-1.28873e-005
3636.11,-3.74267e-005,-2.308e-006
3637.11,-3.81627e-005,6.04439e-006
3638.11,-2.37847e-005,5.82607e-006
3639.11,-2.96294e-006,-5.70757e-006
3640.11,2.2194e-005,-1.58689e-005
3641.11,3.82626e-005,-1.84139e-005
3642.11,3.05464e-005,-1.51328e-005
3643.11,7.07988e-006,-7.2982e-006
3644.11,-1.33239e-005,-6.12551e-006
3645.11,-2.36848e-005,-6.54344e-006
3646.11,-2.53753e-005,-4.21675e-006
3647.11,-1.63866e-005,5.36441e-007
3648.11,-2.00857e-006,3.18126e-007
3649.11,7.07988e-006,-7.2982e-006
3650.11,-2.86313e-006,-1.80771e-005
3651.11,-1.58689e-005,-2.2194e-005
3652.11,-1.25878e-005,-1.44779e-005
3653.11,-2.64482e-006,-3.69901e-006
3654.11,-1.69044e-006,2.32669e-006
3655.11,-8.4522e-006,1.16335e-005
3656.11,-1.72225e-005,2.12583e-005
3657.11,-3.09644e-005,2.54938e-005
3658.11,-3.76263e-005,2.2431e-005
3659.11,-3.76263e-005,2.2431e-005
3660.11,-3.49815e-005,2.613e-005
3661.11,-2.75835e-005,2.08404e-005
3662.11,-1.80771e-005,2.86313e-006
3663.11,-4.33526e-006,-1.37231e-006
3664.1,1.86135e-005,1.35235e-005
3665.1,3.33097e-005,1.53138e-005
3666.1,1.63866e-005,-5.36441e-007
3667.1,-9.94302e-006,-1.07789e-005
3668.1,-1.16335e-005,-8.4522e-006
3669.1,6.36252e-007,4.01713e-006
3670.1,5.36441e-007,1.63866e-005
3671.1,-6.86157e-006,2.16763e-005
3672.1,-9.50639e-006,1.79773e-005
3673.1,-6.44363e-006,1.13153e-005
3674.1,-1.69044e-006,2.32669e-006
3675.1,8.35239e-006,7.36062e-007
3676.1,1.70229e-005,3.48069e-006
3677.1,9.94302e-006,1.07789e-005
3678.1,-1.39415e-005,2.89745e-005
3679.1,-2.84194e-005,4.15623e-005
3680.1,-2.83195e-005,2.91928e-005
3681.1,-3.31912e-005,1.14338e-005
3682.1,-3.58361e-005,7.73483e-006
3683.1,-2.28303e-005,1.18518e-005
3684.1,2.22688e-006,1.406e-005
3685.1,1.99858e-005,9.18826e-006
3686.1,2.20942e-005,-3.49938e-006
3687.1,1.32054e-005,-2.06221e-005
3688.1,6.64326e-006,-3.60544e-005
3689.1,9.70601e-006,-4.27163e-005
3690.1,1.25691e-005,-2.46392e-005
3691.1,1.16335e-005,8.4522e-006
3692.1,1.28061e-005,2.8856e-005
3693.1,1.75593e-005,1.98673e-005
3694.1,1.67048e-005,1.47212e-006
3695.1,1.1097e-005,-7.93445e-006
3696.1,-6.36252e-007,-4.01713e-006
3697.1,-1.46962e-005,-1.79025e-006
3698.1,-2.97105e-005,-5.58907e-006
3699.1,-3.70087e-005,-1.2669e-005
3700.1,-4.49432e-005,-2.3766e-005
3701.1,-4.88605e-005,-3.54992e-005
3702.1,-4.14625e-005,-4.07889e-005
3703.1,-2.41215e-005,-3.52996e-005
3704.1,-1.5451e-005,-3.2555e-005
3705.09,-8.47089e-006,-2.74837e-005
3706.09,-1.49082e-006,-2.24123e-005
3707.09,3.16257e-006,-1.90315e-005
3708.09,6.86157e-006,-2.16763e-005
3709.09,6.54344e-006,-2.36848e-005
3710.09,4.53488e-006,-2.33667e-005
3711.09,6.44363e-006,-1.13153e-005
3712.09,1.50143e-005,3.79882e-006
3713.09,2.23125e-005,1.08787e-005
3714.09,1.67048e-005,1.47212e-006
3715.09,7.07988e-006,-7.2982e-006
3716.09,4.01713e-006,-6.36252e-007
3717.09,2.22688e-006,1.406e-005
3718.09,-1.47212e-006,1.67048e-005
3719.09,-6.12551e-006,1.33239e-005
3720.09,-7.39801e-006,5.28963e-006
3721.09,-5.60776e-006,-9.40658e-006
3722.09,-4.36629e-007,-2.87562e-005
3723.09,2.308e-006,-3.74267e-005
3724.09,-1.18504e-007,-2.67476e-005
3725.09,8.03426e-006,-1.2725e-006
3726.09,2.85565e-005,2.43024e-005
3727.09,3.75452e-005,2.90556e-005
3728.09,1.82954e-005,1.1515e-005
3729.09,-9.30677e-006,-6.76176e-006
3730.09,-1.96677e-005,-7.1797e-006
3731.09,-2.16763e-005,-6.86157e-006
3732.09,-2.49574e-005,-1.45777e-005
3733.09,-2.39032e-005,-2.09215e-005
3734.09,-2.23125e-005,-1.08787e-005
3735.09,-1.31056e-005,8.25258e-006
3736.09,5.50795e-006,2.17761e-005
3737.09,1.65052e-005,2.62112e-005
3738.09,1.2488e-005,2.68474e-005
3739.09,1.01613e-005,2.5157e-005
3740.09,1.69231e-005,1.58502e-005
3741.09,2.4739e-005,1.99622e-007
3742.09,2.38845e-005,-1.81956e-005
3743.09,1.69044e-005,-2.32669e-005
3744.09,8.4522e-006,-1.16335e-005
3745.09,4.01713e-006,-6.36252e-007
3746.08,4.01713e-006,-6.36252e-007
3747.08,7.36062e-007,-8.35239e-006
3748.08,-1.90875e-006,-1.20514e-005
3749.08,9.9811e-008,-1.23695e-005
3750.08,8.4522e-006,-1.16335e-005
3751.08,1.68046e-005,-1.08974e-005
3752.08,1.97675e-005,-5.18982e-006
3753.08,1.59687e-005,9.82451e-006
3754.08,1.01613e-005,2.5157e-005
3755.08,9.10714e-006,3.15008e-005
3756.08,5.09001e-006,3.2137e-005
3757.08,3.39957e-006,3.44637e-005
3758.08,3.39957e-006,3.44637e-005
3759.08,-7.59763e-006,3.00287e-005
3760.08,-2.46205e-005,2.6548e-005
3761.08,-2.5893e-005,1.85137e-005
3762.08,-9.7247e-006,3.59919e-006
3763.08,9.08845e-006,-7.61633e-006
3764.08,1.88132e-005,-1.12155e-005
3765.08,2.05036e-005,-1.35422e-005
3766.08,1.21512e-005,-1.42783e-005
3767.08,-4.65338e-006,-3.38088e-006
3768.08,-1.54323e-005,6.56214e-006
3769.08,-7.71614e-006,3.28107e-006
3770.08,1.37231e-006,-4.33526e-006
3771.08,4.17937e-007,-1.0361e-005
3772.08,7.07988e-006,-7.2982e-006
3773.08,1.83952e-005,-8.54566e-007
3774.08,1.7341e-005,5.48926e-006
3775.08,7.93445e-006,1.1097e-005
3776.08,1.32241e-005,1.8495e-005
3777.08,2.05223e-005,2.55749e-005
3778.08,4.77189e-006,3.01285e-005
3779.08,-2.53566e-005,3.49004e-005
3780.08,-4.04707e-005,4.34711e-005
3781.08,-2.27118e-005,3.85994e-005
3782.08,-7.36062e-007,8.35239e-006
3783.08,-1.17269e-006,-2.04038e-005
3784.08,-1.38603e-005,-2.25122e-005
3785.08,-1.89317e-005,-1.55321e-005
3786.08,-1.52327e-005,-1.81769e-005
3787.07,-1.58689e-005,-2.2194e-005
3788.07,-1.55508e-005,-2.01855e-005
3789.07,-8.5707e-006,-1.51141e-005
3790.07,-3.91732e-006,-1.17333e-005
3791.07,-4.55357e-006,-1.57504e-005
3792.07,-1.18518e-005,-2.28303e-005
3793.07,-1.9886e-005,-2.15578e-005
3794.07,-2.16763e-005,-6.86157e-006
3795.07,-2.5157e-005,1.01613e-005
3796.07,-2.82197e-005,1.68233e-005
3797.07,-2.5893e-005,1.85137e-005
3798.07,-2.25122e-005,1.38603e-005
3799.07,-2.30486e-005,-2.52631e-006
3800.07,-2.22127e-005,-2.32482e-005
3801.07,-1.58689e-005,-2.2194e-005
3802.07,-3.59919e-006,-9.7247e-006
3803.07,1.23695e-005,9.9811e-008
3804.07,2.104e-005,2.84444e-006
3805.07,1.90315e-005,3.16257e-006
3806.07,7.39801e-006,-5.28963e-006
3807.07,8.35873e-007,-2.07219e-005
3808.07,-3.49938e-006,-2.20942e-005
3809.07,-2.22688e-006,-1.406e-005
3810.07,1.79025e-006,-1.46962e-005
3811.07,4.21675e-006,-2.53753e-005
3812.07,5.58907e-006,-2.97105e-005
3813.07,8.23388e-006,-2.60115e-005
3814.07,1.1515e-005,-1.82954e-005
3815.07,8.13407e-006,-1.3642e-005
3816.07,2.10838e-006,-1.26876e-005
3817.07,1.79025e-006,-1.46962e-005
3818.07,1.1515e-005,-1.82954e-005
3819.07,2.18759e-005,-1.78775e-005
3820.07,2.11398e-005,-9.52508e-006
3821.07,9.08845e-006,-7.61633e-006
3822.07,-1.16335e-005,-8.4522e-006
3823.07,-3.10829e-005,-1.25381e-006
3824.07,-3.75265e-005,1.00615e-005
3825.07,-2.05036e-005,1.35422e-005
3826.07,-9.9811e-008,1.23695e-005
3827.07,1.90875e-006,1.20514e-005
3828.06,2.86313e-006,1.80771e-005
3829.06,1.55508e-005,2.01855e-005
3830.06,2.59117e-005,2.06034e-005
3831.06,3.28918e-005,2.56747e-005
3832.06,4.3889e-005,3.01098e-005
3833.06,4.46251e-005,2.17574e-005
3834.06,1.6605e-005,1.38416e-005
3835.06,-1.11968e-005,2.0304e-005
3836.06,-2.35663e-005,2.02042e-005
3837.06,-2.34665e-005,7.83464e-006
3838.06,-9.40658e-006,5.60776e-006
3839.06,9.94302e-006,1.07789e-005
3840.06,1.7341e-005,5.48926e-006
3841.06,1.51141e-005,-8.5707e-006
3842.06,1.72225e-005,-2.12583e-005
3843.06,1.93309e-005,-3.3946e-005
3844.06,1.49956e-005,-3.53183e-005
3845.06,5.17748e-007,-2.27305e-005
3846.06,-5.92589e-006,-1.14151e-005
3847.06,5.38945e-006,-4.97151e-006
3848.06,1.37418e-005,-4.23545e-006
3849.06,5.38945e-006,-4.97151e-006
3850.06,1.37231e-006,-4.33526e-006
3851.06,1.7759e-005,-4.8717e-006
3852.06,3.81627e-005,-6.04439e-006
3853.06,4.14438e-005,1.67175e-006
3854.06,2.49574e-005,1.45777e-005
3855.06,8.88883e-006,1.71227e-005
3856.06,6.24401e-006,1.34237e-005
3857.06,4.23545e-006,1.37418e-005
3858.06,-2.10838e-006,1.26876e-005
3859.06,-1.37231e-006,4.33526e-006
3860.06,8.03426e-006,-1.2725e-006
3861.06,1.23695e-005,9.9811e-008
3862.06,1.09972e-005,4.43507e-006
3863.06,5.60776e-006,9.40658e-006
3864.06,-2.74463e-006,8.67051e-006
3865.06,-1.74408e-005,6.88026e-006
3866.06,-2.31484e-005,9.84321e-006
3867.06,-2.08217e-005,1.15336e-005
3868.06,-1.97675e-005,5.18982e-006
3869.05,-1.0361e-005,-4.17937e-007
3870.05,9.7247e-006,-3.59919e-006
3871.05,1.88132e-005,-1.12155e-005
3872.05,7.81595e-006,-1.56506e-005
3873.05,9.9811e-008,-1.23695e-005
3874.05,-5.36441e-007,-1.63866e-005
3875.05,-1.38603e-005,-2.25122e-005
3876.05,-3.42641e-005,-2.13395e-005
3877.05,-3.70087e-005,-1.2669e-005
3878.05,-2.4003e-005,-8.55201e-006
3879.05,-6.66195e-006,-3.06275e-006
3880.05,-7.39801e-006,5.28963e-006
3881.05,-1.54323e-005,6.56214e-006
3882.05,-1.46962e-005,-1.79025e-006
3883.05,2.74463e-006,-8.67051e-006
3884.05,1.91313e-005,-9.20695e-006
3885.05,2.28303e-005,-1.18518e-005
3886.05,1.68046e-005,-1.08974e-005
3887.05,8.67051e-006,2.74463e-006
3888.05,2.18315e-007,1.43781e-005
3889.05,-1.24693e-005,1.22697e-005
3890.05,-2.04038e-005,1.17269e-006
3891.05,-2.06221e-005,-1.32054e-005
3892.05,-2.18946e-005,-2.12397e-005
3893.05,-2.48575e-005,-2.69472e-005
3894.05,-2.54938e-005,-3.09644e-005
3895.05,-8.78902e-006,-2.94922e-005
3896.05,1.64865e-005,-1.2906e-005
3897.05,3.24552e-005,-3.08145e-006
3898.05,3.31912e-005,-1.14338e-005
3899.05,2.52568e-005,-2.25309e-005
3900.05,2.2194e-005,-1.58689e-005
3901.05,2.27305e-005,5.17748e-007
3902.05,2.12583e-005,1.72225e-005
3903.05,9.84321e-006,2.31484e-005
3904.05,-1.1515e-005,1.82954e-005
3905.05,-2.61114e-005,4.13563e-006
3906.05,-1.99858e-005,-9.18826e-006
3907.05,-1.90875e-006,-1.20514e-005
3908.05,1.41598e-005,-1.45964e-005
3909.05,1.88132e-005,-1.12155e-005
3910.04,1.67048e-005,1.47212e-006
3911.04,1.05793e-005,1.4796e-005
3912.04,6.24401e-006,1.34237e-005
3913.04,-1.37231e-006,4.33526e-006
3914.04,-1.1097e-005,7.93445e-006
3915.04,-1.8913e-005,2.3585e-005
3916.04,-1.16148e-005,3.06649e-005
3917.04,8.54566e-007,1.83952e-005
3918.04,6.98007e-006,5.07132e-006
3919.04,6.66195e-006,3.06275e-006
3920.04,6.98007e-006,5.07132e-006
3921.04,4.01713e-006,-6.36252e-007
3922.04,-7.61633e-006,-9.08845e-006
3923.04,-1.49145e-005,-1.61683e-005
3924.04,-3.49938e-006,-2.20942e-005
3925.04,9.92432e-006,-2.83382e-005
3926.04,1.09785e-005,-3.46821e-005
3927.04,-3.36818e-007,-4.11257e-005
3928.04,-8.68921e-006,-4.18617e-005
3929.04,-1.1752e-005,-3.51998e-005
3930.04,-9.10714e-006,-3.15008e-005
3931.04,-9.42527e-006,-3.35094e-005
3932.04,-1.915e-005,-2.99102e-005
3933.04,-2.49574e-005,-1.45777e-005
3934.04,-1.57504e-005,4.55357e-006
3935.04,-3.79882e-006,1.50143e-005
3936.04,-1.79025e-006,1.46962e-005
3937.04,-1.07789e-005,9.94302e-006
3938.04,-1.20514e-005,1.90875e-006
3939.04,7.07988e-006,-7.2982e-006
3940.04,3.02283e-005,-1.71414e-005
3941.04,3.73082e-005,-2.44396e-005
3942.04,2.49387e-005,-2.45394e-005
3943.04,7.1797e-006,-1.96677e-005
3944.04,-8.54566e-007,-1.83952e-005
3945.04,2.84444e-006,-2.104e-005
3946.04,1.21512e-005,-1.42783e-005
3947.04,2.73839e-005,3.89863e-006
3948.04,4.19803e-005,1.80584e-005
3949.04,4.39888e-005,1.77403e-005
3950.04,3.23554e-005,9.28807e-006
3951.03,1.99858e-005,9.18826e-006
3952.03,2.4003e-005,8.55201e-006
3953.03,2.64295e-005,-2.12707e-006
3954.03,2.28303e-005,-1.18518e-005
3955.03,1.97675e-005,-5.18982e-006
3956.03,1.79773e-005,9.50639e-006
3957.03,1.2906e-005,1.64865e-005
3958.03,8.5707e-006,1.51141e-005
3959.03,8.98864e-006,4.75319e-006
3960.03,7.39801e-006,-5.28963e-006
3961.03,6.76176e-006,-9.30677e-006
3962.03,1.406e-005,-2.22688e-006
3963.03,2.19944e-005,8.87014e-006
3964.03,2.32669e-005,1.69044e-005
3965.03,1.2906e-005,1.64865e-005
3966.03,-7.49782e-006,1.76592e-005
3967.03,-2.5893e-005,1.85137e-005
3968.03,-3.2137e-005,5.09001e-006
3969.03,-3.23554e-005,-9.28807e-006
3970.03,-2.4003e-005,-8.55201e-006
3971.03,-1.43781e-005,2.18315e-007
3972.03,-3.38088e-006,4.65338e-006
3973.03,3.28107e-006,7.71614e-006
3974.03,-7.36062e-007,8.35239e-006
3975.03,-2.44209e-005,1.80894e-006
3976.03,-4.40886e-005,-5.37075e-006
3977.03,-4.07078e-005,-1.00241e-005
3978.03,-2.83382e-005,-9.92432e-006
3979.03,-3.07647e-005,7.54755e-007
3980.03,-3.65721e-005,1.60872e-005
3981.03,-2.83195e-005,2.91928e-005
3982.03,-6.96138e-006,3.40458e-005
3983.03,9.84321e-006,2.31484e-005
3984.03,8.35239e-006,7.36062e-007
3985.03,8.35873e-007,-2.07219e-005
3986.03,6.64326e-006,-3.60544e-005
3987.03,2.50385e-005,-3.69089e-005
3988.03,3.60357e-005,-3.24739e-005
3989.03,2.66291e-005,-2.68661e-005
3990.03,1.18331e-005,-1.62868e-005
3991.03,5.38945e-006,-4.97151e-006
3992.02,3.38088e-006,-4.65338e-006
3993.02,2.10838e-006,-1.26876e-005
3994.02,3.79882e-006,-1.50143e-005
3995.02,2.4265e-006,-1.06791e-005
3996.02,-2.22688e-006,-1.406e-005
3997.02,-4.8717e-006,-1.7759e-005
3998.02,9.9811e-008,-1.23695e-005
3999.02,8.77032e-006,-9.62489e-006
4000.02,1.75406e-005,-1.92498e-005
4001.02,2.72654e-005,-2.2849e-005
4002.02,3.6254e-005,-1.80958e-005
4003.02,3.35094e-005,-9.42527e-006
4004.02,1.90315e-005,3.16257e-006
4005.02,1.01613e-005,2.5157e-005
4006.02,5.62645e-006,4.85237e-005
4007.02,-3.78012e-006,5.41315e-005
4008.02,-1.57317e-005,4.36707e-005
4009.02,-2.89558e-005,2.51757e-005
4010.02,-2.98104e-005,6.78045e-006
4011.02,-2.56934e-005,-6.22532e-006
4012.02,-2.97105e-005,-5.58907e-006
4013.02,-3.18189e-005,7.09858e-006
4014.02,-1.65863e-005,2.52755e-005
4015.02,1.07976e-005,2.91741e-005
4016.02,2.85565e-005,2.43024e-005
4017.02,3.65908e-005,2.30299e-005
4018.02,3.72271e-005,2.7047e-005
4019.02,3.32099e-005,2.76833e-005
4020.02,3.0247e-005,2.19757e-005
4021.02,2.69659e-005,1.42596e-005
4022.02,1.87133e-005,1.154e-006
4023.02,4.75319e-006,-8.98864e-006
4024.02,-4.23545e-006,-1.37418e-005
4025.02,-9.54377e-007,-6.0257e-006
4026.02,8.98864e-006,4.75319e-006
4027.02,2.4003e-005,8.55201e-006
4028.02,3.0983e-005,1.36233e-005
4029.02,2.6548e-005,2.46205e-005
4030.02,1.11157e-005,3.11827e-005
4031.02,1.18504e-007,2.67476e-005
4032.02,-1.47212e-006,1.67048e-005
4033.01,-9.9811e-008,1.23695e-005
4034.01,-4.53488e-006,2.33667e-005
4035.01,-1.53138e-005,3.33097e-005
4036.01,-2.96919e-005,3.35281e-005
4037.01,-2.99102e-005,1.915e-005
4038.01,-8.03426e-006,1.2725e-006
4039.01,1.1097e-005,-7.93445e-006
4040.01,1.14151e-005,-5.92589e-006
4041.01,8.67051e-006,2.74463e-006
4042.01,1.09972e-005,4.43507e-006
4043.01,1.43781e-005,-2.18315e-007
4044.01,2.1458e-005,-7.51651e-006
4045.01,2.68474e-005,-1.2488e-005
4046.01,1.94494e-005,-7.19839e-006
4047.01,6.98007e-006,5.07132e-006
4048.01,1.90875e-006,1.20514e-005
4049.01,2.54501e-006,1.60685e-005
4050.01,6.56214e-006,1.54323e-005
4051.01,9.30677e-006,6.76176e-006
4052.01,7.71614e-006,-3.28107e-006
4053.01,6.34382e-006,1.05419e-006
4054.01,8.98864e-006,4.75319e-006
4055.01,1.80771e-005,-2.86313e-006
4056.01,2.79016e-005,-1.88318e-005
4057.01,2.66291e-005,-2.68661e-005
4058.01,1.21512e-005,-1.42783e-005
4059.01,2.18315e-007,1.43781e-005
4060.01,1.39101e-006,3.47819e-005
4061.01,1.11157e-005,3.11827e-005
4062.01,2.06221e-005,1.32054e-005
4063.01,2.30486e-005,2.52631e-006
4064.01,1.7341e-005,5.48926e-006
4065.01,-7.36062e-007,8.35239e-006
4066.01,-1.7759e-005,4.8717e-006
4067.01,-1.17333e-005,3.91732e-006
4068.01,6.98007e-006,5.07132e-006
4069.01,1.50143e-005,3.79882e-006
4070.01,6.98007e-006,5.07132e-006
4071.01,1.2725e-006,8.03426e-006
4072.01,3.28107e-006,7.71614e-006
4073.01,6.34382e-006,1.05419e-006
4074.01,1.05419e-006,-6.34382e-006
4075,-1.09972e-005,-4.43507e-006
4076,-2.34665e-005,7.83464e-006
4077,-3.75265e-005,1.00615e-005
4078,-4.71514e-005,1.2912e-006
4079,-4.6197e-005,7.31689e-006
4080,-2.99102e-005,1.915e-005
4081,-7.49782e-006,1.76592e-005
4082,1.09972e-005,4.43507e-006
4083,1.94494e-005,-7.19839e-006
4084,1.61683e-005,-1.49145e-005
4085,-2.86313e-006,-1.80771e-005
4086,-2.12583e-005,-1.72225e-005
4087,-1.99858e-005,-9.18826e-006
4088,-1.37231e-006,4.33526e-006
4089,5.92589e-006,1.14151e-005
4090,2.32669e-006,1.69044e-006
4091,-6.88026e-006,-1.74408e-005
4092,-1.44966e-005,-2.65293e-005
4093,-1.44966e-005,-2.65293e-005
4094,-2.12707e-006,-2.64295e-005
4095,3.79882e-006,-1.50143e-005
4096,1.90875e-006,1.20514e-005
4097,1.18504e-007,2.67476e-005
4098,-8.77032e-006,9.62489e-006
4099,-1.42783e-005,-1.21512e-005
4100,-1.05793e-005,-1.4796e-005
4101,-6.98007e-006,-5.07132e-006
4102,-1.05419e-006,6.34382e-006
4103,7.61633e-006,9.08845e-006
4104,1.06791e-005,2.4265e-006
4105,1.39601e-005,1.01426e-005
4106,2.62299e-005,2.2612e-005
4107,3.06649e-005,1.16148e-005
4108,2.35663e-005,-2.02042e-005
4109,1.80584e-005,-4.19803e-005
4110,1.00241e-005,-4.07078e-005
4111,-4.77189e-006,-3.01285e-005
4112,-2.29488e-005,-1.48958e-005
4113,-3.24552e-005,3.08145e-006
4114,-2.32482e-005,2.22127e-005
4115,1.18504e-007,2.67476e-005
4115.99,1.82954e-005,1.1515e-005
4116.99,2.5157e-005,-1.01613e-005
4117.99,1.8913e-005,-2.3585e-005
4118.99,9.6062e-006,-3.03468e-005
4119.99,-1.07288e-006,-3.27733e-005
4120.99,-1.01613e-005,-2.5157e-005
4121.99,-1.69231e-005,-1.58502e-005
4122.99,-1.99858e-005,-9.18826e-006
4123.99,-1.20514e-005,1.90875e-006
4124.99,-3.79882e-006,1.50143e-005
4125.99,-2.10838e-006,1.26876e-005
4126.99,-7.61633e-006,-9.08845e-006
4127.99,-8.15277e-006,-2.54751e-005
4128.99,-6.1442e-006,-2.57932e-005
4129.99,-4.55357e-006,-1.57504e-005
4130.99,-8.54566e-007,-1.83952e-005
4131.99,7.59763e-006,-3.00287e-005
4132.99,4.95282e-006,-3.37277e-005
4133.99,-5.50795e-006,-2.17761e-005
4134.99,-8.25258e-006,-1.31056e-005
4135.99,-5.36441e-007,-1.63866e-005
4136.99,1.05606e-005,-2.43211e-005
4137.99,1.65863e-005,-2.52755e-005
4138.99,1.18331e-005,-1.62868e-005
4139.99,1.27875e-005,-1.02611e-005
4140.99,2.48388e-005,-1.21699e-005
4141.99,2.85379e-005,-1.48147e-005
4142.99,2.08217e-005,-1.15336e-005
4143.99,8.77032e-006,-9.62489e-006
4144.99,-3.28107e-006,-7.71614e-006
4145.99,-1.39601e-005,-1.01426e-005
4146.99,-1.6605e-005,-1.38416e-005
4147.99,-6.88026e-006,-1.74408e-005
4148.99,5.48926e-006,-1.7341e-005
4149.99,4.11694e-006,-1.30058e-005
4150.99,-4.97151e-006,-5.38945e-006
4151.99,-4.33526e-006,-1.37231e-006
4152.99,2.4265e-006,-1.06791e-005
4153.99,1.79025e-006,-1.46962e-005
4154.98,-1.33239e-005,-6.12551e-006
4155.98,-2.94922e-005,8.78902e-006
4156.98,-3.12825e-005,2.34852e-005
4157.98,-9.92432e-006,2.83382e-005
4158.98,1.58689e-005,2.2194e-005
4159.98,3.13012e-005,1.56319e-005
4160.98,3.23554e-005,9.28807e-006
4161.98,2.5157e-005,-1.01613e-005
4162.98,1.5214e-005,-2.09402e-005
4163.98,5.80738e-006,-1.53325e-005
4164.98,-5.92589e-006,-1.14151e-005
4165.98,-1.86135e-005,-1.35235e-005
4166.98,-2.19944e-005,-8.87014e-006
4167.98,-1.30058e-005,-4.11694e-006
4168.98,3.06275e-006,-6.66195e-006
4169.98,1.37418e-005,-4.23545e-006
4170.98,1.33239e-005,6.12551e-006
4171.98,6.56214e-006,1.54323e-005
4172.98,1.42783e-005,1.21512e-005
4173.98,2.87562e-005,-4.36629e-007
4174.98,2.94922e-005,-8.78902e-006
4175.98,1.44779e-005,-1.25878e-005
4176.98,2.74463e-006,-8.67051e-006
4177.98,4.33526e-006,1.37231e-006
4178.98,1.56506e-005,7.81595e-006
4179.98,1.56506e-005,7.81595e-006
4180.98,9.62489e-006,8.77032e-006
4181.98,8.88883e-006,1.71227e-005
4182.98,1.95679e-005,1.95492e-005
4183.98,2.83382e-005,9.92432e-006
4184.98,3.18189e-005,-7.09858e-006
4185.98,2.48388e-005,-1.21699e-005
4186.98,7.07988e-006,-7.2982e-006
4187.98,-1.39601e-005,-1.01426e-005
4188.98,-2.79203e-005,-2.02853e-005
4189.98,-3.13012e-005,-1.56319e-005
4190.98,-2.41028e-005,3.81751e-006
4191.98,-1.91313e-005,9.20695e-006
4192.98,-2.13582e-005,-4.853e-006
4193.98,-2.89745e-005,-1.39415e-005
4194.98,-2.83382e-005,-9.92432e-006
4195.98,-1.7341e-005,-5.48926e-006
4196.97,-6.36252e-007,-4.01713e-006
4197.97,4.43507e-006,-1.09972e-005
4198.97,-5.82607e-006,-2.37847e-005
4199.97,-2.31671e-005,-2.92739e-005
4200.97,-3.69089e-005,-2.50385e-005
4201.97,-3.62727e-005,-2.10213e-005
4202.97,-2.48575e-005,-2.69472e-005
4203.97,-1.14338e-005,-3.31912e-005
4204.97,-1.80894e-006,-2.44209e-005
4205.97,4.75319e-006,-8.98864e-006
4206.97,9.54377e-007,6.0257e-006
4207.97,-4.75319e-006,8.98864e-006
4208.97,-0,0
4209.97,3.38088e-006,-4.65338e-006
4210.97,-6.36252e-007,-4.01713e-006
4211.97,-4.75319e-006,8.98864e-006
4212.97,4.36629e-007,2.87562e-005
4213.97,1.70913e-006,3.67904e-005
4214.97,-3.89863e-006,2.73839e-005
4215.97,-1.17333e-005,3.91732e-006
4216.97,-1.32241e-005,-1.8495e-005
4217.97,-9.52508e-006,-2.11398e-005
4218.97,-1.90875e-006,-1.20514e-005
4219.97,1.34237e-005,-6.24401e-006
4220.97,3.28731e-005,-1.34424e-005
4221.97,2.69472e-005,-2.48575e-005
4222.97,5.58907e-006,-2.97105e-005
4223.97,-9.84321e-006,-2.31484e-005
4224.97,-6.56214e-006,-1.54323e-005
4225.97,-2.18315e-007,-1.43781e-005
4226.97,3.89863e-006,-2.73839e-005
4227.97,1.03423e-005,-3.86992e-005
4228.97,8.65182e-006,-3.63725e-005
4229.97,2.52631e-006,-2.30486e-005
4230.97,2.4265e-006,-1.06791e-005
4231.97,1.37418e-005,-4.23545e-006
4232.97,2.20942e-005,-3.49938e-006
4233.97,2.13582e-005,4.853e-006
4234.97,1.45964e-005,1.41598e-005
4235.97,1.35422e-005,2.05036e-005
4236.97,1.95679e-005,1.95492e-005
4237.97,2.32669e-005,1.69044e-005
4238.96,1.38603e-005,2.25122e-005
4239.96,-4.21675e-006,2.53753e-005
4240.96,-1.88132e-005,1.12155e-005
4241.96,-2.97105e-005,-5.58907e-006
4242.96,-3.0983e-005,-1.36233e-005
4243.96,-2.56934e-005,-6.22532e-006
4244.96,-2.48388e-005,1.21699e-005
4245.96,-2.3348e-005,3.45822e-005
4246.96,-1.83765e-005,3.99717e-005
4247.96,-8.87014e-006,2.19944e-005
4248.96,-3.06275e-006,6.66195e-006
4249.96,-2.00857e-006,3.18126e-007
4250.96,1.69044e-006,-2.32669e-006
4251.96,1.4796e-005,-1.05793e-005
4252.96,2.79016e-005,-1.88318e-005
4253.96,2.72654e-005,-2.2849e-005
4254.96,1.5214e-005,-2.09402e-005
4255.96,-5.36441e-007,-1.63866e-005
4256.96,-1.39601e-005,-1.01426e-005
4257.96,-1.56506e-005,-7.81595e-006
4258.96,-6.66195e-006,-3.06275e-006
4259.96,2.00857e-006,-3.18126e-007
4260.96,3.79882e-006,-1.50143e-005
4261.96,-3.39957e-006,-3.44637e-005
4262.96,-1.37605e-005,-3.48817e-005
4263.96,-1.38603e-005,-2.25122e-005
4264.96,-2.12707e-006,-2.64295e-005
4265.96,7.37932e-006,-4.44068e-005
4266.96,1.30869e-005,-4.73697e-005
4267.96,1.73223e-005,-3.36279e-005
4268.96,1.58502e-005,-1.69231e-005
4269.96,7.39801e-006,-5.28963e-006
4270.96,-6.34382e-006,-1.05419e-006
4271.96,-1.79773e-005,-9.50639e-006
4272.96,-2.48575e-005,-2.69472e-005
4273.96,-2.2849e-005,-2.72654e-005
4274.96,-9.30677e-006,-6.76176e-006
4275.96,3.91732e-006,1.17333e-005
4276.96,-5.17748e-007,2.27305e-005
4277.96,-1.28873e-005,2.26307e-005
4278.96,-1.68046e-005,1.08974e-005
4279.95,-1.80771e-005,2.86313e-006
4280.95,-1.83952e-005,8.54566e-007
4281.95,-1.0361e-005,-4.17937e-007
4282.95,-0,0
4283.95,-1.05419e-006,6.34382e-006
4284.95,-9.08845e-006,7.61633e-006
4285.95,-1.50143e-005,-3.79882e-006
4286.95,-1.72412e-005,-1.78588e-005
4287.95,-1.81956e-005,-2.38845e-005
4288.95,-1.78775e-005,-2.18759e-005
4289.95,-1.45964e-005,-1.41598e-005
4290.95,-4.97151e-006,-5.38945e-006
4291.95,1.37231e-006,-4.33526e-006
4292.95,4.01713e-006,-6.36252e-007
4293.95,1.2725e-006,8.03426e-006
4294.95,4.8717e-006,1.7759e-005
4295.95,1.48147e-005,2.85379e-005
4296.95,1.34424e-005,3.28731e-005
4297.95,7.83464e-006,2.34665e-005
4298.95,9.54377e-007,6.0257e-006
4299.95,-1.30058e-005,-4.11694e-006
4300.95,-3.57362e-005,-4.63469e-006
4301.95,-4.67334e-005,-9.06976e-006
4302.95,-3.66906e-005,-1.06604e-005
4303.95,-1.50143e-005,-3.79882e-006
4304.95,8.35239e-006,7.36062e-007
4305.95,2.44209e-005,-1.80894e-006
4306.95,2.64295e-005,-2.12707e-006
4307.95,2.56934e-005,6.22532e-006
4308.95,2.66478e-005,1.2251e-005
4309.95,2.23125e-005,1.08787e-005
4310.95,9.62489e-006,8.77032e-006
4311.95,-2.74463e-006,8.67051e-006
4312.95,-7.39801e-006,5.28963e-006
4313.95,-4.65338e-006,-3.38088e-006
4314.95,-3.91732e-006,-1.17333e-005
4315.95,-9.62489e-006,-8.77032e-006
4316.95,-1.70229e-005,-3.48069e-006
4317.95,-2.63297e-005,-1.02424e-005
4318.94,-3.3946e-005,-1.93309e-005
4319.94,-2.55936e-005,-1.85948e-005
4320.94,-6.56214e-006,-1.54323e-005
4321.94,-2.22688e-006,-1.406e-005
4322.94,-1.90875e-006,-1.20514e-005
4323.94,8.4522e-006,-1.16335e-005
4324.94,2.01855e-005,-1.55508e-005
4325.94,2.2194e-005,-1.58689e-005
4326.94,1.34237e-005,-6.24401e-006
4327.94,-5.07132e-006,6.98007e-006
4328.94,-1.88132e-005,1.12155e-005
4329.94,-1.00428e-005,1.59063e-006
4330.94,6.76176e-006,-9.30677e-006
4331.94,3.06275e-006,-6.66195e-006
4332.94,-1.88132e-005,1.12155e-005
4333.94,-3.26548e-005,2.78205e-005
4334.94,-2.86377e-005,2.71842e-005
4335.94,-2.48388e-005,1.21699e-005
4336.94,-2.97105e-005,-5.58907e-006
4337.94,-2.55936e-005,-1.85948e-005
4338.94,-1.49145e-005,-1.61683e-005
4339.94,-1.20514e-005,1.90875e-006
4340.94,-4.75319e-006,8.98864e-006
4341.94,-1.59063e-006,-1.00428e-005
4342.94,-6.46233e-006,-2.78018e-005
4343.94,-8.78902e-006,-2.94922e-005
4344.94,-7.09858e-006,-3.18189e-005
4345.94,-1.80958e-005,-3.6254e-005
4346.94,-3.38462e-005,-3.17004e-005
4347.94,-3.46821e-005,-1.09785e-005
4348.94,-1.97675e-005,5.18982e-006
4349.94,-4.01713e-006,6.36252e-007
4350.94,9.9811e-008,-1.23695e-005
4351.94,-1.08974e-005,-1.68046e-005
4352.94,-2.89745e-005,-1.39415e-005
4353.94,-4.10259e-005,-1.20327e-005
4354.94,-3.80629e-005,-6.32513e-006
4355.94,-2.24123e-005,1.49082e-006
4356.94,-8.03426e-006,1.2725e-006
4357.94,-2.96294e-006,-5.70757e-006
4358.94,-3.91732e-006,-1.17333e-005
4359.94,-6.98007e-006,-5.07132e-006
4360.93,-1.37418e-005,4.23545e-006
4361.93,-5.38945e-006,4.97151e-006
4362.93,1.80771e-005,-2.86313e-006
4363.93,3.08645e-005,-1.31243e-005
4364.93,1.8495e-005,-1.32241e-005
4365.93,7.36062e-007,-8.35239e-006
4366.93,-5.28963e-006,-7.39801e-006
4367.93,-3.91732e-006,-1.17333e-005
4368.93,-8.25258e-006,-1.31056e-005
4369.93,-1.42783e-005,-1.21512e-005
4370.93,-1.86135e-005,-1.35235e-005
4371.93,-1.90315e-005,-3.16257e-006
4372.93,-1.61683e-005,1.49145e-005
4373.93,-5.17113e-006,1.93496e-005
4374.93,5.28963e-006,7.39801e-006
4375.93,8.77032e-006,-9.62489e-006
4376.93,3.48069e-006,-1.70229e-005
4377.93,-2.22688e-006,-1.406e-005
4378.93,-7.61633e-006,-9.08845e-006
4379.93,-1.33239e-005,-6.12551e-006
4380.93,-1.06791e-005,-2.4265e-006
4381.93,-2.00857e-006,3.18126e-007
4382.93,1.43781e-005,-2.18315e-007
4383.93,3.01285e-005,-4.77189e-006
4384.93,3.38275e-005,-7.4167e-006
4385.93,2.00857e-005,-3.18126e-006
4386.93,-2.32669e-006,-1.69044e-006
4387.93,-1.33239e-005,-6.12551e-006
4388.93,-1.25878e-005,-1.44779e-005
4389.93,-5.18982e-006,-1.97675e-005
4390.93,1.47212e-006,-1.67048e-005
4391.93,1.57504e-005,-4.55357e-006
4392.93,2.87562e-005,-4.36629e-007
4393.93,3.38275e-005,-7.4167e-006
4394.93,2.5157e-005,-1.01613e-005
4395.93,6.44363e-006,-1.13153e-005
4396.93,-1.39601e-005,-1.01426e-005
4397.93,-1.42783e-005,-1.21512e-005
4398.93,6.22532e-006,-2.56934e-005
4399.93,2.7047e-005,-3.72271e-005
4400.93,3.30727e-005,-3.81814e-005
4401.92,2.36662e-005,-3.25737e-005
4402.92,5.90719e-006,-2.7702e-005
4403.92,-5.18982e-006,-1.97675e-005
4404.92,-1.19516e-005,-1.04608e-005
4405.92,-2.67476e-005,1.18504e-007
4406.92,-4.77876e-005,-2.72594e-006
4407.92,-5.73127e-005,-2.38658e-005
4408.92,-4.00902e-005,-4.51241e-005
4409.92,-5.62645e-006,-4.85237e-005
4410.92,1.77403e-005,-4.39888e-005
4411.92,2.03851e-005,-4.02898e-005
4412.92,1.09785e-005,-3.46821e-005
4413.92,-3.18126e-006,-2.00857e-005
4414.92,-1.46962e-005,-1.79025e-006
4415.92,-2.27305e-005,-5.17748e-007
4416.92,-3.60544e-005,-6.64326e-006
4417.92,-4.48247e-005,2.98164e-006
4418.92,-3.45636e-005,1.57691e-005
4419.92,-1.37418e-005,4.23545e-006
4420.92,-1.17269e-006,-2.04038e-005
4421.92,2.52631e-006,-2.30486e-005
4422.92,5.38945e-006,-4.97151e-006
4423.92,1.39601e-005,1.01426e-005
4424.92,2.18946e-005,2.12397e-005
4425.92,3.38462e-005,3.17004e-005
4426.92,4.79061e-005,2.94735e-005
4427.92,4.76878e-005,1.50955e-005
4428.92,2.67476e-005,-1.18504e-007
4429.92,8.35239e-006,7.36062e-007
4430.92,5.60776e-006,9.40658e-006
4431.92,1.22697e-005,1.24693e-005
4432.92,1.6605e-005,1.38416e-005
4433.92,2.15765e-005,1.92311e-005
4434.92,1.86135e-005,1.35235e-005
4435.92,1.00428e-005,-1.59063e-006
4436.92,-3.18126e-007,-2.00857e-006
4437.92,1.90875e-006,1.20514e-005
4438.92,8.25258e-006,1.31056e-005
4439.92,4.65338e-006,3.38088e-006
4440.92,-6.98007e-006,-5.07132e-006
4441.92,-2.26307e-005,-1.28873e-005
4442.92,-3.16193e-005,-1.76405e-005
4443.91,-2.32669e-005,-1.69044e-005
4444.91,-1.39601e-005,-1.01426e-005
4445.91,-2.44209e-005,1.80894e-006
4446.91,-4.18617e-005,8.68921e-006
4447.91,-4.48247e-005,2.98164e-006
4448.91,-3.17191e-005,-5.27094e-006
4449.91,-1.79773e-005,-9.50639e-006
4450.91,-1.62868e-005,-1.18331e-005
4451.91,-1.62868e-005,-1.18331e-005
4452.91,-5.60776e-006,-9.40658e-006
4453.91,8.35239e-006,7.36062e-007
4454.91,1.35422e-005,2.05036e-005
4455.91,1.21699e-005,2.48388e-005
4456.91,1.32241e-005,1.8495e-005
4457.91,1.12155e-005,1.88132e-005
4458.91,1.70913e-006,3.67904e-005
4459.91,-1.00241e-005,4.07078e-005
4460.91,-1.11968e-005,2.0304e-005
4461.91,-6.36252e-007,-4.01713e-006
4462.91,9.08845e-006,-7.61633e-006
4463.91,1.13153e-005,6.44363e-006
4464.91,1.22697e-005,1.24693e-005
4465.91,1.99858e-005,9.18826e-006
4466.91,2.36848e-005,6.54344e-006
4467.91,1.87133e-005,1.154e-006
4468.91,8.4522e-006,-1.16335e-005
4469.91,8.35873e-007,-2.07219e-005
4470.91,-7.19839e-006,-1.94494e-005
4471.91,-1.53325e-005,-5.80738e-006
4472.91,-1.74408e-005,6.88026e-006
4473.91,-1.91313e-005,9.20695e-006
4474.91,-2.91741e-005,1.07976e-005
4475.91,-3.51998e-005,1.1752e-005
4476.91,-2.94922e-005,8.78902e-006
4477.91,-2.104e-005,-2.84444e-006
4478.91,-2.99289e-005,-1.99672e-005
4479.91,-4.15623e-005,-2.84194e-005
4480.91,-3.62727e-005,-2.10213e-005
4481.91,-1.09972e-005,-4.43507e-006
4482.9,9.30677e-006,6.76176e-006
4483.9,9.30677e-006,6.76176e-006
4484.9,-3.18126e-007,-2.00857e-006
4485.9,-1.05793e-005,-1.4796e-005
4486.9,-9.84321e-006,-2.31484e-005
4487.9,-6.1442e-006,-2.57932e-005
4488.9,1.25381e-006,-3.10829e-005
4489.9,1.33052e-005,-3.29916e-005
4490.9,2.46205e-005,-2.6548e-005
4491.9,1.95492e-005,-1.95679e-005
4492.9,1.27875e-005,-1.02611e-005
4493.9,1.70229e-005,3.48069e-006
4494.9,2.33667e-005,4.53488e-006
4495.9,2.00857e-005,-3.18126e-006
4496.9,9.40658e-006,-5.60776e-006
4497.9,-2.96294e-006,-5.70757e-006
4498.9,-7.61633e-006,-9.08845e-006
4499.9,-8.54566e-007,-1.83952e-005
4500.9,1.1515e-005,-1.82954e-005
4501.9,1.23695e-005,9.9811e-008
4502.9,4.8717e-006,1.7759e-005
4503.9,6.56214e-006,1.54323e-005
4504.9,1.67048e-005,1.47212e-006
4505.9,1.80771e-005,-2.86313e-006
4506.9,6.34382e-006,1.05419e-006
4507.9,-1.1097e-005,7.93445e-006
4508.9,-2.57932e-005,6.1442e-006
4509.9,-2.97105e-005,-5.58907e-006
4510.9,-2.96107e-005,-1.79586e-005
4511.9,-2.3585e-005,-1.8913e-005
4512.9,-1.39601e-005,-1.01426e-005
4513.9,5.38945e-006,-4.97151e-006
4514.9,2.20942e-005,-3.49938e-006
4515.9,2.30486e-005,2.52631e-006
4516.9,7.61633e-006,9.08845e-006
4517.9,-4.17937e-007,1.0361e-005
4518.9,-7.36062e-007,8.35239e-006
4519.9,-2.10838e-006,1.26876e-005
4520.9,-1.11968e-005,2.0304e-005
4521.9,-1.1515e-005,1.82954e-005
4522.9,6.36252e-007,4.01713e-006
4523.9,1.14151e-005,-5.92589e-006
4524.89,1.63866e-005,-5.36441e-007
4525.89,1.59687e-005,9.82451e-006
4526.89,8.88883e-006,1.71227e-005
4527.89,-2.20819e-006,2.50572e-005
4528.89,-5.58907e-006,2.97105e-005
4529.89,8.54566e-007,1.83952e-005
4530.89,2.64482e-006,3.69901e-006
4531.89,-4.33526e-006,-1.37231e-006
4532.89,-5.70757e-006,2.96294e-006
4533.89,4.55357e-006,1.57504e-005
4534.89,1.32241e-005,1.8495e-005
4535.89,8.98864e-006,4.75319e-006
4536.89,-5.92589e-006,-1.14151e-005
4537.89,-1.35422e-005,-2.05036e-005
4538.89,-3.49938e-006,-2.20942e-005
4539.89,9.50639e-006,-1.79773e-005
4540.89,2.48388e-005,-1.21699e-005
4541.89,3.28731e-005,-1.34424e-005
4542.89,2.9592e-005,-2.11585e-005
4543.89,2.38845e-005,-1.81956e-005
4544.89,1.97675e-005,-5.18982e-006
4545.89,8.35239e-006,7.36062e-007
4546.89,-6.34382e-006,-1.05419e-006
4547.89,-1.43781e-005,2.18315e-007
4548.89,-1.00428e-005,1.59063e-006
4549.89,-5.38945e-006,4.97151e-006
4550.89,-7.07988e-006,7.2982e-006
4551.89,-7.71614e-006,3.28107e-006
4552.89,-2.96294e-006,-5.70757e-006
4553.89,4.11694e-006,-1.30058e-005
4554.89,1.79025e-006,-1.46962e-005
4555.89,-6.24401e-006,-1.34237e-005
4556.89,-1.02611e-005,-1.27875e-005
4557.89,-9.94302e-006,-1.07789e-005
4558.89,-6.56214e-006,-1.54323e-005
4559.89,-1.80894e-006,-2.44209e-005
4560.89,6.54344e-006,-2.36848e-005
4561.89,9.50639e-006,-1.79773e-005
4562.89,3.48069e-006,-1.70229e-005
4563.89,-4.33526e-006,-1.37231e-006
4564.89,-8.23388e-006,2.60115e-005
4565.88,-6.64326e-006,3.60544e-005
4566.88,-4.853e-006,2.13582e-005
4567.88,-5.07132e-006,6.98007e-006
4568.88,-6.0257e-006,9.54377e-007
4569.88,-2.00857e-006,3.18126e-007
4570.88,6.34382e-006,1.05419e-006
4571.88,1.13153e-005,6.44363e-006
4572.88,1.96677e-005,7.1797e-006
4573.88,2.31484e-005,-9.84321e-006
4574.88,1.02424e-005,-2.63297e-005
4575.88,-1.04795e-005,-2.71655e-005
4576.88,-1.9886e-005,-2.15578e-005
4577.88,-1.49145e-005,-1.61683e-005
4578.88,7.36062e-007,-8.35239e-006
4579.88,2.00857e-005,-3.18126e-006
4580.88,2.33667e-005,4.53488e-006
4581.88,1.2906e-005,1.64865e-005
4582.88,8.88883e-006,1.71227e-005
4583.88,2.13582e-005,4.853e-006
4584.88,3.07647e-005,-7.54755e-007
4585.88,2.53753e-005,4.21675e-006
4586.88,8.03426e-006,-1.2725e-006
4587.88,-1.21699e-005,-2.48388e-005
4588.88,-2.74025e-005,-4.30158e-005
4589.88,-3.41643e-005,-3.3709e-005
4590.88,-2.86564e-005,-1.19329e-005
4591.88,-1.60685e-005,2.54501e-006
4592.88,9.54377e-007,6.0257e-006
4593.88,1.97675e-005,-5.18982e-006
4594.88,3.6254e-005,-1.80958e-005
4595.88,3.76263e-005,-2.2431e-005
4596.88,2.12397e-005,-2.18946e-005
4597.88,1.08787e-005,-2.23125e-005
4598.88,1.595e-005,-2.92926e-005
4599.88,1.86946e-005,-3.79631e-005
4600.88,3.68031e-006,-4.17619e-005
4601.88,-1.64053e-005,-3.85807e-005
4602.88,-2.45394e-005,-2.49387e-005
4603.88,-2.00857e-005,3.18126e-006
4604.88,-1.65863e-005,2.52755e-005
4605.88,-1.79586e-005,2.96107e-005
4606.88,-8.4522e-006,1.16335e-005
4607.87,8.13407e-006,-1.3642e-005
4608.87,1.85948e-005,-2.55936e-005
4609.87,1.61683e-005,-1.49145e-005
4610.87,8.67051e-006,2.74463e-006
4611.87,2.22688e-006,1.406e-005
4612.87,-9.50639e-006,1.79773e-005
4613.87,-1.24693e-005,1.22697e-005
4614.87,-1.26876e-005,-2.10838e-006
4615.87,-1.56506e-005,-7.81595e-006
4616.87,-2.27305e-005,-5.17748e-007
4617.87,-2.82197e-005,1.68233e-005
4618.87,-2.93737e-005,3.55366e-005
4619.87,-1.74221e-005,4.59974e-005
4620.87,1.60932e-006,4.916e-005
4621.87,1.0598e-005,5.39131e-005
4622.87,1.22884e-005,5.15865e-005
4623.87,8.68921e-006,4.18617e-005
4624.87,1.07288e-006,3.27733e-005
4625.87,4.13563e-006,2.61114e-005
4626.87,9.52508e-006,2.11398e-005
4627.87,3.18126e-006,2.00857e-005
4628.87,-7.1797e-006,1.96677e-005
4629.87,-4.43507e-006,1.09972e-005
4630.87,8.35239e-006,7.36062e-007
4631.87,2.24123e-005,-1.49082e-006
4632.87,2.4739e-005,1.99622e-007
4633.87,2.27305e-005,5.17748e-007
4634.87,2.1458e-005,-7.51651e-006
4635.87,2.45207e-005,-1.41785e-005
4636.87,2.78018e-005,-6.46233e-006
4637.87,2.22127e-005,2.32482e-005
4638.87,7.31689e-006,4.6197e-005
4639.87,-9.70601e-006,4.27163e-005
4640.87,-1.85948e-005,2.55936e-005
4641.87,-1.4796e-005,1.05793e-005
4642.87,-1.01426e-005,1.39601e-005
4643.87,-1.65863e-005,2.52755e-005
4644.87,-3.20185e-005,3.18376e-005
4645.87,-3.3709e-005,3.41643e-005
4646.86,-1.45777e-005,2.49574e-005
4647.86,8.25258e-006,1.31056e-005
4648.86,2.13582e-005,4.853e-006
4649.86,2.87562e-005,-4.36629e-007
4650.86,2.68474e-005,-1.2488e-005
4651.86,1.19329e-005,-2.86564e-005
4652.86,-1.06978e-005,-4.15436e-005
4653.86,-2.87749e-005,-3.86805e-005
4654.86,-3.36279e-005,-1.73223e-005
4655.86,-2.78018e-005,6.46233e-006
4656.86,-2.35663e-005,2.02042e-005
4657.86,-2.49387e-005,2.45394e-005
4658.86,-2.38845e-005,1.81956e-005
4659.86,-1.74408e-005,6.88026e-006
4660.86,-1.13153e-005,-6.44363e-006
4661.86,-1.22697e-005,-1.24693e-005
4662.86,-1.93496e-005,-5.17113e-006
4663.86,-2.37847e-005,5.82607e-006
4664.86,-3.01285e-005,4.77189e-006
4665.86,-3.47819e-005,1.39101e-006
4666.86,-2.27305e-005,-5.17748e-007
4667.86,-2.32669e-006,-1.69044e-006
4668.86,4.65338e-006,3.38088e-006
4669.86,5.36441e-007,1.63866e-005
4670.86,-4.53488e-006,2.33667e-005
4671.86,-1.11968e-005,2.0304e-005
4672.86,-7.81595e-006,1.56506e-005
4673.86,5.92589e-006,1.14151e-005
4674.86,1.33239e-005,6.12551e-006
4675.86,2.32669e-006,1.69044e-006
4676.86,-1.67048e-005,-1.47212e-006
4677.86,-1.91313e-005,9.20695e-006
4678.86,-5.58907e-006,2.97105e-005
4679.86,6.78045e-006,2.98104e-005
4680.86,3.28107e-006,7.71614e-006
4681.86,-2.32669e-006,-1.69044e-006
4682.86,-3.38088e-006,4.65338e-006
4683.86,3.28107e-006,7.71614e-006
4684.86,7.39801e-006,-5.28963e-006
4685.86,5.80738e-006,-1.53325e-005
4686.86,1.79025e-006,-1.46962e-005
4687.85,3.48069e-006,-1.70229e-005
4688.85,6.86157e-006,-2.16763e-005
4689.85,1.44779e-005,-1.25878e-005
4690.85,2.46392e-005,1.25691e-005
4691.85,2.51757e-005,2.89558e-005
4692.85,8.78902e-006,2.94922e-005
4693.85,-1.48958e-005,2.29488e-005
4694.85,-2.8856e-005,1.28061e-005
4695.85,-2.90743e-005,-1.57194e-006
4696.85,-2.36848e-005,-6.54344e-006
4697.85,-2.57932e-005,6.1442e-006
4698.85,-2.72654e-005,2.2849e-005
4699.85,-2.69472e-005,2.48575e-005
4700.85,-3.22369e-005,1.74595e-005
4701.85,-3.19187e-005,1.94681e-005
4702.85,-2.09215e-005,2.39032e-005
4703.85,-9.92432e-006,2.83382e-005
4704.85,-4.21675e-006,2.53753e-005
4705.85,5.18982e-006,1.97675e-005
4706.85,6.24401e-006,1.34237e-005
4707.85,-1.05419e-006,6.34382e-006
4708.85,-5.38945e-006,4.97151e-006
4709.85,-2.74463e-006,8.67051e-006
4710.85,-3.16257e-006,1.90315e-005
4711.85,-7.49782e-006,1.76592e-005
4712.85,-7.71614e-006,3.28107e-006
4713.85,3.38088e-006,-4.65338e-006
4714.85,1.14151e-005,-5.92589e-006
4715.85,1.51141e-005,-8.5707e-006
4716.85,1.97675e-005,-5.18982e-006
4717.85,2.41028e-005,-3.81751e-006
4718.85,1.94494e-005,-7.19839e-006
4719.85,1.14151e-005,-5.92589e-006
4720.85,4.33526e-006,1.37231e-006
4721.85,8.35239e-006,7.36062e-007
4722.85,1.97675e-005,-5.18982e-006
4723.85,1.4796e-005,-1.05793e-005
4724.85,-5.28963e-006,-7.39801e-006
4725.85,-1.90315e-005,-3.16257e-006
4726.85,-1.79773e-005,-9.50639e-006
4727.85,-7.51651e-006,-2.1458e-005
4728.85,1.25381e-006,-3.10829e-005
4729.84,-4.45376e-006,-2.81199e-005
4730.84,-1.59687e-005,-9.82451e-006
4731.84,-2.1458e-005,7.51651e-006
4732.84,-2.28303e-005,1.18518e-005
4733.84,-2.78018e-005,6.46233e-006
4734.84,-1.97675e-005,5.18982e-006
4735.84,1.59063e-006,1.00428e-005
4736.84,1.72412e-005,1.78588e-005
4737.84,9.84321e-006,2.31484e-005
4738.84,-3.26238e-006,3.1401e-005
4739.84,6.04439e-006,3.81627e-005
4740.84,3.21557e-005,3.40271e-005
4741.84,4.39888e-005,1.77403e-005
4742.84,3.18189e-005,-7.09858e-006
4743.84,1.595e-005,-2.92926e-005
4744.84,5.05263e-006,-4.60972e-005
4745.84,-2.66351e-006,-4.28161e-005
4746.84,-2.86313e-006,-1.80771e-005
4747.84,-7.39801e-006,5.28963e-006
4748.84,-2.12397e-005,2.18946e-005
4749.84,-2.73652e-005,3.52185e-005
4750.84,-1.46775e-005,3.73269e-005
4751.84,-1.99622e-007,2.4739e-005
4752.84,7.93445e-006,1.1097e-005
4753.84,9.30677e-006,6.76176e-006
4754.84,5.60776e-006,9.40658e-006
4755.84,-1.69044e-006,2.32669e-006
4756.84,-2.00857e-006,3.18126e-007
4757.84,8.25258e-006,1.31056e-005
4758.84,1.65052e-005,2.62112e-005
4759.84,8.47089e-006,2.74837e-005
4760.84,-6.86157e-006,2.16763e-005
4761.84,-2.08217e-005,1.15336e-005
4762.84,-2.44209e-005,1.80894e-006
4763.84,-2.41028e-005,3.81751e-006
4764.84,-2.82197e-005,1.68233e-005
4765.84,-4.10072e-005,2.70844e-005
4766.84,-4.56606e-005,2.37035e-005
4767.84,-4.78874e-005,9.64358e-006
4768.83,-5.70944e-005,-9.4877e-006
4769.83,-5.32956e-005,-2.4502e-005
4770.83,-2.96107e-005,-1.79586e-005
4771.83,-1.57504e-005,4.55357e-006
4772.83,-1.65863e-005,2.52755e-005
4773.83,-1.76405e-005,3.16193e-005
4774.83,-1.48958e-005,2.29488e-005
4775.83,-5.70757e-006,2.96294e-006
4776.83,9.50639e-006,-1.79773e-005
4777.83,8.96995e-006,-3.43639e-005
4778.83,-9.10714e-006,-3.15008e-005
4779.83,-2.12583e-005,-1.72225e-005
4780.83,-2.00857e-005,3.18126e-006
4781.83,-3.79882e-006,1.50143e-005
4782.83,2.56934e-005,6.22532e-006
4783.83,4.32341e-005,-1.30245e-005
4784.83,3.19187e-005,-1.94681e-005
4785.83,-4.55357e-006,-1.57504e-005
4786.83,-3.59546e-005,-1.90128e-005
4787.83,-3.95538e-005,-2.87375e-005
4788.83,-2.54938e-005,-3.09644e-005
4789.83,-1.75593e-005,-1.98673e-005
4790.83,-1.59687e-005,-9.82451e-006
4791.83,-8.03426e-006,1.2725e-006
4792.83,1.59063e-006,1.00428e-005
4793.83,1.45964e-005,1.41598e-005
4794.83,2.59117e-005,2.06034e-005
4795.83,2.78205e-005,3.26548e-005
4796.83,1.77777e-005,3.42454e-005
4797.83,-4.17937e-007,1.0361e-005
4798.83,-1.89317e-005,-1.55321e-005
4799.83,-3.25737e-005,-2.36662e-005
4800.83,-3.36279e-005,-1.73223e-005
4801.83,-2.4739e-005,-1.99622e-007
4802.83,-1.5214e-005,2.09402e-005
4803.83,-2.62612e-006,3.54181e-005
4804.83,1.20701e-005,3.72084e-005
4805.83,2.51757e-005,2.89558e-005
4806.83,2.39032e-005,2.09215e-005
4807.83,1.08974e-005,1.68046e-005
4808.83,-3.79882e-006,1.50143e-005
4809.83,-1.32054e-005,2.06221e-005
4810.82,-1.56319e-005,3.13012e-005
4811.82,-1.33052e-005,3.29916e-005
4812.82,-1.11968e-005,2.0304e-005
4813.82,-1.406e-005,2.22688e-006
4814.82,-1.99858e-005,-9.18826e-006
4815.82,-2.7702e-005,-5.90719e-006
4816.82,-2.37847e-005,5.82607e-006
4817.82,-9.08845e-006,7.61633e-006
4818.82,6.36252e-007,4.01713e-006
4819.82,-3.06275e-006,6.66195e-006
4820.82,-1.46962e-005,-1.79025e-006
4821.82,-2.12583e-005,-1.72225e-005
4822.82,-1.81956e-005,-2.38845e-005
4823.82,-1.3642e-005,-8.13407e-006
4824.82,-4.17937e-007,1.0361e-005
4825.82,1.78775e-005,2.18759e-005
4826.82,2.55936e-005,1.85948e-005
4827.82,1.56506e-005,7.81595e-006
4828.82,7.39801e-006,-5.28963e-006
4829.82,1.07789e-005,-9.94302e-006
4830.82,2.24123e-005,-1.49082e-006
4831.82,3.06649e-005,1.16148e-005
4832.82,3.33097e-005,1.53138e-005
4833.82,2.83382e-005,9.92432e-006
4834.82,1.83952e-005,-8.54566e-007
4835.82,3.79882e-006,-1.50143e-005
4836.82,-7.83464e-006,-2.34665e-005
4837.82,-1.85137e-005,-2.5893e-005
4838.82,-2.45394e-005,-2.49387e-005
4839.82,-1.08974e-005,-1.68046e-005
4840.82,8.35239e-006,7.36062e-007
4841.82,1.45964e-005,1.41598e-005
4842.82,7.61633e-006,9.08845e-006
4843.82,5.70757e-006,-2.96294e-006
4844.82,6.44363e-006,-1.13153e-005
4845.82,6.76176e-006,-9.30677e-006
4846.82,8.98864e-006,4.75319e-006
4847.82,1.41785e-005,2.45207e-005
4848.82,2.04225e-005,3.79444e-005
4849.82,2.34852e-005,3.12825e-005
4850.82,1.3642e-005,8.13407e-006
4851.81,2.10838e-006,-1.26876e-005
4852.81,-5.36441e-007,-1.63866e-005
4853.81,3.69901e-006,-2.64482e-006
4854.81,7.61633e-006,9.08845e-006
4855.81,4.55357e-006,1.57504e-005
4856.81,-3.48069e-006,1.70229e-005
4857.81,-4.11694e-006,1.30058e-005
4858.81,9.54377e-007,6.0257e-006
4859.81,1.37231e-006,-4.33526e-006
4860.81,-4.55357e-006,-1.57504e-005
4861.81,-4.13563e-006,-2.61114e-005
4862.81,1.08787e-005,-2.23125e-005
4863.81,3.15008e-005,-9.10714e-006
4864.81,3.78446e-005,-8.05295e-006
4865.81,2.12397e-005,-2.18946e-005
4866.81,6.22532e-006,-2.56934e-005
4867.81,1.05419e-006,-6.34382e-006
4868.81,-1.47212e-006,1.67048e-005
4869.81,-9.50639e-006,1.79773e-005
4870.81,-1.54323e-005,6.56214e-006
4871.81,-1.53325e-005,-5.80738e-006
4872.81,-1.62868e-005,-1.18331e-005
4873.81,-1.93496e-005,-5.17113e-006
4874.81,-1.51141e-005,8.5707e-006
4875.81,2.22688e-006,1.406e-005
4876.81,1.23695e-005,9.9811e-008
4877.81,7.36062e-007,-8.35239e-006
4878.81,-1.43781e-005,2.18315e-007
4879.81,-1.4796e-005,1.05793e-005
4880.81,-1.18331e-005,1.62868e-005
4881.81,-7.81595e-006,1.56506e-005
4882.81,4.23545e-006,1.37418e-005
4883.81,1.45964e-005,1.41598e-005
4884.81,1.22697e-005,1.24693e-005
4885.81,1.0361e-005,4.17937e-007
4886.81,2.72654e-005,-2.2849e-005
4887.81,4.51241e-005,-4.00902e-005
4888.81,3.50813e-005,-3.84996e-005
4889.81,2.84444e-006,-2.104e-005
4890.81,-2.70657e-005,-1.89006e-006
4891.81,-4.2498e-005,4.67207e-006
4892.81,-4.38703e-005,9.00733e-006
4893.8,-3.45636e-005,1.57691e-005
4894.8,-1.92311e-005,2.15765e-005
4895.8,-1.01426e-005,1.39601e-005
4896.8,-1.7759e-005,4.8717e-006
4897.8,-3.24552e-005,3.08145e-006
4898.8,-3.51998e-005,1.1752e-005
4899.8,-3.02283e-005,1.71414e-005
4900.8,-2.48388e-005,1.21699e-005
4901.8,-1.91313e-005,9.20695e-006
4902.8,-1.1515e-005,1.82954e-005
4903.8,-1.11968e-005,2.0304e-005
4904.8,-1.68046e-005,1.08974e-005
4905.8,-1.27875e-005,1.02611e-005
4906.8,1.49082e-006,2.24123e-005
4907.8,8.47089e-006,2.74837e-005
4908.8,1.13153e-005,6.44363e-006
4909.8,1.55321e-005,-1.89317e-005
4910.8,2.09215e-005,-2.39032e-005
4911.8,1.27875e-005,-1.02611e-005
4912.8,-6.0257e-006,9.54377e-007
4913.8,-2.17761e-005,5.50795e-006
4914.8,-2.34665e-005,7.83464e-006
4915.8,-1.68046e-005,1.08974e-005
4916.8,-4.43507e-006,1.09972e-005
4917.8,4.97151e-006,5.38945e-006
4918.8,1.37231e-006,-4.33526e-006
4919.8,-1.42783e-005,-1.21512e-005
4920.8,-2.3585e-005,-1.8913e-005
4921.8,-1.49145e-005,-1.61683e-005
4922.8,-2.64482e-006,-3.69901e-006
4923.8,-3.06275e-006,6.66195e-006
4924.8,-1.04608e-005,1.19516e-005
4925.8,-8.4522e-006,1.16335e-005
4926.8,4.97151e-006,5.38945e-006
4927.8,1.7759e-005,-4.8717e-006
4928.8,2.42026e-005,-1.6187e-005
4929.8,2.2194e-005,-1.58689e-005
4930.8,1.74408e-005,-6.88026e-006
4931.8,6.34382e-006,1.05419e-006
4932.79,-1.60685e-005,2.54501e-006
4933.79,-3.64723e-005,3.7177e-006
4934.79,-3.15008e-005,9.10714e-006
4935.79,-1.27875e-005,1.02611e-005
4936.79,-1.26876e-005,-2.10838e-006
4937.79,-3.29916e-005,-1.33052e-005
4938.79,-4.5043e-005,-1.13964e-005
4939.79,-3.07647e-005,7.54755e-007
4940.79,-1.37231e-006,4.33526e-006
4941.79,1.7759e-005,-4.8717e-006
4942.79,2.29301e-005,-2.42213e-005
4943.79,2.76833e-005,-3.32099e-005
4944.79,3.89986e-005,-2.67663e-005
4945.79,3.85807e-005,-1.64053e-005
4946.79,1.88132e-005,-1.12155e-005
4947.79,-2.22688e-006,-1.406e-005
4948.79,-1.12155e-005,-1.88132e-005
4949.79,-7.19839e-006,-1.94494e-005
4950.79,1.05419e-006,-6.34382e-006
4951.79,1.16335e-005,8.4522e-006
4952.79,1.82954e-005,1.1515e-005
4953.79,1.67048e-005,1.47212e-006
4954.79,1.0361e-005,4.17937e-007
4955.79,9.20695e-006,1.91313e-005
4956.79,7.09858e-006,3.18189e-005
4957.79,4.55357e-006,1.57504e-005
4958.79,-6.88026e-006,-1.74408e-005
4959.79,-1.48147e-005,-2.85379e-005
4960.79,-1.15336e-005,-2.08217e-005
4961.79,-9.84321e-006,-2.31484e-005
4962.79,-1.14338e-005,-3.31912e-005
4963.79,-1.40787e-005,-3.68902e-005
4964.79,-1.03796e-005,-3.95351e-005
4965.79,-6.36252e-006,-4.01713e-005
4966.79,-4.77189e-006,-3.01285e-005
4967.79,-1.52327e-005,-1.81769e-005
4968.79,-2.83382e-005,-9.92432e-006
4969.79,-2.43211e-005,-1.05606e-005
4970.79,-6.88026e-006,-1.74408e-005
4971.79,-2.18315e-007,-1.43781e-005
4972.79,-6.66195e-006,-3.06275e-006
4973.79,-7.71614e-006,3.28107e-006
4974.78,-6.98007e-006,-5.07132e-006
4975.78,-2.0304e-005,-1.11968e-005
4976.78,-3.57362e-005,-4.63469e-006
4977.78,-3.07647e-005,7.54755e-007
4978.78,-1.22697e-005,-1.24693e-005
4979.78,4.21675e-006,-2.53753e-005
4980.78,1.44779e-005,-1.25878e-005
4981.78,1.96677e-005,7.1797e-006
4982.78,2.96107e-005,1.79586e-005
4983.78,3.89175e-005,2.47203e-005
4984.78,4.25167e-005,3.4445e-005
4985.78,4.58976e-005,2.97917e-005
4986.78,4.56793e-005,1.54136e-005
4987.78,3.27733e-005,-1.07288e-006
4988.78,1.24693e-005,-1.22697e-005
4989.78,-1.49082e-006,-2.24123e-005
4990.78,-4.13563e-006,-2.61114e-005
4991.78,8.35873e-007,-2.07219e-005
4992.78,4.11694e-006,-1.30058e-005
4993.78,-2.32669e-006,-1.69044e-006
4994.78,-5.38945e-006,4.97151e-006
4995.78,6.36252e-007,4.01713e-006
4996.78,6.76176e-006,-9.30677e-006
4997.78,6.54344e-006,-2.36848e-005
4998.78,5.17113e-006,-1.93496e-005
4999.78,8.77032e-006,-9.62489e-006
5000.78,1.406e-005,-2.22688e-006
5001.78,1.90315e-005,3.16257e-006
5002.78,1.96677e-005,7.1797e-006
5003.78,1.87133e-005,1.154e-006
5004.78,1.51141e-005,-8.5707e-006
5005.78,3.69901e-006,-2.64482e-006
5006.78,-4.11694e-006,1.30058e-005
5007.78,-3.79882e-006,1.50143e-005
5008.78,-6.0257e-006,9.54377e-007
5009.78,-1.56506e-005,-7.81595e-006
5010.78,-2.56934e-005,-6.22532e-006
5011.78,-2.27305e-005,-5.17748e-007
5012.78,-6.44363e-006,1.13153e-005
5013.78,5.09001e-006,3.2137e-005
5014.78,-7.1737e-007,4.74695e-005
5015.77,-9.70601e-006,4.27163e-005
5016.77,-5.17113e-006,1.93496e-005
5017.77,-3.18126e-007,-2.00857e-006
5018.77,-3.91732e-006,-1.17333e-005
5019.77,-8.88883e-006,-1.71227e-005
5020.77,-5.50795e-006,-2.17761e-005
5021.77,-2.54501e-006,-1.60685e-005
5022.77,2.32669e-006,1.69044e-006
5023.77,8.25258e-006,1.31056e-005
5024.77,4.33526e-006,1.37231e-006
5025.77,-2.18315e-007,-1.43781e-005
5026.77,-1.90875e-006,-1.20514e-005
5027.77,-2.10838e-006,1.26876e-005
5028.77,-1.46775e-005,3.73269e-005
5029.77,-2.87375e-005,3.95538e-005
5030.77,-2.5893e-005,1.85137e-005
5031.77,-1.2725e-006,-8.03426e-006
5032.77,2.29301e-005,-2.42213e-005
5033.77,3.17004e-005,-3.38462e-005
5034.77,2.93737e-005,-3.55366e-005
5035.77,2.66291e-005,-2.68661e-005
5036.77,2.00857e-005,-3.18126e-006
5037.77,1.99858e-005,9.18826e-006
5038.77,1.93496e-005,5.17113e-006
5039.77,7.71614e-006,-3.28107e-006
5040.77,-8.98864e-006,-4.75319e-006
5041.77,-1.37418e-005,4.23545e-006
5042.77,-2.84444e-006,2.104e-005
5043.77,1.57691e-005,3.45636e-005
5044.77,2.87749e-005,3.86805e-005
5045.77,2.64482e-005,3.69901e-005
5046.77,1.5451e-005,3.2555e-005
5047.77,1.28061e-005,2.8856e-005
5048.77,2.02042e-005,2.35663e-005
5049.77,2.39032e-005,2.09215e-005
5050.77,2.52755e-005,1.65863e-005
5051.77,2.83382e-005,9.92432e-006
5052.77,2.70657e-005,1.89006e-006
5053.77,1.97675e-005,-5.18982e-006
5054.77,1.34237e-005,-6.24401e-006
5055.77,1.34237e-005,-6.24401e-006
5056.77,1.63866e-005,-5.36441e-007
5057.76,2.16763e-005,6.86157e-006
5058.76,2.0304e-005,1.11968e-005
5059.76,1.09972e-005,4.43507e-006
5060.76,3.06275e-006,-6.66195e-006
5061.76,9.7247e-006,-3.59919e-006
5062.76,2.56934e-005,6.22532e-006
5063.76,2.46392e-005,1.25691e-005
5064.76,1.90875e-006,1.20514e-005
5065.76,-2.25122e-005,1.38603e-005
5066.76,-2.8856e-005,1.28061e-005
5067.76,-1.55321e-005,1.89317e-005
5068.76,6.46233e-006,2.78018e-005
5069.76,1.81956e-005,2.38845e-005
5070.76,1.39601e-005,1.01426e-005
5071.76,6.98007e-006,5.07132e-006
5072.76,8.67051e-006,2.74463e-006
5073.76,7.07988e-006,-7.2982e-006
5074.76,-1.08974e-005,-1.68046e-005
5075.76,-3.42641e-005,-2.13395e-005
5076.76,-3.69089e-005,-2.50385e-005
5077.76,-2.84567e-005,-3.66719e-005
5078.76,-2.33854e-005,-4.3652e-005
5079.76,-1.67235e-005,-4.05892e-005
5080.76,-4.77189e-006,-3.01285e-005
5081.76,1.47212e-006,-1.67048e-005
5082.76,-2.64482e-006,-3.69901e-006
5083.76,-8.4522e-006,1.16335e-005
5084.76,-5.90719e-006,2.7702e-005
5085.76,-6.32513e-006,3.80629e-005
5086.76,-1.46775e-005,3.73269e-005
5087.76,-1.72225e-005,2.12583e-005
5088.76,-1.0361e-005,-4.17937e-007
5089.76,9.9811e-008,-1.23695e-005
5090.76,3.79882e-006,-1.50143e-005
5091.76,-9.54377e-007,-6.0257e-006
5092.76,-4.75319e-006,8.98864e-006
5093.76,-5.17113e-006,1.93496e-005
5094.76,-8.13407e-006,1.3642e-005
5095.76,-1.88132e-005,1.12155e-005
5096.75,-2.85379e-005,1.48147e-005
5097.75,-3.31912e-005,1.14338e-005
5098.75,-2.78018e-005,6.46233e-006
5099.75,-2.00857e-005,3.18126e-006
5100.75,-2.24123e-005,1.49082e-006
5101.75,-1.97675e-005,5.18982e-006
5102.75,-2.10838e-006,1.26876e-005
5103.75,1.08974e-005,1.68046e-005
5104.75,1.08974e-005,1.68046e-005
5105.75,1.19516e-005,1.04608e-005
5106.75,1.37418e-005,-4.23545e-006
5107.75,1.47212e-006,-1.67048e-005
5108.75,-1.12155e-005,-1.88132e-005
5109.75,-2.15765e-005,-1.92311e-005
5110.75,-2.76022e-005,-1.82767e-005
5111.75,-2.52755e-005,-1.65863e-005
5112.75,-1.53325e-005,-5.80738e-006
5113.75,-1.34237e-005,6.24401e-006
5114.75,-2.00857e-005,3.18126e-006
5115.75,-1.82954e-005,-1.1515e-005
5116.75,-5.50795e-006,-2.17761e-005
5117.75,2.20819e-006,-2.50572e-005
5118.75,8.35873e-007,-2.07219e-005
5119.75,1.69044e-006,-2.32669e-006
5120.75,1.90875e-006,1.20514e-005
5121.75,-1.47212e-006,1.67048e-005
5122.75,-1.47212e-006,1.67048e-005
5123.75,1.86135e-005,1.35235e-005
5124.75,3.94353e-005,1.98987e-006
5125.75,3.78446e-005,-8.05295e-006
5126.75,2.20942e-005,-3.49938e-006
5127.75,1.96677e-005,7.1797e-006
5128.75,3.03468e-005,9.6062e-006
5129.75,2.73839e-005,3.89863e-006
5130.75,1.13153e-005,6.44363e-006
5131.75,2.54501e-006,1.60685e-005
5132.75,7.19839e-006,1.94494e-005
5133.75,8.25258e-006,1.31056e-005
5134.75,-2.32669e-006,-1.69044e-006
5135.75,-1.89317e-005,-1.55321e-005
5136.75,-2.55936e-005,-1.85948e-005
5137.75,-1.3642e-005,-8.13407e-006
5138.74,8.67051e-006,2.74463e-006
5139.74,1.96677e-005,7.1797e-006
5140.74,1.13153e-005,6.44363e-006
5141.74,-6.36252e-007,-4.01713e-006
5142.74,-6.56214e-006,-1.54323e-005
5143.74,-1.2906e-005,-1.64865e-005
5144.74,-1.82954e-005,-1.1515e-005
5145.74,-1.06791e-005,-2.4265e-006
5146.74,-9.9811e-008,1.23695e-005
5147.74,-2.84444e-006,2.104e-005
5148.74,-1.41598e-005,1.45964e-005
5149.74,-1.14151e-005,5.92589e-006
5150.74,9.54377e-007,6.0257e-006
5151.74,6.24401e-006,1.34237e-005
5152.74,-3.16257e-006,1.90315e-005
5153.74,-2.49387e-005,2.45394e-005
5154.74,-3.66719e-005,2.84567e-005
5155.74,-3.3291e-005,2.38034e-005
5156.74,-1.4796e-005,1.05793e-005
5157.74,3.28107e-006,7.71614e-006
5158.74,2.18946e-005,2.12397e-005
5159.74,2.91928e-005,2.83195e-005
5160.74,3.08832e-005,2.59928e-005
5161.74,3.93354e-005,1.43594e-005
5162.74,4.17619e-005,3.68031e-006
5163.74,3.2137e-005,-5.09001e-006
5164.74,1.64865e-005,-1.2906e-005
5165.74,1.1097e-005,-7.93445e-006
5166.74,1.50143e-005,3.79882e-006
5167.74,2.32669e-005,1.69044e-005
5168.74,2.39032e-005,2.09215e-005
5169.74,1.81956e-005,2.38845e-005
5170.74,1.65052e-005,2.62112e-005
5171.74,9.20695e-006,1.91313e-005
5172.74,3.18126e-007,2.00857e-006
5173.74,-1.02611e-005,-1.27875e-005
5174.74,-1.89317e-005,-1.55321e-005
5175.74,-2.12583e-005,-1.72225e-005
5176.74,-1.72412e-005,-1.78588e-005
5177.74,-7.2982e-006,-7.07988e-006
5178.74,7.2982e-006,7.07988e-006
5179.73,1.79773e-005,9.50639e-006
5180.73,1.7341e-005,5.48926e-006
5181.73,5.28963e-006,7.39801e-006
5182.73,-3.79882e-006,1.50143e-005
5183.73,-4.21675e-006,2.53753e-005
5184.73,-1.57194e-006,2.90743e-005
5185.73,5.18982e-006,1.97675e-005
5186.73,1.00428e-005,-1.59063e-006
5187.73,5.17113e-006,-1.93496e-005
5188.73,-2.86313e-006,-1.80771e-005
5189.73,-1.3642e-005,-8.13407e-006
5190.73,-2.13582e-005,-4.853e-006
5191.73,-2.43211e-005,-1.05606e-005
5192.73,-2.16763e-005,-6.86157e-006
5193.73,-1.406e-005,2.22688e-006
5194.73,-9.54377e-007,-6.0257e-006
5195.73,7.49782e-006,-1.76592e-005
5196.73,1.35235e-005,-1.86135e-005
5197.73,1.55321e-005,-1.89317e-005
5198.73,1.85948e-005,-2.55936e-005
5199.73,2.22938e-005,-2.82384e-005
5200.73,2.35663e-005,-2.02042e-005
5201.73,1.11968e-005,-2.0304e-005
5202.73,-5.72626e-006,-3.61542e-005
5203.73,-7.95314e-006,-5.02141e-005
5204.73,-4.9902e-006,-4.45066e-005
5205.73,-1.88318e-005,-2.79016e-005
5206.73,-3.0247e-005,-2.19757e-005
5207.73,-2.08404e-005,-2.75835e-005
5208.73,-1.07288e-006,-3.27733e-005
5209.73,1.33052e-005,-3.29916e-005
5210.73,2.2612e-005,-2.62299e-005
5211.73,1.91313e-005,-9.20695e-006
5212.73,1.26876e-005,2.10838e-006
5213.73,1.50143e-005,3.79882e-006
5214.73,2.30486e-005,2.52631e-006
5215.73,2.50572e-005,2.20819e-006
5216.73,1.7759e-005,-4.8717e-006
5217.73,2.4265e-006,-1.06791e-005
5218.73,-4.23545e-006,-1.37418e-005
5219.73,-1.49082e-006,-2.24123e-005
5220.73,-5.09001e-006,-3.2137e-005
5221.72,-1.85137e-005,-2.5893e-005
5222.72,-3.03468e-005,-9.6062e-006
5223.72,-3.1401e-005,-3.26238e-006
5224.72,-1.67048e-005,-1.47212e-006
5225.72,8.5707e-006,1.51141e-005
5226.72,2.47577e-005,3.93167e-005
5227.72,2.00045e-005,4.83054e-005
5228.72,9.74339e-006,3.55179e-005
5229.72,3.18126e-006,2.00857e-005
5230.72,-1.47212e-006,1.67048e-005
5231.72,1.17269e-006,2.04038e-005
5232.72,8.47089e-006,2.74837e-005
5233.72,1.34424e-005,3.28731e-005
5234.72,1.88318e-005,2.79016e-005
5235.72,1.96677e-005,7.1797e-006
5236.72,6.44363e-006,-1.13153e-005
5237.72,-7.19839e-006,-1.94494e-005
5238.72,-9.84321e-006,-2.31484e-005
5239.72,-6.88026e-006,-1.74408e-005
5240.72,2.00857e-006,-3.18126e-007
5241.72,5.92589e-006,1.14151e-005
5242.72,5.92589e-006,1.14151e-005
5243.72,3.28107e-006,7.71614e-006
5244.72,-6.34382e-006,-1.05419e-006
5245.72,-1.62868e-005,-1.18331e-005
5246.72,-2.18946e-005,-2.12397e-005
5247.72,-2.45394e-005,-2.49387e-005
5248.72,-2.22127e-005,-2.32482e-005
5249.72,-1.45964e-005,-1.41598e-005
5250.72,2.00857e-006,-3.18126e-007
5251.72,1.70229e-005,3.48069e-006
5252.72,1.68046e-005,-1.08974e-005
5253.72,5.90719e-006,-2.7702e-005
5254.72,-9.20695e-006,-1.91313e-005
5255.72,-2.07219e-005,-8.35873e-007
5256.72,-1.97675e-005,5.18982e-006
5257.72,-1.56506e-005,-7.81595e-006
5258.72,-1.2488e-005,-2.68474e-005
5259.71,-5.72626e-006,-3.61542e-005
5260.71,7.37932e-006,-4.44068e-005
5261.71,1.50955e-005,-4.76878e-005
5262.71,1.49956e-005,-3.53183e-005
5263.71,1.38416e-005,-1.6605e-005
5264.71,1.44779e-005,-1.25878e-005
5265.71,1.8495e-005,-1.32241e-005
5266.71,2.00857e-005,-3.18126e-006
5267.71,1.99858e-005,9.18826e-006
5268.71,1.16335e-005,8.4522e-006
5269.71,-9.54377e-007,-6.0257e-006
5270.71,-7.93445e-006,-1.1097e-005
5271.71,-1.90875e-006,-1.20514e-005
5272.71,3.48069e-006,-1.70229e-005
5273.71,-6.1442e-006,-2.57932e-005
5274.71,-1.35422e-005,-2.05036e-005
5275.71,-2.96294e-006,-5.70757e-006
5276.71,1.90875e-006,1.20514e-005
5277.71,-1.2251e-005,2.66478e-005
5278.71,-3.26548e-005,2.78205e-005
5279.71,-3.45636e-005,1.57691e-005
5280.71,-2.98104e-005,6.78045e-006
5281.71,-3.2137e-005,5.09001e-006
5282.71,-3.41456e-005,5.40814e-006
5283.71,-2.11398e-005,9.52508e-006
5284.71,-4.11694e-006,1.30058e-005
5285.71,2.18315e-007,1.43781e-005
5286.71,-3.48069e-006,1.70229e-005
5287.71,-8.87014e-006,2.19944e-005
5288.71,-1.35235e-005,1.86135e-005
5289.71,-1.51141e-005,8.5707e-006
5290.71,-1.56506e-005,-7.81595e-006
5291.71,-1.89317e-005,-1.55321e-005
5292.71,-1.96677e-005,-7.1797e-006
5293.71,-6.12551e-006,1.33239e-005
5294.71,3.49938e-006,2.20942e-005
5295.71,3.49938e-006,2.20942e-005
5296.71,1.58689e-005,2.2194e-005
5297.71,3.79631e-005,1.86946e-005
5298.71,4.44068e-005,7.37932e-006
5299.71,2.87562e-005,-4.36629e-007
5300.71,1.06791e-005,2.4265e-006
5301.71,5.18982e-006,1.97675e-005
5302.7,1.00615e-005,3.75265e-005
5303.7,1.71414e-005,3.02283e-005
5304.7,2.13582e-005,4.853e-006
5305.7,2.5893e-005,-1.85137e-005
5306.7,3.23367e-005,-2.9829e-005
5307.7,3.3291e-005,-2.38034e-005
5308.7,2.31484e-005,-9.84321e-006
5309.7,1.43781e-005,-2.18315e-007
5310.7,1.09972e-005,4.43507e-006
5311.7,7.71614e-006,-3.28107e-006
5312.7,6.86157e-006,-2.16763e-005
5313.7,9.28807e-006,-3.23554e-005
5314.7,1.25691e-005,-2.46392e-005
5315.7,1.74408e-005,-6.88026e-006
5316.7,2.50572e-005,2.20819e-006
5317.7,2.61114e-005,-4.13563e-006
5318.7,2.01855e-005,-1.55508e-005
5319.7,9.50639e-006,-1.79773e-005
5320.7,1.79025e-006,-1.46962e-005
5321.7,-1.17269e-006,-2.04038e-005
5322.7,-7.4167e-006,-3.38275e-005
5323.7,-1.67235e-005,-4.05892e-005
5324.7,-1.94681e-005,-3.19187e-005
5325.7,-7.51651e-006,-2.1458e-005
5326.7,5.48926e-006,-1.7341e-005
5327.7,6.86157e-006,-2.16763e-005
5328.7,-2.12707e-006,-2.64295e-005
5329.7,-9.52508e-006,-2.11398e-005
5330.7,-1.13153e-005,-6.44363e-006
5331.7,-6.0257e-006,9.54377e-007
5332.7,6.34382e-006,1.05419e-006
5333.7,1.63866e-005,-5.36441e-007
5334.7,1.30058e-005,4.11694e-006
5335.7,-1.79025e-006,1.46962e-005
5336.7,-3.16257e-006,1.90315e-005
5337.7,8.5707e-006,1.51141e-005
5338.7,2.23125e-005,1.08787e-005
5339.7,3.06649e-005,1.16148e-005
5340.7,2.49574e-005,1.45777e-005
5341.7,5.50795e-006,2.17761e-005
5342.7,-1.08787e-005,2.23125e-005
5343.69,-1.1097e-005,7.93445e-006
5344.69,-1.90875e-006,-1.20514e-005
5345.69,3.48069e-006,-1.70229e-005
5346.69,4.11694e-006,-1.30058e-005
5347.69,-3.28107e-006,-7.71614e-006
5348.69,-1.406e-005,2.22688e-006
5349.69,-9.40658e-006,5.60776e-006
5350.69,9.40658e-006,-5.60776e-006
5351.69,2.8856e-005,-1.28061e-005
5352.69,3.55179e-005,-9.74339e-006
5353.69,2.4739e-005,1.99622e-007
5354.69,9.62489e-006,8.77032e-006
5355.69,1.59063e-006,1.00428e-005
5356.69,3.18126e-007,2.00857e-006
5357.69,-2.18315e-007,-1.43781e-005
5358.69,-2.86313e-006,-1.80771e-005
5359.69,6.44363e-006,-1.13153e-005
5360.69,1.98673e-005,-1.75593e-005
5361.69,2.3348e-005,-3.45822e-005
5362.69,1.83765e-005,-3.99717e-005
5363.69,1.5214e-005,-2.09402e-005
5364.69,1.60685e-005,-2.54501e-006
5365.69,1.26876e-005,2.10838e-006
5366.69,7.2982e-006,7.07988e-006
5367.69,4.8717e-006,1.7759e-005
5368.69,6.88026e-006,1.74408e-005
5369.69,3.91732e-006,1.17333e-005
5370.69,5.60776e-006,9.40658e-006
5371.69,1.45964e-005,1.41598e-005
5372.69,2.79203e-005,2.02853e-005
5373.69,3.19374e-005,1.9649e-005
5374.69,3.13012e-005,1.56319e-005
5375.69,2.70657e-005,1.89006e-006
5376.69,2.62112e-005,-1.65052e-005
5377.69,2.36662e-005,-3.25737e-005
5378.69,1.69044e-005,-2.32669e-005
5379.69,6.0257e-006,-9.54377e-007
5380.69,-6.12551e-006,1.33239e-005
5381.69,-9.08845e-006,7.61633e-006
5382.69,-4.33526e-006,-1.37231e-006
5383.69,-0,0
5384.68,-6.0257e-006,9.54377e-007
5385.68,-1.0361e-005,-4.17937e-007
5386.68,1.05419e-006,-6.34382e-006
5387.68,2.05036e-005,-1.35422e-005
5388.68,2.01855e-005,-1.55508e-005
5389.68,-2.64482e-006,-3.69901e-006
5390.68,-2.2194e-005,1.58689e-005
5391.68,-1.82767e-005,2.76022e-005
5392.68,-3.89863e-006,2.73839e-005
5393.68,4.23545e-006,1.37418e-005
5394.68,1.05419e-006,-6.34382e-006
5395.68,1.25381e-006,-3.10829e-005
5396.68,1.10783e-005,-4.70516e-005
5397.68,1.46775e-005,-3.73269e-005
5398.68,1.04608e-005,-1.19516e-005
5399.68,9.30677e-006,6.76176e-006
5400.68,1.2725e-006,8.03426e-006
5401.68,-1.46962e-005,-1.79025e-006
5402.68,-2.7284e-005,-1.62681e-005
5403.68,-2.14767e-005,-3.16006e-005
5404.68,-4.67207e-006,-4.2498e-005
5405.68,3.36219e-006,-4.37705e-005
5406.68,1.89006e-006,-2.70657e-005
5407.68,1.37231e-006,-4.33526e-006
5408.68,-1.37231e-006,4.33526e-006
5409.68,-1.04608e-005,1.19516e-005
5410.68,-2.18759e-005,1.78775e-005
5411.68,-3.02283e-005,1.71414e-005
5412.68,-3.04466e-005,2.76332e-006
5413.68,-2.0304e-005,-1.11968e-005
5414.68,-1.65052e-005,-2.62112e-005
5415.68,-2.17948e-005,-3.36092e-005
5416.68,-1.34424e-005,-3.28731e-005
5417.68,4.53488e-006,-2.33667e-005
5418.68,1.01426e-005,-1.39601e-005
5419.68,1.60685e-005,-2.54501e-006
5420.68,2.73839e-005,3.89863e-006
5421.68,3.54181e-005,2.62612e-006
5422.68,2.73839e-005,3.89863e-006
5423.68,7.61633e-006,9.08845e-006
5424.67,-1.54323e-005,6.56214e-006
5425.67,-3.10829e-005,-1.25381e-006
5426.67,-2.94922e-005,8.78902e-006
5427.67,-1.36233e-005,3.0983e-005
5428.67,4.9902e-006,4.45066e-005
5429.67,2.2431e-005,3.76263e-005
5430.67,3.86992e-005,1.03423e-005
5431.67,4.66149e-005,-1.76778e-005
5432.67,3.86805e-005,-2.87749e-005
5433.67,1.58502e-005,-1.69231e-005
5434.67,-8.03426e-006,1.2725e-006
5435.67,-1.63866e-005,5.36441e-007
5436.67,-5.60776e-006,-9.40658e-006
5437.67,8.77032e-006,-9.62489e-006
5438.67,1.0361e-005,4.17937e-007
5439.67,-8.77032e-006,9.62489e-006
5440.67,-3.2555e-005,1.5451e-005
5441.67,-4.49245e-005,1.53512e-005
5442.67,-3.28731e-005,1.34424e-005
5443.67,-1.07789e-005,9.94302e-006
5444.67,9.62489e-006,8.77032e-006
5445.67,2.29488e-005,1.48958e-005
5446.67,2.12583e-005,1.72225e-005
5447.67,1.42783e-005,1.21512e-005
5448.67,1.33239e-005,6.12551e-006
5449.67,1.67048e-005,1.47212e-006
5450.67,2.00857e-005,-3.18126e-006
5451.67,2.94922e-005,-8.78902e-006
5452.67,4.52426e-005,-1.33426e-005
5453.67,4.89416e-005,-1.59874e-005
5454.67,3.65721e-005,-1.60872e-005
5455.67,2.55749e-005,-2.05223e-005
5456.67,2.29301e-005,-2.42213e-005
5457.67,1.64865e-005,-1.2906e-005
5458.67,2.32669e-006,1.69044e-006
5459.67,-1.71227e-005,8.88883e-006
5460.67,-2.57932e-005,6.1442e-006
5461.67,-1.83952e-005,8.54566e-007
5462.67,-4.97151e-006,-5.38945e-006
5463.67,-2.18315e-007,-1.43781e-005
5464.67,-4.55357e-006,-1.57504e-005
5465.67,-1.51141e-005,8.5707e-006
5466.66,-2.7047e-005,3.72271e-005
5467.66,-4.00528e-005,3.31101e-005
5468.66,-4.01713e-005,6.36252e-006
5469.66,-2.90743e-005,-1.57194e-006
5470.66,-1.44779e-005,1.25878e-005
5471.66,8.88883e-006,1.71227e-005
5472.66,3.54181e-005,2.62612e-006
5473.66,4.99958e-005,-2.23312e-005
5474.66,3.90984e-005,-3.91358e-005
5475.66,1.93309e-005,-3.3946e-005
5476.66,4.21675e-006,-2.53753e-005
5477.66,9.35684e-007,-3.30914e-005
5478.66,4.63469e-006,-3.57362e-005
5479.66,9.82451e-006,-1.59687e-005
5480.66,2.96294e-006,5.70757e-006
5481.66,-3.38088e-006,4.65338e-006
5482.66,-3.59919e-006,-9.7247e-006
5483.66,-5.36441e-007,-1.63866e-005
5484.66,-5.92589e-006,-1.14151e-005
5485.66,-4.65338e-006,-3.38088e-006
5486.66,4.97151e-006,5.38945e-006
5487.66,1.25878e-005,1.44779e-005
5488.66,3.91732e-006,1.17333e-005
5489.66,-1.67048e-005,-1.47212e-006
5490.66,-2.92926e-005,-1.595e-005
5491.66,-2.18946e-005,-2.12397e-005
5492.66,-1.52327e-005,-1.81769e-005
5493.66,-1.69231e-005,-1.58502e-005
5494.66,-2.32669e-005,-1.69044e-005
5495.66,-2.52755e-005,-1.65863e-005
5496.66,-1.79773e-005,-9.50639e-006
5497.66,-4.33526e-006,-1.37231e-006
5498.66,-7.36062e-007,8.35239e-006
5499.66,-1.38416e-005,1.6605e-005
5500.66,-2.12397e-005,2.18946e-005
5501.66,-1.25691e-005,2.46392e-005
5502.66,-1.99622e-007,2.4739e-005
5503.66,1.3642e-005,8.13407e-006
5504.66,3.19187e-005,-1.94681e-005
5505.66,4.20614e-005,-3.34282e-005
5506.66,3.12825e-005,-2.34852e-005
5507.65,1.4796e-005,-1.05793e-005
5508.65,3.79882e-006,-1.50143e-005
5509.65,-2.12707e-006,-2.64295e-005
5510.65,-5.82607e-006,-2.37847e-005
5511.65,-1.2725e-006,-8.03426e-006
5512.65,1.90875e-006,1.20514e-005
5513.65,-3.79882e-006,1.50143e-005
5514.65,-2.32669e-006,-1.69044e-006
5515.65,1.78588e-005,-1.72412e-005
5516.65,3.59359e-005,-2.01043e-005
5517.65,3.05464e-005,-1.51328e-005
5518.65,1.1097e-005,-7.93445e-006
5519.65,-6.66195e-006,-3.06275e-006
5520.65,-2.36848e-005,-6.54344e-006
5521.65,-3.36279e-005,-1.73223e-005
5522.65,-2.95109e-005,-3.03281e-005
5523.65,-1.81956e-005,-2.38845e-005
5524.65,-1.16335e-005,-8.4522e-006
5525.65,-1.26876e-005,-2.10838e-006
5526.65,-1.30058e-005,-4.11694e-006
5527.65,-0,0
5528.65,1.59687e-005,9.82451e-006
5529.65,2.52755e-005,1.65863e-005
5530.65,2.06221e-005,1.32054e-005
5531.65,1.16335e-005,8.4522e-006
5532.65,8.5707e-006,1.51141e-005
5533.65,1.80894e-006,2.44209e-005
5534.65,-1.33052e-005,3.29916e-005
5535.65,-2.59928e-005,3.08832e-005
5536.65,-2.9592e-005,2.11585e-005
5537.65,-2.34665e-005,7.83464e-006
5538.65,-6.66195e-006,-3.06275e-006
5539.65,1.54323e-005,-6.56214e-006
5540.65,2.42026e-005,-1.6187e-005
5541.65,9.92432e-006,-2.83382e-005
5542.65,-6.78045e-006,-2.98104e-005
5543.65,-1.21699e-005,-2.48388e-005
5544.65,-6.46233e-006,-2.78018e-005
5545.65,-7.73483e-006,-3.58361e-005
5546.65,-1.1752e-005,-3.51998e-005
5547.65,-7.83464e-006,-2.34665e-005
5548.64,7.07988e-006,-7.2982e-006
5549.64,1.33239e-005,6.12551e-006
5550.64,2.64482e-006,3.69901e-006
5551.64,-8.98864e-006,-4.75319e-006
5552.64,-1.59687e-005,-9.82451e-006
5553.64,-2.0304e-005,-1.11968e-005
5554.64,-2.36848e-005,-6.54344e-006
5555.64,-1.94494e-005,7.19839e-006
5556.64,-7.1797e-006,1.96677e-005
5557.64,8.54566e-007,1.83952e-005
5558.64,-1.05419e-006,6.34382e-006
5559.64,-3.28107e-006,-7.71614e-006
5560.64,-5.36441e-007,-1.63866e-005
5561.64,4.53488e-006,-2.33667e-005
5562.64,8.23388e-006,-2.60115e-005
5563.64,1.28873e-005,-2.26307e-005
5564.64,1.32054e-005,-2.06221e-005
5565.64,-8.5707e-006,-1.51141e-005
5566.64,-3.67904e-005,1.70913e-006
5567.64,-4.49245e-005,1.53512e-005
5568.64,-2.68474e-005,1.2488e-005
5569.64,-1.1097e-005,7.93445e-006
5570.64,-1.27875e-005,1.02611e-005
5571.64,-1.75406e-005,1.92498e-005
5572.64,-1.92311e-005,2.15765e-005
5573.64,-1.44779e-005,1.25878e-005
5574.64,2.00857e-006,-3.18126e-007
5575.64,2.31484e-005,-9.84321e-006
5576.64,3.08645e-005,-1.31243e-005
5577.64,2.37847e-005,-5.82607e-006
5578.64,1.6605e-005,1.38416e-005
5579.64,5.18982e-006,1.97675e-005
5580.64,-1.07789e-005,9.94302e-006
5581.64,-1.88132e-005,1.12155e-005
5582.64,-1.1515e-005,1.82954e-005
5583.64,-7.07988e-006,7.2982e-006
5584.64,-6.24401e-006,-1.34237e-005
5585.64,-4.55357e-006,-1.57504e-005
5586.64,1.05419e-006,-6.34382e-006
5587.64,6.44363e-006,-1.13153e-005
5588.63,-1.80894e-006,-2.44209e-005
5589.63,-1.89317e-005,-1.55321e-005
5590.63,-3.2137e-005,5.09001e-006
5591.63,-3.41456e-005,5.40814e-006
5592.63,-2.46392e-005,-1.25691e-005
5593.63,-1.21699e-005,-2.48388e-005
5594.63,4.21675e-006,-2.53753e-005
5595.63,2.22938e-005,-2.82384e-005
5596.63,3.29729e-005,-2.58119e-005
5597.63,2.65293e-005,-1.44966e-005
5598.63,7.71614e-006,-3.28107e-006
5599.63,-1.20514e-005,1.90875e-006
5600.63,-1.97675e-005,5.18982e-006
5601.63,-2.00857e-005,3.18126e-006
5602.63,-2.33667e-005,-4.53488e-006
5603.63,-2.13582e-005,-4.853e-006
5604.63,-1.67048e-005,-1.47212e-006
5605.63,-1.87133e-005,-1.154e-006
5606.63,-1.54323e-005,6.56214e-006
5607.63,-6.54344e-006,2.36848e-005
5608.63,3.18126e-006,2.00857e-005
5609.63,-1.90875e-006,-1.20514e-005
5610.63,-6.36252e-006,-4.01713e-005
5611.63,-4.03582e-006,-3.84809e-005
5612.63,-4.8717e-006,-1.7759e-005
5613.63,-6.0257e-006,9.54377e-007
5614.63,1.2725e-006,8.03426e-006
5615.63,6.56214e-006,1.54323e-005
5616.63,4.8717e-006,1.7759e-005
5617.63,-1.79025e-006,1.46962e-005
5618.63,-8.55201e-006,2.4003e-005
5619.63,-1.46775e-005,3.73269e-005
5620.63,-1.79586e-005,2.96107e-005
5621.63,-2.28303e-005,1.18518e-005
5622.63,-2.94922e-005,8.78902e-006
5623.63,-2.92739e-005,2.31671e-005
5624.63,-2.40841e-005,4.29346e-005
5625.63,-1.10783e-005,4.70516e-005
5626.63,-5.90719e-006,2.7702e-005
5627.63,-1.34237e-005,6.24401e-006
5628.63,-1.57504e-005,4.55357e-006
5629.63,-1.34237e-005,6.24401e-006
5630.63,-1.46962e-005,-1.79025e-006
5631.62,-1.90315e-005,-3.16257e-006
5632.62,-1.91313e-005,9.20695e-006
5633.62,-2.49387e-005,2.45394e-005
5634.62,-2.92739e-005,2.31671e-005
5635.62,-2.20942e-005,3.49938e-006
5636.62,-6.98007e-006,-5.07132e-006
5637.62,1.67048e-005,1.47212e-006
5638.62,3.37277e-005,4.95282e-006
5639.62,3.94353e-005,1.98987e-006
5640.62,3.34095e-005,2.94425e-006
5641.62,2.4739e-005,1.99622e-007
5642.62,7.71614e-006,-3.28107e-006
5643.62,-1.00428e-005,1.59063e-006
5644.62,-1.7759e-005,4.8717e-006
5645.62,-1.57504e-005,4.55357e-006
5646.62,-1.64865e-005,1.2906e-005
5647.62,-3.2555e-005,1.5451e-005
5648.62,-3.98532e-005,8.37108e-006
5649.62,-2.53753e-005,-4.21675e-006
5650.62,-5.92589e-006,-1.14151e-005
5651.62,7.81595e-006,-1.56506e-005
5652.62,1.35235e-005,-1.86135e-005
5653.62,5.48926e-006,-1.7341e-005
5654.62,-8.25258e-006,-1.31056e-005
5655.62,-7.93445e-006,-1.1097e-005
5656.62,-8.54566e-007,-1.83952e-005
5657.62,5.90719e-006,-2.7702e-005
5658.62,1.62681e-005,-2.7284e-005
5659.62,2.9592e-005,-2.11585e-005
5660.62,3.81627e-005,-6.04439e-006
5661.62,3.43639e-005,8.96995e-006
5662.62,2.12583e-005,1.72225e-005
5663.62,2.54501e-006,1.60685e-005
5664.62,-1.44779e-005,1.25878e-005
5665.62,-2.62112e-005,1.65052e-005
5666.62,-2.43024e-005,2.85565e-005
5667.62,-2.90556e-005,3.75452e-005
5668.62,-3.17004e-005,3.38462e-005
5669.62,-1.25691e-005,2.46392e-005
5670.61,1.12155e-005,1.88132e-005
5671.61,1.82954e-005,1.1515e-005
5672.61,1.63866e-005,-5.36441e-007
5673.61,1.5214e-005,-2.09402e-005
5674.61,1.29871e-005,-3.50002e-005
5675.61,1.16148e-005,-3.06649e-005
5676.61,1.21512e-005,-1.42783e-005
5677.61,1.00428e-005,-1.59063e-006
5678.61,3.38088e-006,-4.65338e-006
5679.61,-2.18315e-007,-1.43781e-005
5680.61,5.48926e-006,-1.7341e-005
5681.61,1.54323e-005,-6.56214e-006
5682.61,2.73839e-005,3.89863e-006
5683.61,3.86992e-005,1.03423e-005
5684.61,3.90173e-005,1.23508e-005
5685.61,2.46392e-005,1.25691e-005
5686.61,3.91732e-006,1.17333e-005
5687.61,-9.40658e-006,5.60776e-006
5688.61,-1.43781e-005,2.18315e-007
5689.61,-1.30058e-005,-4.11694e-006
5690.61,-4.33526e-006,-1.37231e-006
5691.61,1.00428e-005,-1.59063e-006
5692.61,2.81199e-005,-4.45376e-006
5693.61,4.6197e-005,-7.31689e-006
5694.61,4.6197e-005,-7.31689e-006
5695.61,2.73839e-005,3.89863e-006
5696.61,6.56214e-006,1.54323e-005
5697.61,6.88026e-006,1.74408e-005
5698.61,1.22697e-005,1.24693e-005
5699.61,1.59063e-006,1.00428e-005
5700.61,-1.71227e-005,8.88883e-006
5701.61,-1.71227e-005,8.88883e-006
5702.61,-6.44363e-006,1.13153e-005
5703.61,-9.18826e-006,1.99858e-005
5704.61,-2.06034e-005,2.59117e-005
5705.61,-2.32482e-005,2.22127e-005
5706.61,-9.08845e-006,7.61633e-006
5707.61,8.03426e-006,-1.2725e-006
5708.61,1.7759e-005,-4.8717e-006
5709.6,9.08845e-006,-7.61633e-006
5710.6,3.69901e-006,-2.64482e-006
5711.6,4.33526e-006,1.37231e-006
5712.6,2.32669e-006,1.69044e-006
5713.6,-5.07132e-006,6.98007e-006
5714.6,-1.31056e-005,8.25258e-006
5715.6,-2.07219e-005,-8.35873e-007
5716.6,-2.97105e-005,-5.58907e-006
5717.6,-2.93924e-005,-3.5805e-006
5718.6,-1.26876e-005,-2.10838e-006
5719.6,9.40658e-006,-5.60776e-006
5720.6,1.68046e-005,-1.08974e-005
5721.6,4.11694e-006,-1.30058e-005
5722.6,-1.39601e-005,-1.01426e-005
5723.6,-2.24123e-005,1.49082e-006
5724.6,-1.64865e-005,1.2906e-005
5725.6,2.54501e-006,1.60685e-005
5726.6,1.79773e-005,9.50639e-006
5727.6,2.04038e-005,-1.17269e-006
5728.6,1.61683e-005,-1.49145e-005
5729.6,1.55321e-005,-1.89317e-005
5730.6,1.80771e-005,-2.86313e-006
5731.6,2.09402e-005,1.5214e-005
5732.6,1.86135e-005,1.35235e-005
5733.6,1.06791e-005,2.4265e-006
5734.6,-4.33526e-006,-1.37231e-006
5735.6,-1.16335e-005,-8.4522e-006
5736.6,-2.86313e-006,-1.80771e-005
5737.6,1.01426e-005,-1.39601e-005
5738.6,1.72412e-005,1.78588e-005
5739.6,2.09589e-005,5.43311e-005
5740.6,2.08591e-005,6.67006e-005
5741.6,6.89895e-006,5.6558e-005
5742.6,-5.27094e-006,3.17191e-005
5743.6,-4.75319e-006,8.98864e-006
5744.6,4.01713e-006,-6.36252e-007
5745.6,2.00857e-006,-3.18126e-007
5746.6,-6.34382e-006,-1.05419e-006
5747.6,-1.20514e-005,1.90875e-006
5748.6,-1.17333e-005,3.91732e-006
5749.6,-6.66195e-006,-3.06275e-006
5750.6,5.48926e-006,-1.7341e-005
5751.6,1.11968e-005,-2.0304e-005
5752.59,6.12551e-006,-1.33239e-005
5753.59,4.43507e-006,-1.09972e-005
5754.59,9.9811e-008,-1.23695e-005
5755.59,-1.55508e-005,-2.01855e-005
5756.59,-2.88747e-005,-2.6311e-005
5757.59,-1.88318e-005,-2.79016e-005
5758.59,5.58907e-006,-2.97105e-005
5759.59,2.80014e-005,-3.12014e-005
5760.59,3.69901e-005,-2.64482e-005
5761.59,3.22369e-005,-1.74595e-005
5762.59,2.25122e-005,-1.38603e-005
5763.59,1.65863e-005,-2.52755e-005
5764.59,1.36233e-005,-3.0983e-005
5765.59,5.80738e-006,-1.53325e-005
5766.59,-4.17937e-007,1.0361e-005
5767.59,-2.20819e-006,2.50572e-005
5768.59,1.80894e-006,2.44209e-005
5769.59,1.80894e-006,2.44209e-005
5770.59,-6.22532e-006,2.56934e-005
5771.59,-1.55321e-005,1.89317e-005
5772.59,-1.70229e-005,-3.48069e-006
5773.59,-1.15336e-005,-2.08217e-005
5774.59,-2.86313e-006,-1.80771e-005
5775.59,4.43507e-006,-1.09972e-005
5776.59,3.79882e-006,-1.50143e-005
5777.59,-7.83464e-006,-2.34665e-005
5778.59,-2.25309e-005,-2.52568e-005
5779.59,-2.96107e-005,-1.79586e-005
5780.59,-3.0983e-005,-1.36233e-005
5781.59,-2.97105e-005,-5.58907e-006
5782.59,-1.74408e-005,6.88026e-006
5783.59,2.22688e-006,1.406e-005
5784.59,1.30058e-005,4.11694e-006
5785.59,9.50639e-006,-1.79773e-005
5786.59,4.95282e-006,-3.37277e-005
5787.59,5.27094e-006,-3.17191e-005
5788.59,3.16257e-006,-1.90315e-005
5789.59,-8.25258e-006,-1.31056e-005
5790.59,-9.94302e-006,-1.07789e-005
5791.59,-9.30677e-006,-6.76176e-006
5792.59,-1.50143e-005,-3.79882e-006
5793.58,-2.81199e-005,4.45376e-006
5794.58,-3.45636e-005,1.57691e-005
5795.58,-3.88988e-005,1.43968e-005
5796.58,-3.94353e-005,-1.98987e-006
5797.58,-3.16193e-005,-1.76405e-005
5798.58,-2.3585e-005,-1.8913e-005
5799.58,-1.6605e-005,-1.38416e-005
5800.58,-7.93445e-006,-1.1097e-005
5801.58,7.36062e-007,-8.35239e-006
5802.58,4.43507e-006,-1.09972e-005
5803.58,5.17113e-006,-1.93496e-005
5804.58,3.89863e-006,-2.73839e-005
5805.58,1.57194e-006,-2.90743e-005
5806.58,-3.81751e-006,-2.41028e-005
5807.58,-1.09972e-005,-4.43507e-006
5808.58,-1.25691e-005,2.46392e-005
5809.58,-7.37932e-006,4.44068e-005
5810.58,3.36818e-007,4.11257e-005
5811.58,9.42527e-006,3.35094e-005
5812.58,2.22127e-005,2.32482e-005
5813.58,3.50002e-005,1.29871e-005
5814.58,3.83811e-005,8.33369e-006
5815.58,3.66906e-005,1.06604e-005
5816.58,3.70087e-005,1.2669e-005
5817.58,4.23982e-005,7.69744e-006
5818.58,3.8799e-005,-2.02726e-006
5819.58,1.80771e-005,-2.86313e-006
5820.58,-1.37231e-006,4.33526e-006
5821.58,-5.38945e-006,4.97151e-006
5822.58,4.01713e-006,-6.36252e-007
5823.58,1.74408e-005,-6.88026e-006
5824.58,1.94494e-005,-7.19839e-006
5825.58,1.57504e-005,-4.55357e-006
5826.58,1.406e-005,-2.22688e-006
5827.58,1.3642e-005,8.13407e-006
5828.58,1.65052e-005,2.62112e-005
5829.58,2.2849e-005,2.72654e-005
5830.58,2.19944e-005,8.87014e-006
5831.58,1.23695e-005,9.9811e-008
5832.58,6.66195e-006,3.06275e-006
5833.58,3.91732e-006,1.17333e-005
5834.57,-5.17113e-006,1.93496e-005
5835.57,-1.1515e-005,1.82954e-005
5836.57,-9.82451e-006,1.59687e-005
5837.57,-9.9811e-008,1.23695e-005
5838.57,6.34382e-006,1.05419e-006
5839.57,5.48926e-006,-1.7341e-005
5840.57,9.6062e-006,-3.03468e-005
5841.57,1.85948e-005,-2.55936e-005
5842.57,2.74837e-005,-8.47089e-006
5843.57,3.2137e-005,-5.09001e-006
5844.57,3.55179e-005,-9.74339e-006
5845.57,3.75265e-005,-1.00615e-005
5846.57,4.08076e-005,-2.34538e-006
5847.57,3.74267e-005,2.308e-006
5848.57,2.53753e-005,4.21675e-006
5849.57,1.90315e-005,3.16257e-006
5850.57,1.76592e-005,7.49782e-006
5851.57,1.45964e-005,1.41598e-005
5852.57,1.12155e-005,1.88132e-005
5853.57,1.42783e-005,1.21512e-005
5854.57,2.44209e-005,-1.80894e-006
5855.57,3.18189e-005,-7.09858e-006
5856.57,2.87562e-005,-4.36629e-007
5857.57,2.53753e-005,4.21675e-006
5858.57,2.8438e-005,-2.44519e-006
5859.57,2.61114e-005,-4.13563e-006
5860.57,1.87133e-005,1.154e-006
5861.57,1.406e-005,-2.22688e-006
5862.57,2.37847e-005,-5.82607e-006
5863.57,3.30914e-005,9.35684e-007
5864.57,2.80201e-005,7.91576e-006
5865.57,9.62489e-006,8.77032e-006
5866.57,3.91732e-006,1.17333e-005
5867.57,1.81956e-005,2.38845e-005
5868.57,2.54938e-005,3.09644e-005
5869.57,1.9886e-005,2.15578e-005
5870.57,8.5707e-006,1.51141e-005
5871.57,7.83464e-006,2.34665e-005
5872.57,1.65052e-005,2.62112e-005
5873.57,1.99858e-005,9.18826e-006
5874.56,6.76176e-006,-9.30677e-006
5875.56,-6.24401e-006,-1.34237e-005
5876.56,-9.62489e-006,-8.77032e-006
5877.56,-1.16335e-005,-8.4522e-006
5878.56,-1.99858e-005,-9.18826e-006
5879.56,-3.06649e-005,-1.16148e-005
5880.56,-2.36848e-005,-6.54344e-006
5881.56,5.60776e-006,9.40658e-006
5882.56,2.79203e-005,2.02853e-005
5883.56,2.69659e-005,1.42596e-005
5884.56,1.53325e-005,5.80738e-006
5885.56,-1.05419e-006,6.34382e-006
5886.56,-1.34237e-005,6.24401e-006
5887.56,-2.20942e-005,3.49938e-006
5888.56,-2.64295e-005,2.12707e-006
5889.56,-2.44209e-005,1.80894e-006
5890.56,-1.54323e-005,6.56214e-006
5891.56,-1.1515e-005,1.82954e-005
5892.56,-1.48958e-005,2.29488e-005
5893.56,-3.16257e-006,1.90315e-005
5894.56,2.09402e-005,1.5214e-005
5895.56,3.73269e-005,1.46775e-005
5896.56,3.96536e-005,1.6368e-005
5897.56,3.25737e-005,2.36662e-005
5898.56,1.57691e-005,3.45636e-005
5899.56,-6.17559e-007,3.51e-005
5900.56,-1.1515e-005,1.82954e-005
5901.56,-1.83952e-005,8.54566e-007
5902.56,-2.90743e-005,-1.57194e-006
5903.56,-2.98104e-005,6.78045e-006
5904.56,-1.24693e-005,1.22697e-005
5905.56,1.14151e-005,-5.92589e-006
5906.56,1.62681e-005,-2.7284e-005
5907.56,8.55201e-006,-2.4003e-005
5908.56,9.40658e-006,-5.60776e-006
5909.56,1.7341e-005,5.48926e-006
5910.56,2.07219e-005,8.35873e-007
5911.56,1.27875e-005,-1.02611e-005
5912.56,-9.84321e-006,-2.31484e-005
5913.56,-3.28918e-005,-2.56747e-005
5914.56,-2.51757e-005,-2.89558e-005
5915.56,9.28807e-006,-3.23554e-005
5916.55,3.60357e-005,-3.24739e-005
5917.55,3.89986e-005,-2.67663e-005
5918.55,1.8495e-005,-1.32241e-005
5919.55,-3.69901e-006,2.64482e-006
5920.55,-1.37418e-005,4.23545e-006
5921.55,-1.09972e-005,-4.43507e-006
5922.55,-1.43781e-005,2.18315e-007
5923.55,-1.98673e-005,1.75593e-005
5924.55,-1.8913e-005,2.3585e-005
5925.55,-1.27875e-005,1.02611e-005
5926.55,-1.14151e-005,5.92589e-006
5927.55,-1.18331e-005,1.62868e-005
5928.55,-1.28873e-005,2.26307e-005
5929.55,-8.77032e-006,9.62489e-006
5930.55,5.07132e-006,-6.98007e-006
5931.55,2.31484e-005,-9.84321e-006
5932.55,2.94922e-005,-8.78902e-006
5933.55,2.4739e-005,1.99622e-007
5934.55,1.86135e-005,1.35235e-005
5935.55,1.6605e-005,1.38416e-005
5936.55,8.35239e-006,7.36062e-007
5937.55,-5.60776e-006,-9.40658e-006
5938.55,-7.61633e-006,-9.08845e-006
5939.55,5.38945e-006,-4.97151e-006
5940.55,1.7759e-005,-4.8717e-006
5941.55,1.27875e-005,-1.02611e-005
5942.55,-6.56214e-006,-1.54323e-005
5943.55,-1.58689e-005,-2.2194e-005
5944.55,-1.71414e-005,-3.02283e-005
5945.55,-2.78205e-005,-3.26548e-005
5946.55,-3.12014e-005,-2.80014e-005
5947.55,-1.6605e-005,-1.38416e-005
5948.55,5.38945e-006,-4.97151e-006
5949.55,9.40658e-006,-5.60776e-006
5950.55,3.38088e-006,-4.65338e-006
5951.55,7.07988e-006,-7.2982e-006
5952.55,1.81769e-005,-1.52327e-005
5953.55,2.18759e-005,-1.78775e-005
5954.55,1.34237e-005,-6.24401e-006
5955.55,2.96294e-006,5.70757e-006
5956.54,-2.4265e-006,1.06791e-005
5957.54,1.69044e-006,-2.32669e-006
5958.54,3.48069e-006,-1.70229e-005
5959.54,-8.54566e-007,-1.83952e-005
5960.54,4.17937e-007,-1.0361e-005
5961.54,2.00857e-006,-3.18126e-007
5962.54,9.62489e-006,8.77032e-006
5963.54,2.09402e-005,1.5214e-005
5964.54,2.15765e-005,1.92311e-005
5965.54,1.49082e-006,2.24123e-005
5966.54,-2.09215e-005,2.39032e-005
5967.54,-2.13395e-005,3.42641e-005
5968.54,-7.37932e-006,4.44068e-005
5969.54,9.7307e-007,4.51428e-005
5970.54,-2.20819e-006,2.50572e-005
5971.54,-5.70757e-006,2.96294e-006
5972.54,-9.62489e-006,-8.77032e-006
5973.54,-7.93445e-006,-1.1097e-005
5974.54,1.05419e-006,-6.34382e-006
5975.54,1.80771e-005,-2.86313e-006
5976.54,2.67476e-005,-1.18504e-007
5977.54,1.46962e-005,1.79025e-006
5978.54,-3.38088e-006,4.65338e-006
5979.54,-8.77032e-006,9.62489e-006
5980.54,-1.37418e-005,4.23545e-006
5981.54,-2.67476e-005,1.18504e-007
5982.54,-3.47819e-005,1.39101e-006
5983.54,-2.81199e-005,4.45376e-006
5984.54,-2.17761e-005,5.50795e-006
5985.54,-2.04038e-005,1.17269e-006
5986.54,-1.16335e-005,-8.4522e-006
5987.54,8.23388e-006,-2.60115e-005
5988.54,2.23937e-005,-4.06079e-005
5989.54,1.86946e-005,-3.79631e-005
5990.54,7.1797e-006,-1.96677e-005
5991.54,-1.2725e-006,-8.03426e-006
5992.54,-8.03426e-006,1.2725e-006
5993.54,4.8717e-006,1.7759e-005
5994.54,2.7284e-005,1.62681e-005
5995.54,3.64723e-005,-3.7177e-006
5996.54,2.38845e-005,-1.81956e-005
5997.54,1.35235e-005,-1.86135e-005
5998.53,2.35663e-005,-2.02042e-005
5999.53,4.13253e-005,-2.50759e-005
6000.53,4.35522e-005,-1.10159e-005
6001.53,3.29916e-005,1.33052e-005
6002.53,1.95679e-005,1.95492e-005
6003.53,1.39601e-005,1.01426e-005
6004.53,1.67048e-005,1.47212e-006
6005.53,2.07219e-005,8.35873e-007
6006.53,2.27305e-005,5.17748e-007
6007.53,2.61114e-005,-4.13563e-006
6008.53,2.31484e-005,-9.84321e-006
6009.53,1.4796e-005,-1.05793e-005
6010.53,2.11398e-005,-9.52508e-006
6011.53,3.36092e-005,-2.17948e-005
6012.53,3.24365e-005,-4.21986e-005
6013.53,1.27688e-005,-4.93783e-005
6014.53,-3.7177e-006,-3.64723e-005
6015.53,-6.88026e-006,-1.74408e-005
6016.53,-3.18126e-007,-2.00857e-006
6017.53,1.33239e-005,6.12551e-006
6018.53,2.60115e-005,8.23388e-006
6019.53,2.4739e-005,1.99622e-007
6020.53,1.60685e-005,-2.54501e-006
6021.53,1.7341e-005,5.48926e-006
6022.53,2.15765e-005,1.92311e-005
6023.53,1.77777e-005,3.42454e-005
6024.53,1.1334e-005,4.55608e-005
6025.53,3.93601e-006,5.08504e-005
6026.53,3.36818e-007,4.11257e-005
6027.53,-4.53488e-006,2.33667e-005
6028.53,-9.08845e-006,7.61633e-006
6029.53,-6.98007e-006,-5.07132e-006
6030.53,-1.90875e-006,-1.20514e-005
6031.53,-2.18315e-007,-1.43781e-005
6032.53,-1.05793e-005,-1.4796e-005
6033.53,-1.80771e-005,2.86313e-006
6034.53,-1.82767e-005,2.76022e-005
6035.53,-1.8913e-005,2.3585e-005
6036.53,-1.74408e-005,6.88026e-006
6037.53,-3.06275e-006,6.66195e-006
6038.52,1.08974e-005,1.68046e-005
6039.52,9.52508e-006,2.11398e-005
6040.52,4.8717e-006,1.7759e-005
6041.52,4.23545e-006,1.37418e-005
6042.52,1.06791e-005,2.4265e-006
6043.52,1.14151e-005,-5.92589e-006
6044.52,6.34382e-006,1.05419e-006
6045.52,2.18315e-007,1.43781e-005
6046.52,5.36441e-007,1.63866e-005
6047.52,-2.4265e-006,1.06791e-005
6048.52,5.36441e-007,1.63866e-005
6049.52,1.08974e-005,1.68046e-005
6050.52,1.97675e-005,-5.18982e-006
6051.52,1.99672e-005,-2.99289e-005
6052.52,9.28807e-006,-3.23554e-005
6053.52,-9.84321e-006,-2.31484e-005
6054.52,-2.7284e-005,-1.62681e-005
6055.52,-2.46392e-005,-1.25691e-005
6056.52,-9.62489e-006,-8.77032e-006
6057.52,1.69044e-006,-2.32669e-006
6058.52,1.2725e-006,8.03426e-006
6059.52,2.22688e-006,1.406e-005
6060.52,9.94302e-006,1.07789e-005
6061.52,1.56506e-005,7.81595e-006
6062.52,1.32241e-005,1.8495e-005
6063.52,1.28061e-005,2.8856e-005
6064.52,1.18518e-005,2.28303e-005
6065.52,5.70757e-006,-2.96294e-006
6066.52,-6.46233e-006,-2.78018e-005
6067.52,-8.68921e-006,-4.18617e-005
6068.52,2.99433e-007,-3.71086e-005
6069.52,1.11968e-005,-2.0304e-005
6070.52,1.83952e-005,-8.54566e-007
6071.52,2.69659e-005,1.42596e-005
6072.52,4.15623e-005,2.84194e-005
6073.52,4.28348e-005,3.64536e-005
6074.52,2.34852e-005,3.12825e-005
6075.52,-7.36062e-007,8.35239e-006
6076.52,-9.94302e-006,-1.07789e-005
6077.52,-6.36252e-007,-4.01713e-006
6078.52,9.94302e-006,1.07789e-005
6079.52,1.13153e-005,6.44363e-006
6080.52,8.4522e-006,-1.16335e-005
6081.51,6.86157e-006,-2.16763e-005
6082.51,4.17937e-007,-1.0361e-005
6083.51,-1.14151e-005,5.92589e-006
6084.51,-2.30486e-005,-2.52631e-006
6085.51,-1.95679e-005,-1.95492e-005
6086.51,-3.59919e-006,-9.7247e-006
6087.51,9.52508e-006,2.11398e-005
6088.51,1.67235e-005,4.05892e-005
6089.51,2.04225e-005,3.79444e-005
6090.51,2.22127e-005,2.32482e-005
6091.51,2.4003e-005,8.55201e-006
6092.51,2.64295e-005,-2.12707e-006
6093.51,2.67476e-005,-1.18504e-007
6094.51,1.90315e-005,3.16257e-006
6095.51,1.80771e-005,-2.86313e-006
6096.51,2.45207e-005,-1.41785e-005
6097.51,2.29301e-005,-2.42213e-005
6098.51,1.89006e-006,-2.70657e-005
6099.51,-2.18946e-005,-2.12397e-005
6100.51,-3.53183e-005,-1.49956e-005
6101.51,-3.80629e-005,-6.32513e-006
6102.51,-2.67476e-005,1.18504e-007
6103.51,-6.34382e-006,-1.05419e-006
6104.51,4.75319e-006,-8.98864e-006
6105.51,-2.54501e-006,-1.60685e-005
6106.51,-1.69231e-005,-1.58502e-005
6107.51,-2.60115e-005,-8.23388e-006
6108.51,-3.07647e-005,7.54755e-007
6109.51,-3.30914e-005,-9.35684e-007
6110.51,-3.1401e-005,-3.26238e-006
6111.51,-1.7341e-005,-5.48926e-006
6112.51,2.10838e-006,-1.26876e-005
6113.51,1.18331e-005,-1.62868e-005
6114.51,1.01426e-005,-1.39601e-005
6115.51,8.77032e-006,-9.62489e-006
6116.51,9.7247e-006,-3.59919e-006
6117.51,4.65338e-006,3.38088e-006
6118.51,-9.7247e-006,3.59919e-006
6119.51,-2.43211e-005,-1.05606e-005
6120.5,-2.45394e-005,-2.49387e-005
6121.5,-3.81751e-006,-2.41028e-005
6122.5,2.71655e-005,-1.04795e-005
6123.5,4.8742e-005,8.75163e-006
6124.5,5.43498e-005,1.81582e-005
6125.5,4.36707e-005,1.57317e-005
6126.5,3.40458e-005,6.96138e-006
6127.5,2.36848e-005,6.54344e-006
6128.5,7.61633e-006,9.08845e-006
6129.5,-2.4265e-006,1.06791e-005
6130.5,-4.11694e-006,1.30058e-005
6131.5,2.18315e-007,1.43781e-005
6132.5,-5.48926e-006,1.7341e-005
6133.5,-1.98673e-005,1.75593e-005
6134.5,-3.28731e-005,1.34424e-005
6135.5,-3.42454e-005,1.77777e-005
6136.5,-2.36662e-005,3.25737e-005
6137.5,-3.68031e-006,4.17619e-005
6138.5,9.10714e-006,3.15008e-005
6139.5,2.12583e-005,1.72225e-005
6140.5,3.74267e-005,2.308e-006
6141.5,3.39273e-005,-1.97862e-005
6142.5,9.28807e-006,-3.23554e-005
6143.5,-6.1442e-006,-2.57932e-005
6144.5,-3.18126e-006,-2.00857e-005
6145.5,5.48926e-006,-1.7341e-005
6146.5,1.07789e-005,-9.94302e-006
6147.5,6.98007e-006,5.07132e-006
6148.5,-8.13407e-006,1.3642e-005
6149.5,-2.65293e-005,1.44966e-005
6150.5,-3.58361e-005,7.73483e-006
6151.5,-3.34095e-005,-2.94425e-006
6152.5,-3.06649e-005,-1.16148e-005
6153.5,-2.46392e-005,-1.25691e-005
6154.5,-9.62489e-006,-8.77032e-006
6155.5,2.4265e-006,-1.06791e-005
6156.5,-3.91732e-006,-1.17333e-005
6157.5,-1.50143e-005,-3.79882e-006
6158.5,-1.91313e-005,9.20695e-006
6159.5,-1.8495e-005,1.32241e-005
6160.5,-2.34665e-005,7.83464e-006
6161.5,-3.1401e-005,-3.26238e-006
6162.49,-1.99858e-005,-9.18826e-006
6163.49,9.40658e-006,-5.60776e-006
6164.49,2.53753e-005,4.21675e-006
6165.49,1.2906e-005,1.64865e-005
6166.49,-4.853e-006,2.13582e-005
6167.49,-3.79882e-006,1.50143e-005
6168.49,1.30058e-005,4.11694e-006
6169.49,2.44209e-005,-1.80894e-006
6170.49,1.406e-005,-2.22688e-006
6171.49,-2.00857e-006,3.18126e-007
6172.49,-4.33526e-006,-1.37231e-006
6173.49,4.75319e-006,-8.98864e-006
6174.49,1.41598e-005,-1.45964e-005
6175.49,1.69044e-005,-2.32669e-005
6176.49,1.93309e-005,-3.3946e-005
6177.49,1.43594e-005,-3.93354e-005
6178.49,6.22532e-006,-2.56934e-005
6179.49,-2.22688e-006,-1.406e-005
6180.49,-1.15336e-005,-2.08217e-005
6181.49,-1.5451e-005,-3.2555e-005
6182.49,-1.1752e-005,-3.51998e-005
6183.49,-2.76332e-006,-3.04466e-005
6184.49,2.52631e-006,-2.30486e-005
6185.49,9.9811e-008,-1.23695e-005
6186.49,-5.28963e-006,-7.39801e-006
6187.49,-7.2982e-006,-7.07988e-006
6188.49,-9.94302e-006,-1.07789e-005
6189.49,-1.89317e-005,-1.55321e-005
6190.49,-2.59117e-005,-2.06034e-005
6191.49,-1.2906e-005,-1.64865e-005
6192.49,1.1097e-005,-7.93445e-006
6193.49,1.31056e-005,-8.25258e-006
6194.49,-3.28107e-006,-7.71614e-006
6195.49,-1.60685e-005,2.54501e-006
6196.49,-1.32054e-005,2.06221e-005
6197.49,-1.02424e-005,2.63297e-005
6198.49,-1.32054e-005,2.06221e-005
6199.49,-1.64865e-005,1.2906e-005
6200.49,-1.44779e-005,1.25878e-005
6201.49,-1.4796e-005,1.05793e-005
6202.48,-1.80771e-005,2.86313e-006
6203.48,-1.06791e-005,-2.4265e-006
6204.48,7.71614e-006,-3.28107e-006
6205.48,2.00857e-005,-3.18126e-006
6206.48,1.37418e-005,-4.23545e-006
6207.48,4.43507e-006,-1.09972e-005
6208.48,-4.45376e-006,-2.81199e-005
6209.48,-1.03796e-005,-3.95351e-005
6210.48,-2.44519e-006,-2.8438e-005
6211.48,1.91313e-005,-9.20695e-006
6212.48,3.67904e-005,-1.70913e-006
6213.48,3.31912e-005,-1.14338e-005
6214.48,1.11968e-005,-2.0304e-005
6215.48,-5.18982e-006,-1.97675e-005
6216.48,-9.62489e-006,-8.77032e-006
6217.48,-1.0361e-005,-4.17937e-007
6218.48,-1.53325e-005,-5.80738e-006
6219.48,-1.04795e-005,-2.71655e-005
6220.48,3.68031e-006,-4.17619e-005
6221.48,2.14393e-005,-4.66336e-005
6222.48,3.38088e-005,-4.65338e-005
6223.48,3.10642e-005,-3.78633e-005
6224.48,1.18331e-005,-1.62868e-005
6225.48,-1.57504e-005,4.55357e-006
6226.48,-2.45207e-005,1.41785e-005
6227.48,-7.39801e-006,5.28963e-006
6228.48,7.71614e-006,-3.28107e-006
6229.48,2.00857e-006,-3.18126e-007
6230.48,-5.07132e-006,6.98007e-006
6231.48,-5.38945e-006,4.97151e-006
6232.48,-1.09972e-005,-4.43507e-006
6233.48,-1.33239e-005,-6.12551e-006
6234.48,-7.71614e-006,3.28107e-006
6235.48,-2.10838e-006,1.26876e-005
6236.48,-2.84444e-006,2.104e-005
6237.48,2.54501e-006,1.60685e-005
6238.48,1.30058e-005,4.11694e-006
6239.48,1.63866e-005,-5.36441e-007
6240.48,1.0361e-005,4.17937e-007
6241.48,-4.33526e-006,-1.37231e-006
6242.48,-2.24123e-005,1.49082e-006
6243.48,-3.74267e-005,-2.308e-006
6244.48,-4.32528e-005,-2.60927e-005
6245.47,-2.63484e-005,-4.93596e-005
6246.47,5.68888e-006,-4.20801e-005
6247.47,2.31484e-005,-9.84321e-006
6248.47,1.92498e-005,1.75406e-005
6249.47,7.51651e-006,2.1458e-005
6250.47,-7.39801e-006,5.28963e-006
6251.47,-2.16763e-005,-6.86157e-006
6252.47,-2.90743e-005,-1.57194e-006
6253.47,-2.91741e-005,1.07976e-005
6254.47,-2.08217e-005,1.15336e-005
6255.47,-1.20514e-005,1.90875e-006
6256.47,-1.67048e-005,-1.47212e-006
6257.47,-2.91741e-005,1.07976e-005
6258.47,-4.16434e-005,2.30673e-005
6259.47,-4.53424e-005,2.57121e-005
6260.47,-3.45636e-005,1.57691e-005
6261.47,-1.50143e-005,-3.79882e-006
6262.47,-5.82607e-006,-2.37847e-005
6263.47,-9.74339e-006,-3.55179e-005
6264.47,-1.20701e-005,-3.72084e-005
6265.47,-9.42527e-006,-3.35094e-005
6266.47,-9.84321e-006,-2.31484e-005
6267.47,-2.06221e-005,-1.32054e-005
6268.47,-4.20801e-005,-5.68888e-006
6269.47,-5.614e-005,-3.462e-006
6270.47,-4.44068e-005,-7.37932e-006
6271.47,-2.09402e-005,-1.5214e-005
6272.47,-5.82607e-006,-2.37847e-005
6273.47,-1.80894e-006,-2.44209e-005
6274.47,1.79025e-006,-1.46962e-005
6275.47,8.35239e-006,7.36062e-007
6276.47,1.25878e-005,1.44779e-005
6277.47,1.69231e-005,1.58502e-005
6278.47,1.2906e-005,1.64865e-005
6279.47,6.56214e-006,1.54323e-005
6280.47,-2.10838e-006,1.26876e-005
6281.47,-1.57504e-005,4.55357e-006
6282.47,-2.8438e-005,2.44519e-006
6283.47,-2.25122e-005,1.38603e-005
6284.46,-1.99622e-007,2.4739e-005
6285.46,1.2906e-005,1.64865e-005
6286.46,1.26876e-005,2.10838e-006
6287.46,8.77032e-006,-9.62489e-006
6288.46,5.48926e-006,-1.7341e-005
6289.46,-3.18126e-006,-2.00857e-005
6290.46,-1.52327e-005,-1.81769e-005
6291.46,-2.7284e-005,-1.62681e-005
6292.46,-3.1401e-005,-3.26238e-006
6293.46,-1.24693e-005,1.22697e-005
6294.46,2.26307e-005,1.28873e-005
6295.46,3.97534e-005,3.99844e-006
6296.46,2.27305e-005,5.17748e-007
6297.46,-2.96294e-006,-5.70757e-006
6298.46,-8.5707e-006,-1.51141e-005
6299.46,5.80738e-006,-1.53325e-005
6300.46,2.00857e-005,-3.18126e-006
6301.46,2.29488e-005,1.48958e-005
6302.46,1.9886e-005,2.15578e-005
6303.46,9.20695e-006,1.91313e-005
6304.46,8.54566e-007,1.83952e-005
6305.46,-2.20819e-006,2.50572e-005
6306.46,-6.22532e-006,2.56934e-005
6307.46,-1.41598e-005,1.45964e-005
6308.46,-2.87562e-005,4.36629e-007
6309.46,-4.20801e-005,-5.68888e-006
6310.46,-3.70087e-005,-1.2669e-005
6311.46,-1.9886e-005,-2.15578e-005
6312.46,-1.18518e-005,-2.28303e-005
6313.46,-7.19839e-006,-1.94494e-005
6314.46,1.1515e-005,-1.82954e-005
6315.46,2.15578e-005,-1.9886e-005
6316.46,1.08787e-005,-2.23125e-005
6317.46,-2.86313e-006,-1.80771e-005
6318.46,-1.30058e-005,-4.11694e-006
6319.46,-1.7759e-005,4.8717e-006
6320.46,-1.07789e-005,9.94302e-006
6321.46,5.60776e-006,9.40658e-006
6322.46,2.13582e-005,4.853e-006
6323.46,1.87133e-005,1.154e-006
6324.46,2.74463e-006,-8.67051e-006
6325.46,-4.55357e-006,-1.57504e-005
6326.45,-5.60776e-006,-9.40658e-006
6327.45,-8.03426e-006,1.2725e-006
6328.45,-9.08845e-006,7.61633e-006
6329.45,-2.74463e-006,8.67051e-006
6330.45,-1.37231e-006,4.33526e-006
6331.45,-6.66195e-006,-3.06275e-006
6332.45,-1.30058e-005,-4.11694e-006
6333.45,-1.406e-005,2.22688e-006
6334.45,-1.20514e-005,1.90875e-006
6335.45,-1.3642e-005,-8.13407e-006
6336.45,-1.16335e-005,-8.4522e-006
6337.45,-6.36252e-007,-4.01713e-006
6338.45,6.66195e-006,3.06275e-006
6339.45,-9.08845e-006,7.61633e-006
6340.45,-3.38275e-005,7.4167e-006
6341.45,-4.51428e-005,9.7307e-007
6342.45,-3.37277e-005,-4.95282e-006
6343.45,-1.53325e-005,-5.80738e-006
6344.45,3.06275e-006,-6.66195e-006
6345.45,1.8495e-005,-1.32241e-005
6346.45,2.55749e-005,-2.05223e-005
6347.45,1.8913e-005,-2.3585e-005
6348.45,9.18826e-006,-1.99858e-005
6349.45,2.10838e-006,-1.26876e-005
6350.45,-3.28107e-006,-7.71614e-006
6351.45,-7.2982e-006,-7.07988e-006
6352.45,-1.30058e-005,-4.11694e-006
6353.45,-1.56506e-005,-7.81595e-006
6354.45,-1.82954e-005,-1.1515e-005
6355.45,-2.07219e-005,-8.35873e-007
6356.45,-1.55321e-005,1.89317e-005
6357.45,-2.20819e-006,2.50572e-005
6358.45,5.60776e-006,9.40658e-006
6359.45,1.21512e-005,-1.42783e-005
6360.45,1.95492e-005,-1.95679e-005
6361.45,2.65293e-005,-1.44966e-005
6362.45,2.5157e-005,-1.01613e-005
6363.45,1.8495e-005,-1.32241e-005
6364.45,1.48958e-005,-2.29488e-005
6365.45,7.91576e-006,-2.80201e-005
6366.44,-7.51651e-006,-2.1458e-005
6367.44,-1.20514e-005,1.90875e-006
6368.44,4.13563e-006,2.61114e-005
6369.44,1.915e-005,2.99102e-005
6370.44,1.12155e-005,1.88132e-005
6371.44,-6.44363e-006,1.13153e-005
6372.44,-5.07132e-006,6.98007e-006
6373.44,1.17333e-005,-3.91732e-006
6374.44,2.45207e-005,-1.41785e-005
6375.44,2.82197e-005,-1.68233e-005
6376.44,2.08217e-005,-1.15336e-005
6377.44,4.97151e-006,5.38945e-006
6378.44,-1.1515e-005,1.82954e-005
6379.44,-2.11398e-005,9.52508e-006
6380.44,-2.27305e-005,-5.17748e-007
6381.44,-2.50572e-005,-2.20819e-006
6382.44,-2.87562e-005,4.36629e-007
6383.44,-2.27305e-005,-5.17748e-007
6384.44,-1.19516e-005,-1.04608e-005
6385.44,-7.51651e-006,-2.1458e-005
6386.44,-1.6605e-005,-1.38416e-005
6387.44,-2.4739e-005,-1.99622e-007
6388.44,-1.80771e-005,2.86313e-006
6389.44,-5.38945e-006,4.97151e-006
6390.44,1.02611e-005,1.27875e-005
6391.44,1.92498e-005,1.75406e-005
6392.44,1.69231e-005,1.58502e-005
6393.44,6.24401e-006,1.34237e-005
6394.44,-2.4265e-006,1.06791e-005
6395.44,-4.33526e-006,-1.37231e-006
6396.44,5.17113e-006,-1.93496e-005
6397.44,1.39415e-005,-2.89745e-005
6398.44,1.25691e-005,-2.46392e-005
6399.44,-8.54566e-007,-1.83952e-005
6400.44,-8.5707e-006,-1.51141e-005
6401.44,4.17937e-007,-1.0361e-005
6402.44,2.04038e-005,-1.17269e-006
6403.44,2.13582e-005,4.853e-006
6404.44,4.65338e-006,3.38088e-006
6405.44,-3.69901e-006,2.64482e-006
6406.44,9.30677e-006,6.76176e-006
6407.44,2.09402e-005,1.5214e-005
6408.44,1.12155e-005,1.88132e-005
6409.43,-2.74463e-006,8.67051e-006
6410.43,-5.60776e-006,-9.40658e-006
6411.43,-2.54501e-006,-1.60685e-005
6412.43,-4.23545e-006,-1.37418e-005
6413.43,-3.28107e-006,-7.71614e-006
6414.43,8.03426e-006,-1.2725e-006
6415.43,2.4739e-005,1.99622e-007
6416.43,2.57932e-005,-6.1442e-006
6417.43,4.43507e-006,-1.09972e-005
6418.43,-1.59687e-005,-9.82451e-006
6419.43,-1.99858e-005,-9.18826e-006
6420.43,-1.19516e-005,-1.04608e-005
6421.43,-1.2725e-006,-8.03426e-006
6422.43,-0,0
6423.43,-4.17937e-007,1.0361e-005
6424.43,-2.10838e-006,1.26876e-005
6425.43,-7.71614e-006,3.28107e-006
6426.43,-1.59687e-005,-9.82451e-006
6427.43,-2.39032e-005,-2.09215e-005
6428.43,-2.11585e-005,-2.9592e-005
6429.43,-1.14338e-005,-3.31912e-005
6430.43,-2.12707e-006,-2.64295e-005
6431.43,2.4265e-006,-1.06791e-005
6432.43,-1.05419e-006,6.34382e-006
6433.43,-1.1515e-005,1.82954e-005
6434.43,-1.62681e-005,2.7284e-005
6435.43,-1.42596e-005,2.69659e-005
6436.43,-8.13407e-006,1.3642e-005
6437.43,-8.98864e-006,-4.75319e-006
6438.43,-1.39601e-005,-1.01426e-005
6439.43,-7.71614e-006,3.28107e-006
6440.43,3.91732e-006,1.17333e-005
6441.43,3.28107e-006,7.71614e-006
6442.43,-8.03426e-006,1.2725e-006
6443.43,-1.17333e-005,3.91732e-006
6444.43,-4.75319e-006,8.98864e-006
6445.43,2.86313e-006,1.80771e-005
6446.43,2.44519e-006,2.8438e-005
6447.43,1.86926e-008,3.91171e-005
6448.42,1.56693e-005,4.69331e-005
6449.42,3.50189e-005,5.21042e-005
6450.42,3.06836e-005,5.07319e-005
6451.42,8.68921e-006,4.18617e-005
6452.42,-3.89863e-006,2.73839e-005
6453.42,-3.69901e-006,2.64482e-006
6454.42,-4.77189e-006,-3.01285e-005
6455.42,-3.61789e-006,-4.88418e-005
6456.42,-3.29976e-006,-4.68333e-005
6457.42,-6.46233e-006,-2.78018e-005
6458.42,-8.67051e-006,-2.74463e-006
6459.42,-1.18331e-005,1.62868e-005
6460.42,-2.10213e-005,3.62727e-005
6461.42,-2.61925e-005,5.56223e-005
6462.42,-2.8201e-005,5.59404e-005
6463.42,-2.96919e-005,3.35281e-005
6464.42,-2.30486e-005,-2.52631e-006
6465.42,-1.35422e-005,-2.05036e-005
6466.42,-1.19516e-005,-1.04608e-005
6467.42,-2.37847e-005,5.82607e-006
6468.42,-3.48817e-005,1.37605e-005
6469.42,-2.8856e-005,1.28061e-005
6470.42,-9.40658e-006,5.60776e-006
6471.42,1.37231e-006,-4.33526e-006
6472.42,-1.2725e-006,-8.03426e-006
6473.42,-6.98007e-006,-5.07132e-006
6474.42,-3.18126e-007,-2.00857e-006
6475.42,1.46962e-005,1.79025e-006
6476.42,2.56934e-005,6.22532e-006
6477.42,2.104e-005,2.84444e-006
6478.42,1.71227e-005,-8.88883e-006
6479.42,2.15578e-005,-1.9886e-005
6480.42,2.18759e-005,-1.78775e-005
6481.42,8.35239e-006,7.36062e-007
6482.42,-4.21675e-006,2.53753e-005
6483.42,-3.26238e-006,3.1401e-005
6484.42,3.91732e-006,1.17333e-005
6485.42,3.48069e-006,-1.70229e-005
6486.42,-1.04795e-005,-2.71655e-005
6487.42,-3.46821e-005,-1.09785e-005
6488.42,-5.83482e-005,2.15952e-005
6489.42,-5.48488e-005,4.36894e-005
6490.41,-2.67289e-005,3.92356e-005
6491.41,-3.48069e-006,1.70229e-005
6492.41,-6.36252e-007,-4.01713e-006
6493.41,-6.24401e-006,-1.34237e-005
6494.41,-1.59063e-006,-1.00428e-005
6495.41,4.33526e-006,1.37231e-006
6496.41,8.03426e-006,-1.2725e-006
6497.41,2.10838e-006,-1.26876e-005
6498.41,-4.23545e-006,-1.37418e-005
6499.41,-9.54377e-007,-6.0257e-006
6500.41,8.35239e-006,7.36062e-007
6501.41,6.98007e-006,5.07132e-006
6502.41,1.59063e-006,1.00428e-005
6503.41,1.90875e-006,1.20514e-005
6504.41,6.0257e-006,-9.54377e-007
6505.41,9.92432e-006,-2.83382e-005
6506.41,1.57317e-005,-4.36707e-005
6507.41,1.97488e-005,-4.43069e-005
6508.41,1.06604e-005,-3.66906e-005
6509.41,-1.18504e-007,-2.67476e-005
6510.41,-2.18315e-007,-1.43781e-005
6511.41,1.37418e-005,-4.23545e-006
6512.41,2.70657e-005,1.89006e-006
6513.41,3.07647e-005,-7.54755e-007
6514.41,2.57932e-005,-6.1442e-006
6515.41,1.63866e-005,-5.36441e-007
6516.41,1.16335e-005,8.4522e-006
6517.41,1.22697e-005,1.24693e-005
6518.41,1.00428e-005,-1.59063e-006
6519.41,5.17748e-007,-2.27305e-005
6520.41,-1.21699e-005,-2.48388e-005
6521.41,-1.6605e-005,-1.38416e-005
6522.41,-1.16335e-005,-8.4522e-006
6523.41,-1.02611e-005,-1.27875e-005
6524.41,-1.05793e-005,-1.4796e-005
6525.41,-9.62489e-006,-8.77032e-006
6526.41,-6.66195e-006,-3.06275e-006
6527.41,-5.38945e-006,4.97151e-006
6528.41,-4.43507e-006,1.09972e-005
6529.41,-8.77032e-006,9.62489e-006
6530.41,-1.37418e-005,4.23545e-006
6531.4,-1.46962e-005,-1.79025e-006
6532.4,-1.17333e-005,3.91732e-006
6533.4,-1.98673e-005,1.75593e-005
6534.4,-3.39273e-005,1.97862e-005
6535.4,-4.04894e-005,4.35395e-006
6536.4,-2.53753e-005,-4.21675e-006
6537.4,9.54377e-007,6.0257e-006
6538.4,1.45964e-005,1.41598e-005
6539.4,1.59687e-005,9.82451e-006
6540.4,2.20942e-005,-3.49938e-006
6541.4,2.66291e-005,-2.68661e-005
6542.4,1.77403e-005,-4.39888e-005
6543.4,-2.66351e-006,-4.28161e-005
6544.4,-2.54938e-005,-3.09644e-005
6545.4,-3.62727e-005,-2.10213e-005
6546.4,-3.0247e-005,-2.19757e-005
6547.4,-1.85137e-005,-2.5893e-005
6548.4,-1.2488e-005,-2.68474e-005
6549.4,-1.86135e-005,-1.35235e-005
6550.4,-2.34665e-005,7.83464e-006
6551.4,-2.01855e-005,1.55508e-005
6552.4,-1.0361e-005,-4.17937e-007
6553.4,-1.17269e-006,-2.04038e-005
6554.4,6.54344e-006,-2.36848e-005
6555.4,8.77032e-006,-9.62489e-006
6556.4,2.32669e-006,1.69044e-006
6557.4,-1.37418e-005,4.23545e-006
6558.4,-1.91313e-005,9.20695e-006
6559.4,-1.21512e-005,1.42783e-005
6560.4,-1.04608e-005,1.19516e-005
6561.4,-1.74408e-005,6.88026e-006
6562.4,-1.7759e-005,4.8717e-006
6563.4,-2.64482e-006,-3.69901e-006
6564.4,8.13407e-006,-1.3642e-005
6565.4,-2.18315e-007,-1.43781e-005
6566.4,-1.76592e-005,-7.49782e-006
6567.4,-2.4003e-005,-8.55201e-006
6568.4,-1.59687e-005,-9.82451e-006
6569.4,-2.64482e-006,-3.69901e-006
6570.4,1.43781e-005,-2.18315e-007
6571.4,2.24123e-005,-1.49082e-006
6572.4,7.71614e-006,-3.28107e-006
6573.39,-1.93496e-005,-5.17113e-006
6574.39,-2.63297e-005,-1.02424e-005
6575.39,-8.5707e-006,-1.51141e-005
6576.39,1.27875e-005,-1.02611e-005
6577.39,1.63866e-005,-5.36441e-007
6578.39,4.33526e-006,1.37231e-006
6579.39,-4.01713e-006,6.36252e-007
6580.39,-1.1097e-005,7.93445e-006
6581.39,-1.01426e-005,1.39601e-005
6582.39,4.97151e-006,5.38945e-006
6583.39,2.34665e-005,-7.83464e-006
6584.39,2.5893e-005,-1.85137e-005
6585.39,1.69044e-005,-2.32669e-005
6586.39,9.18826e-006,-1.99858e-005
6587.39,2.10838e-006,-1.26876e-005
6588.39,-4.23545e-006,-1.37418e-005
6589.39,-1.59063e-006,-1.00428e-005
6590.39,6.34382e-006,1.05419e-006
6591.39,1.00428e-005,-1.59063e-006
6592.39,-3.18126e-006,-2.00857e-005
6593.39,-2.81386e-005,-3.46634e-005
6594.39,-4.65338e-005,-3.38088e-005
6595.39,-3.32099e-005,-2.76833e-005
6596.39,8.35873e-007,-2.07219e-005
6597.39,2.08217e-005,-1.15336e-005
6598.39,1.14151e-005,-5.92589e-006
6599.39,-1.90875e-006,-1.20514e-005
6600.39,-4.13563e-006,-2.61114e-005
6601.39,-1.18504e-007,-2.67476e-005
6602.39,-1.2725e-006,-8.03426e-006
6603.39,1.90875e-006,1.20514e-005
6604.39,1.01613e-005,2.5157e-005
6605.39,1.55508e-005,2.01855e-005
6606.39,8.98864e-006,4.75319e-006
6607.39,-2.96294e-006,-5.70757e-006
6608.39,-8.98864e-006,-4.75319e-006
6609.39,-5.38945e-006,4.97151e-006
6610.39,1.59063e-006,1.00428e-005
6611.39,-7.36062e-007,8.35239e-006
6612.38,-9.40658e-006,5.60776e-006
6613.38,-1.14151e-005,5.92589e-006
6614.38,6.98007e-006,5.07132e-006
6615.38,2.13582e-005,4.853e-006
6616.38,1.7341e-005,5.48926e-006
6617.38,1.19516e-005,1.04608e-005
6618.38,1.38603e-005,2.25122e-005
6619.38,2.51757e-005,2.89558e-005
6620.38,2.92926e-005,1.595e-005
6621.38,1.31056e-005,-8.25258e-006
6622.38,-2.86313e-006,-1.80771e-005
6623.38,-2.64482e-006,-3.69901e-006
6624.38,6.46233e-006,2.78018e-005
6625.38,1.4297e-005,5.12683e-005
6626.38,1.56693e-005,4.69331e-005
6627.38,8.15277e-006,2.54751e-005
6628.38,5.28963e-006,7.39801e-006
6629.38,3.69901e-006,-2.64482e-006
6630.38,4.17937e-007,-1.0361e-005
6631.38,-4.8717e-006,-1.7759e-005
6632.38,-6.1442e-006,-2.57932e-005
6633.38,-4.77189e-006,-3.01285e-005
6634.38,-1.80894e-006,-2.44209e-005
6635.38,4.43507e-006,-1.09972e-005
6636.38,6.34382e-006,1.05419e-006
6637.38,2.96294e-006,5.70757e-006
6638.38,-6.76176e-006,9.30677e-006
6639.38,-9.82451e-006,1.59687e-005
6640.38,2.44519e-006,2.8438e-005
6641.38,1.47149e-005,4.09074e-005
6642.38,1.39788e-005,4.92598e-005
6643.38,3.93601e-006,5.08504e-005
6644.38,-4.09825e-006,5.21229e-005
6645.38,-3.462e-006,5.614e-005
6646.38,5.55133e-007,5.55038e-005
6647.38,6.54944e-007,4.31343e-005
6648.38,-4.853e-006,2.13582e-005
6649.38,2.64482e-006,3.69901e-006
6650.38,2.04038e-005,-1.17269e-006
6651.38,2.70657e-005,1.89006e-006
6652.38,1.23695e-005,9.9811e-008
6653.37,-4.23545e-006,-1.37418e-005
6654.37,-3.81751e-006,-2.41028e-005
6655.37,5.27094e-006,-3.17191e-005
6656.37,4.31656e-006,-3.77448e-005
6657.37,-5.40814e-006,-3.41456e-005
6658.37,-9.20695e-006,-1.91313e-005
6659.37,-1.53325e-005,-5.80738e-006
6660.37,-2.04038e-005,1.17269e-006
6661.37,-1.34237e-005,6.24401e-006
6662.37,-1.79025e-006,1.46962e-005
6663.37,7.19839e-006,1.94494e-005
6664.37,1.2906e-005,1.64865e-005
6665.37,9.62489e-006,8.77032e-006
6666.37,-3.18126e-007,-2.00857e-006
6667.37,-5.92589e-006,-1.14151e-005
6668.37,-8.25258e-006,-1.31056e-005
6669.37,-5.28963e-006,-7.39801e-006
6670.37,1.2725e-006,8.03426e-006
6671.37,9.84321e-006,2.31484e-005
6672.37,1.9886e-005,2.15578e-005
6673.37,1.46962e-005,1.79025e-006
6674.37,-8.5707e-006,-1.51141e-005
6675.37,-2.29488e-005,-1.48958e-005
6676.37,-1.6605e-005,-1.38416e-005
6677.37,1.154e-006,-1.87133e-005
6678.37,2.06034e-005,-2.59117e-005
6679.37,2.86377e-005,-2.71842e-005
6680.37,2.05036e-005,-1.35422e-005
6681.37,5.28963e-006,7.39801e-006
6682.37,-5.07132e-006,6.98007e-006
6683.37,-1.76592e-005,-7.49782e-006
6684.37,-2.0304e-005,-1.11968e-005
6685.37,-1.26876e-005,-2.10838e-006
6686.37,-6.76176e-006,9.30677e-006
6687.37,-1.55321e-005,1.89317e-005
6688.37,-3.29729e-005,2.58119e-005
6689.37,-3.83624e-005,3.07834e-005
6690.37,-1.62681e-005,2.7284e-005
6691.37,1.39601e-005,1.01426e-005
6692.37,3.95351e-005,-1.03796e-005
6693.37,5.4013e-005,-2.29675e-005
6694.37,5.16863e-005,-2.46579e-005
6695.36,4.19616e-005,-2.10587e-005
6696.36,4.09074e-005,-1.47149e-005
6697.36,3.95351e-005,-1.03796e-005
6698.36,2.44209e-005,-1.80894e-006
6699.36,1.2725e-006,8.03426e-006
6700.36,-8.77032e-006,9.62489e-006
6701.36,-1.05419e-006,6.34382e-006
6702.36,1.19516e-005,1.04608e-005
6703.36,2.23125e-005,1.08787e-005
6704.36,2.34665e-005,-7.83464e-006
6705.36,1.19329e-005,-2.86564e-005
6706.36,-5.09001e-006,-3.2137e-005
6707.36,-2.12707e-006,-2.64295e-005
6708.36,1.32054e-005,-2.06221e-005
6709.36,1.44779e-005,-1.25878e-005
6710.36,-2.64482e-006,-3.69901e-006
6711.36,-1.7759e-005,4.8717e-006
6712.36,-2.08217e-005,1.15336e-005
6713.36,-1.35235e-005,1.86135e-005
6714.36,7.54755e-007,3.07647e-005
6715.36,1.48147e-005,2.85379e-005
6716.36,2.33667e-005,4.53488e-006
6717.36,2.2194e-005,-1.58689e-005
6718.36,1.75406e-005,-1.92498e-005
6719.36,1.78588e-005,-1.72412e-005
6720.36,1.5214e-005,-2.09402e-005
6721.36,-1.49082e-006,-2.24123e-005
6722.36,-2.7284e-005,-1.62681e-005
6723.36,-4.81058e-005,-4.7345e-006
6724.36,-5.75123e-005,8.73258e-007
6725.36,-4.68333e-005,3.29976e-006
6726.36,-1.60685e-005,2.54501e-006
6727.36,1.406e-005,-2.22688e-006
6728.36,2.42026e-005,-1.6187e-005
6729.36,1.2251e-005,-2.66478e-005
6730.36,-3.81751e-006,-2.41028e-005
6731.36,-9.20695e-006,-1.91313e-005
6732.36,-1.13153e-005,-6.44363e-006
6733.36,-1.74408e-005,6.88026e-006
6734.35,-1.80771e-005,2.86313e-006
6735.35,-2.22688e-006,-1.406e-005
6736.35,1.78588e-005,-1.72412e-005
6737.35,2.8438e-005,-2.44519e-006
6738.35,1.99858e-005,9.18826e-006
6739.35,5.28963e-006,7.39801e-006
6740.35,-7.07988e-006,7.2982e-006
6741.35,-4.75319e-006,8.98864e-006
6742.35,5.28963e-006,7.39801e-006
6743.35,1.50143e-005,3.79882e-006
6744.35,1.56506e-005,7.81595e-006
6745.35,1.42783e-005,1.21512e-005
6746.35,6.98007e-006,5.07132e-006
6747.35,-6.66195e-006,-3.06275e-006
6748.35,-1.60685e-005,2.54501e-006
6749.35,-1.01426e-005,1.39601e-005
6750.35,5.50795e-006,2.17761e-005
6751.35,2.31671e-005,2.92739e-005
6752.35,3.25737e-005,2.36662e-005
6753.35,2.43211e-005,1.05606e-005
6754.35,6.34382e-006,1.05419e-006
6755.35,-8.35239e-006,-7.36062e-007
6756.35,-2.07219e-005,-8.35873e-007
6757.35,-2.13582e-005,-4.853e-006
6758.35,-1.08974e-005,-1.68046e-005
6759.35,-1.18504e-007,-2.67476e-005
6760.35,8.23388e-006,-2.60115e-005
6761.35,1.58502e-005,-1.69231e-005
6762.35,1.35235e-005,-1.86135e-005
6763.35,6.54344e-006,-2.36848e-005
6764.35,4.853e-006,-2.13582e-005
6765.35,8.87014e-006,-2.19944e-005
6766.35,9.28807e-006,-3.23554e-005
6767.35,-3.7177e-006,-3.64723e-005
6768.35,-1.31243e-005,-3.08645e-005
6769.35,-1.78775e-005,-2.18759e-005
6770.35,-2.06221e-005,-1.32054e-005
6771.35,-2.30486e-005,-2.52631e-006
6772.35,-2.41028e-005,3.81751e-006
6773.35,-2.44209e-005,1.80894e-006
6774.35,-1.86135e-005,-1.35235e-005
6775.35,-3.08145e-006,-3.24552e-005
6776.34,1.12966e-005,-3.26735e-005
6777.34,1.71227e-005,-8.88883e-006
6778.34,1.44966e-005,2.65293e-005
6779.34,5.94458e-006,5.05323e-005
6780.34,-7.1737e-007,4.74695e-005
6781.34,5.50795e-006,2.17761e-005
6782.34,2.00857e-005,-3.18126e-006
6783.34,2.45207e-005,-1.41785e-005
6784.34,7.36062e-007,-8.35239e-006
6785.34,-2.98104e-005,6.78045e-006
6786.34,-3.31912e-005,1.14338e-005
6787.34,-1.31056e-005,8.25258e-006
6788.34,9.54377e-007,6.0257e-006
6789.34,6.34382e-006,1.05419e-006
6790.34,1.00428e-005,-1.59063e-006
6791.34,1.82954e-005,1.1515e-005
6792.34,2.51757e-005,2.89558e-005
6793.34,2.613e-005,3.49815e-005
6794.34,1.28061e-005,2.8856e-005
6795.34,1.18504e-007,2.67476e-005
6796.34,1.80894e-006,2.44209e-005
6797.34,9.94302e-006,1.07789e-005
6798.34,1.57504e-005,-4.55357e-006
6799.34,2.00857e-005,-3.18126e-006
6800.34,1.96677e-005,7.1797e-006
6801.34,1.49145e-005,1.61683e-005
6802.34,1.51328e-005,3.05464e-005
6803.34,1.23882e-005,3.92169e-005
6804.34,-2.94425e-006,3.34095e-005
6805.34,-1.33052e-005,3.29916e-005
6806.34,-1.43594e-005,3.93354e-005
6807.34,-1.9649e-005,3.19374e-005
6808.34,-2.62112e-005,1.65052e-005
6809.34,-3.2137e-005,5.09001e-006
6810.34,-3.57362e-005,-4.63469e-006
6811.34,-3.20372e-005,-7.27951e-006
6812.34,-2.104e-005,-2.84444e-006
6813.34,-1.54323e-005,6.56214e-006
6814.34,-1.54323e-005,6.56214e-006
6815.34,-1.83952e-005,8.54566e-007
6816.33,-1.56506e-005,-7.81595e-006
6817.33,-5.18982e-006,-1.97675e-005
6818.33,8.23388e-006,-2.60115e-005
6819.33,1.48958e-005,-2.29488e-005
6820.33,8.55201e-006,-2.4003e-005
6821.33,-2.44519e-006,-2.8438e-005
6822.33,1.99622e-007,-2.4739e-005
6823.33,1.01426e-005,-1.39601e-005
6824.33,1.18331e-005,-1.62868e-005
6825.33,4.853e-006,-2.13582e-005
6826.33,2.4265e-006,-1.06791e-005
6827.33,9.30677e-006,6.76176e-006
6828.33,1.6605e-005,1.38416e-005
6829.33,1.45964e-005,1.41598e-005
6830.33,1.25878e-005,1.44779e-005
6831.33,1.92498e-005,1.75406e-005
6832.33,2.22127e-005,2.32482e-005
6833.33,2.48575e-005,2.69472e-005
6834.33,2.18946e-005,2.12397e-005
6835.33,1.08974e-005,1.68046e-005
6836.33,1.38603e-005,2.25122e-005
6837.33,2.62299e-005,2.2612e-005
6838.33,2.26307e-005,1.28873e-005
6839.33,8.03426e-006,-1.2725e-006
6840.33,4.11694e-006,-1.30058e-005
6841.33,9.82451e-006,-1.59687e-005
6842.33,1.23695e-005,9.9811e-008
6843.33,6.88026e-006,1.74408e-005
6844.33,-3.79882e-006,1.50143e-005
6845.33,-1.43781e-005,2.18315e-007
6846.33,-1.19516e-005,-1.04608e-005
6847.33,1.51141e-005,-8.5707e-006
6848.33,3.78446e-005,-8.05295e-006
6849.33,3.47819e-005,-1.39101e-006
6850.33,1.35422e-005,2.05036e-005
6851.33,2.34538e-006,4.08076e-005
6852.33,-2.99433e-007,3.71086e-005
6853.33,-2.10838e-006,1.26876e-005
6854.33,-1.16335e-005,-8.4522e-006
6855.33,-1.99858e-005,-9.18826e-006
6856.33,-1.57504e-005,4.55357e-006
6857.33,-3.16257e-006,1.90315e-005
6858.33,1.80894e-006,2.44209e-005
6859.32,-3.48069e-006,1.70229e-005
6860.32,2.64482e-006,3.69901e-006
6861.32,2.37847e-005,-5.82607e-006
6862.32,4.2498e-005,-4.67207e-006
6863.32,3.84809e-005,-4.03582e-006
6864.32,1.8495e-005,-1.32241e-005
6865.32,-2.86313e-006,-1.80771e-005
6866.32,-1.39601e-005,-1.01426e-005
6867.32,-9.7247e-006,3.59919e-006
6868.32,5.60776e-006,9.40658e-006
6869.32,2.13582e-005,4.853e-006
6870.32,2.4739e-005,1.99622e-007
6871.32,1.56506e-005,7.81595e-006
6872.32,6.56214e-006,1.54323e-005
6873.32,6.24401e-006,1.34237e-005
6874.32,5.92589e-006,1.14151e-005
6875.32,5.36441e-007,1.63866e-005
6876.32,5.36441e-007,1.63866e-005
6877.32,3.59919e-006,9.7247e-006
6878.32,2.96294e-006,5.70757e-006
6879.32,-1.04608e-005,1.19516e-005
6880.32,-1.5214e-005,2.09402e-005
6881.32,1.49082e-006,2.24123e-005
6882.32,1.86135e-005,1.35235e-005
6883.32,1.06791e-005,2.4265e-006
6884.32,-5.60776e-006,-9.40658e-006
6885.32,-1.6187e-005,-2.42026e-005
6886.32,-2.58119e-005,-3.29729e-005
6887.32,-2.51757e-005,-2.89558e-005
6888.32,-1.58689e-005,-2.2194e-005
6889.32,-6.56214e-006,-1.54323e-005
6890.32,-9.54377e-007,-6.0257e-006
6891.32,-3.38088e-006,4.65338e-006
6892.32,-7.07988e-006,7.2982e-006
6893.32,-7.36062e-007,8.35239e-006
6894.32,1.02611e-005,1.27875e-005
6895.32,1.05793e-005,1.4796e-005
6896.32,3.18126e-006,2.00857e-005
6897.32,-7.1797e-006,1.96677e-005
6898.31,-5.38945e-006,4.97151e-006
6899.31,-2.18315e-007,-1.43781e-005
6900.31,-3.91732e-006,-1.17333e-005
6901.31,-1.14151e-005,5.92589e-006
6902.31,-9.82451e-006,1.59687e-005
6903.31,-1.38416e-005,1.6605e-005
6904.31,-1.95492e-005,1.95679e-005
6905.31,-6.86157e-006,2.16763e-005
6906.31,1.45964e-005,1.41598e-005
6907.31,1.90315e-005,3.16257e-006
6908.31,5.38945e-006,-4.97151e-006
6909.31,-8.98864e-006,-4.75319e-006
6910.31,-1.76592e-005,-7.49782e-006
6911.31,-2.55936e-005,-1.85948e-005
6912.31,-2.82384e-005,-2.22938e-005
6913.31,-1.09972e-005,-4.43507e-006
6914.31,1.6605e-005,1.38416e-005
6915.31,3.36279e-005,1.73223e-005
6916.31,2.66478e-005,1.2251e-005
6917.31,1.0361e-005,4.17937e-007
6918.31,2.10838e-006,-1.26876e-005
6919.31,1.11968e-005,-2.0304e-005
6920.31,2.9592e-005,-2.11585e-005
6921.31,3.82626e-005,-1.84139e-005
6922.31,3.28731e-005,-1.34424e-005
6923.31,1.7759e-005,-4.8717e-006
6924.31,1.19516e-005,1.04608e-005
6925.31,2.39032e-005,2.09215e-005
6926.31,2.92926e-005,1.595e-005
6927.31,4.01713e-006,-6.36252e-007
6928.31,-2.89745e-005,-1.39415e-005
6929.31,-3.7645e-005,-1.66861e-005
6930.31,-2.46392e-005,-1.25691e-005
6931.31,-1.79773e-005,-9.50639e-006
6932.31,-2.69659e-005,-1.42596e-005
6933.31,-3.50002e-005,-1.29871e-005
6934.31,-2.63297e-005,-1.02424e-005
6935.31,-1.75593e-005,-1.98673e-005
6936.31,-1.2488e-005,-2.68474e-005
6937.31,5.17748e-007,-2.27305e-005
6938.31,1.71227e-005,-8.88883e-006
6939.3,2.53753e-005,4.21675e-006
6940.3,2.32669e-005,1.69044e-005
6941.3,1.18518e-005,2.28303e-005
6942.3,-1.47212e-006,1.67048e-005
6943.3,-1.05419e-006,6.34382e-006
6944.3,1.14151e-005,-5.92589e-006
6945.3,2.45207e-005,-1.41785e-005
6946.3,2.85379e-005,-1.48147e-005
6947.3,1.8495e-005,-1.32241e-005
6948.3,7.81595e-006,-1.56506e-005
6949.3,7.1797e-006,-1.96677e-005
6950.3,3.79882e-006,-1.50143e-005
6951.3,-3.69901e-006,2.64482e-006
6952.3,-6.22532e-006,2.56934e-005
6953.3,-6.17559e-007,3.51e-005
6954.3,7.83464e-006,2.34665e-005
6955.3,1.50143e-005,3.79882e-006
6956.3,2.78018e-005,-6.46233e-006
6957.3,4.45066e-005,-4.9902e-006
6958.3,4.31343e-005,-6.54944e-007
6959.3,1.93496e-005,5.17113e-006
6960.3,-3.06275e-006,6.66195e-006
6961.3,-1.406e-005,2.22688e-006
6962.3,-1.16335e-005,-8.4522e-006
6963.3,-6.88026e-006,-1.74408e-005
6964.3,-1.69231e-005,-1.58502e-005
6965.3,-4.20801e-005,-5.68888e-006
6966.3,-5.18048e-005,-2.08968e-006
6967.3,-3.43639e-005,-8.96995e-006
6968.3,-1.79773e-005,-9.50639e-006
6969.3,-1.17333e-005,3.91732e-006
6970.3,-3.79882e-006,1.50143e-005
6971.3,3.91732e-006,1.17333e-005
6972.3,1.00428e-005,-1.59063e-006
6973.3,1.27875e-005,-1.02611e-005
6974.3,1.24693e-005,-1.22697e-005
6975.3,1.24693e-005,-1.22697e-005
6976.3,7.49782e-006,-1.76592e-005
6977.3,-2.54501e-006,-1.60685e-005
6978.3,-5.70757e-006,2.96294e-006
6979.3,1.18504e-007,2.67476e-005
6980.3,6.46233e-006,2.78018e-005
6981.29,7.93445e-006,1.1097e-005
6982.29,6.34382e-006,1.05419e-006
6983.29,-4.01713e-006,6.36252e-007
6984.29,-1.30058e-005,-4.11694e-006
6985.29,-1.02611e-005,-1.27875e-005
6986.29,-7.19839e-006,-1.94494e-005
6987.29,-3.49938e-006,-2.20942e-005
6988.29,-2.18315e-007,-1.43781e-005
6989.29,3.69901e-006,-2.64482e-006
6990.29,1.13153e-005,6.44363e-006
6991.29,1.76592e-005,7.49782e-006
6992.29,1.99858e-005,9.18826e-006
6993.29,1.2906e-005,1.64865e-005
6994.29,2.12707e-006,2.64295e-005
6995.29,-6.86157e-006,2.16763e-005
6996.29,-5.38945e-006,4.97151e-006
6997.29,8.98864e-006,4.75319e-006
6998.29,2.4003e-005,8.55201e-006
6999.29,2.33667e-005,4.53488e-006
7000.29,7.61633e-006,9.08845e-006
7001.29,-1.02424e-005,2.63297e-005
7002.29,-1.70042e-005,3.56364e-005
7003.29,-1.19329e-005,2.86564e-005
7004.29,5.18982e-006,1.97675e-005
7005.29,3.26735e-005,1.12966e-005
7006.29,4.28161e-005,-2.66351e-006
7007.29,2.65293e-005,-1.44966e-005
7008.29,2.84444e-006,-2.104e-005
7009.29,-1.2488e-005,-2.68474e-005
7010.29,-2.14767e-005,-3.16006e-005
7011.29,-1.95679e-005,-1.95492e-005
7012.29,-1.17333e-005,3.91732e-006
7013.29,-1.99622e-007,2.4739e-005
7014.29,1.14338e-005,3.31912e-005
7015.29,2.51757e-005,2.89558e-005
7016.29,3.33097e-005,1.53138e-005
7017.29,2.16763e-005,6.86157e-006
7018.29,2.00857e-006,-3.18126e-007
7019.29,-8.25258e-006,-1.31056e-005
7020.29,-5.18982e-006,-1.97675e-005
7021.29,-4.23545e-006,-1.37418e-005
7022.29,-1.19516e-005,-1.04608e-005
7023.28,-1.13153e-005,-6.44363e-006
7024.28,-2.64482e-006,-3.69901e-006
7025.28,1.37231e-006,-4.33526e-006
7026.28,-9.54377e-007,-6.0257e-006
7027.28,-1.0361e-005,-4.17937e-007
7028.28,-1.31056e-005,8.25258e-006
7029.28,-9.08845e-006,7.61633e-006
7030.28,-2.32669e-006,-1.69044e-006
7031.28,4.01713e-006,-6.36252e-007
7032.28,1.13153e-005,6.44363e-006
7033.28,4.97151e-006,5.38945e-006
7034.28,-6.66195e-006,-3.06275e-006
7035.28,-6.66195e-006,-3.06275e-006
7036.28,3.28107e-006,7.71614e-006
7037.28,1.2906e-005,1.64865e-005
7038.28,2.26307e-005,1.28873e-005
7039.28,2.74837e-005,-8.47089e-006
7040.28,2.13395e-005,-3.42641e-005
7041.28,7.37932e-006,-4.44068e-005
7042.28,-9.10714e-006,-3.15008e-005
7043.28,-1.52327e-005,-1.81769e-005
7044.28,-1.12155e-005,-1.88132e-005
7045.28,-1.2906e-005,-1.64865e-005
7046.28,-2.24123e-005,1.49082e-006
7047.28,-3.08645e-005,1.31243e-005
7048.28,-1.60685e-005,2.54501e-006
7049.28,1.69044e-005,-2.32669e-005
7050.28,4.20614e-005,-3.34282e-005
7051.28,3.52996e-005,-2.41215e-005
7052.28,1.38416e-005,-1.6605e-005
7053.28,-2.54501e-006,-1.60685e-005
7054.28,-3.59919e-006,-9.7247e-006
7055.28,2.00857e-006,-3.18126e-007
7056.28,7.2982e-006,7.07988e-006
7057.28,6.98007e-006,5.07132e-006
7058.28,-3.06275e-006,6.66195e-006
7059.28,-5.48926e-006,1.7341e-005
7060.28,1.52327e-005,1.81769e-005
7061.28,3.94353e-005,1.98987e-006
7062.27,4.38703e-005,-9.00733e-006
7063.27,3.64723e-005,-3.7177e-006
7064.27,2.104e-005,2.84444e-006
7065.27,-1.37231e-006,4.33526e-006
7066.27,-2.31484e-005,9.84321e-006
7067.27,-3.28731e-005,1.34424e-005
7068.27,-4.15436e-005,1.06978e-005
7069.27,-4.95779e-005,1.19703e-005
7070.27,-4.33339e-005,2.5394e-005
7071.27,-1.42596e-005,2.69659e-005
7072.27,2.19944e-005,8.87014e-006
7073.27,3.48817e-005,-1.37605e-005
7074.27,2.15578e-005,-1.9886e-005
7075.27,6.12551e-006,-1.33239e-005
7076.27,2.4265e-006,-1.06791e-005
7077.27,-3.91732e-006,-1.17333e-005
7078.27,-1.49145e-005,-1.61683e-005
7079.27,-1.65052e-005,-2.62112e-005
7080.27,-3.7177e-006,-3.64723e-005
7081.27,8.33369e-006,-3.83811e-005
7082.27,7.91576e-006,-2.80201e-005
7083.27,-2.86313e-006,-1.80771e-005
7084.27,-1.2906e-005,-1.64865e-005
7085.27,-2.18946e-005,-2.12397e-005
7086.27,-2.7284e-005,-1.62681e-005
7087.27,-2.7702e-005,-5.90719e-006
7088.27,-2.57932e-005,6.1442e-006
7089.27,-2.01855e-005,1.55508e-005
7090.27,-1.18331e-005,1.62868e-005
7091.27,-1.04608e-005,1.19516e-005
7092.27,-1.78588e-005,1.72412e-005
7093.27,-1.95492e-005,1.95679e-005
7094.27,-1.68046e-005,1.08974e-005
7095.27,-7.2982e-006,-7.07988e-006
7096.27,4.21675e-006,-2.53753e-005
7097.27,2.308e-006,-3.74267e-005
7098.27,-6.04439e-006,-3.81627e-005
7099.27,-6.04439e-006,-3.81627e-005
7100.27,9.35684e-007,-3.30914e-005
7101.27,8.13407e-006,-1.3642e-005
7102.27,1.99858e-005,9.18826e-006
7103.26,3.06649e-005,1.16148e-005
7104.26,2.94922e-005,-8.78902e-006
7105.26,1.82767e-005,-2.76022e-005
7106.26,5.27094e-006,-3.17191e-005
7107.26,-8.47089e-006,-2.74837e-005
7108.26,-1.15336e-005,-2.08217e-005
7109.26,-3.59919e-006,-9.7247e-006
7110.26,2.32669e-006,1.69044e-006
7111.26,-2.4265e-006,1.06791e-005
7112.26,-4.43507e-006,1.09972e-005
7113.26,1.69044e-006,-2.32669e-006
7114.26,8.4522e-006,-1.16335e-005
7115.26,1.34237e-005,-6.24401e-006
7116.26,1.13153e-005,6.44363e-006
7117.26,1.90875e-006,1.20514e-005
7118.26,9.54377e-007,6.0257e-006
7119.26,8.03426e-006,-1.2725e-006
7120.26,1.37418e-005,-4.23545e-006
7121.26,1.81769e-005,-1.52327e-005
7122.26,2.09215e-005,-2.39032e-005
7123.26,1.61683e-005,-1.49145e-005
7124.26,1.06791e-005,2.4265e-006
7125.26,7.61633e-006,9.08845e-006
7126.26,8.67051e-006,2.74463e-006
7127.26,1.47212e-006,-1.67048e-005
7128.26,-8.78902e-006,-2.94922e-005
7129.26,2.52631e-006,-2.30486e-005
7130.26,2.81199e-005,-4.45376e-006
7131.26,3.30914e-005,9.35684e-007
7132.26,7.81595e-006,-1.56506e-005
7133.26,-1.51328e-005,-3.05464e-005
7134.26,-1.2488e-005,-2.68474e-005
7135.26,6.44363e-006,-1.13153e-005
7136.26,1.87133e-005,1.154e-006
7137.26,1.26876e-005,2.10838e-006
7138.26,-3.69901e-006,2.64482e-006
7139.26,-1.17333e-005,3.91732e-006
7140.26,-2.00857e-006,3.18126e-007
7141.26,1.20514e-005,-1.90875e-006
7142.26,1.30058e-005,4.11694e-006
7143.26,-6.44363e-006,1.13153e-005
7144.26,-2.74837e-005,8.47089e-006
7145.25,-2.64295e-005,2.12707e-006
7146.25,-6.66195e-006,-3.06275e-006
7147.25,1.20514e-005,-1.90875e-006
7148.25,1.57504e-005,-4.55357e-006
7149.25,1.41598e-005,-1.45964e-005
7150.25,1.56319e-005,-3.13012e-005
7151.25,1.73223e-005,-3.36279e-005
7152.25,2.25122e-005,-1.38603e-005
7153.25,2.46392e-005,1.25691e-005
7154.25,2.51757e-005,2.89558e-005
7155.25,1.57691e-005,3.45636e-005
7156.25,-7.1797e-006,1.96677e-005
7157.25,-2.80201e-005,-7.91576e-006
7158.25,-1.85137e-005,-2.5893e-005
7159.25,7.49782e-006,-1.76592e-005
7160.25,2.19944e-005,8.87014e-006
7161.25,1.94681e-005,3.19187e-005
7162.25,2.00045e-005,4.83054e-005
7163.25,2.8675e-005,5.105e-005
7164.25,3.51187e-005,3.97347e-005
7165.25,3.73269e-005,1.46775e-005
7166.25,3.61542e-005,-5.72626e-006
7167.25,2.71655e-005,-1.04795e-005
7168.25,1.68046e-005,-1.08974e-005
7169.25,6.44363e-006,-1.13153e-005
7170.25,-8.5707e-006,-1.51141e-005
7171.25,-1.86135e-005,-1.35235e-005
7172.25,-1.56506e-005,-7.81595e-006
7173.25,-7.61633e-006,-9.08845e-006
7174.25,9.9811e-008,-1.23695e-005
7175.25,-2.22688e-006,-1.406e-005
7176.25,-8.5707e-006,-1.51141e-005
7177.25,-1.2488e-005,-2.68474e-005
7178.25,-1.56693e-005,-4.69331e-005
7179.25,-1.89503e-005,-5.46492e-005
7180.25,-8.37108e-006,-3.98532e-005
7181.25,5.80738e-006,-1.53325e-005
7182.25,1.26876e-005,2.10838e-006
7183.25,1.56506e-005,7.81595e-006
7184.25,1.86135e-005,1.35235e-005
7185.25,2.18946e-005,2.12397e-005
7186.25,1.57691e-005,3.45636e-005
7187.24,-5.37075e-006,4.40886e-005
7188.24,-2.4502e-005,5.32956e-005
7189.24,-1.41411e-005,5.37135e-005
7190.24,8.68921e-006,4.18617e-005
7191.24,1.51328e-005,3.05464e-005
7192.24,6.78045e-006,2.98104e-005
7193.24,7.51651e-006,2.1458e-005
7194.24,1.7341e-005,5.48926e-006
7195.24,3.44637e-005,-3.39957e-006
7196.24,5.19046e-005,-1.02798e-005
7197.24,5.4013e-005,-2.29675e-005
7198.24,3.30727e-005,-3.81814e-005
7199.24,1.35362e-006,-4.34524e-005
7200.24,-1.94681e-005,-3.19187e-005
7201.24,-2.19944e-005,-8.87014e-006
7202.24,-8.77032e-006,9.62489e-006
7203.24,-9.9811e-008,1.23695e-005
7204.24,1.90875e-006,1.20514e-005
7205.24,2.54501e-006,1.60685e-005
7206.24,6.36252e-007,4.01713e-006
7207.24,-1.49082e-006,-2.24123e-005
7208.24,-6.36252e-006,-4.01713e-005
7209.24,-1.00615e-005,-3.75265e-005
7210.24,-3.81751e-006,-2.41028e-005
7211.24,1.19329e-005,-2.86564e-005
7212.24,2.27118e-005,-3.85994e-005
7213.24,1.9649e-005,-3.19374e-005
7214.24,3.16257e-006,-1.90315e-005
7215.24,-9.94302e-006,-1.07789e-005
7216.24,-0,0
7217.24,1.79773e-005,9.50639e-006
7218.24,1.99858e-005,9.18826e-006
7219.24,8.35239e-006,7.36062e-007
7220.24,-4.97151e-006,-5.38945e-006
7221.24,-1.09972e-005,-4.43507e-006
7222.24,-4.97151e-006,-5.38945e-006
7223.24,3.06275e-006,-6.66195e-006
7224.24,1.43781e-005,-2.18315e-007
7225.24,1.33239e-005,6.12551e-006
7226.23,4.33526e-006,1.37231e-006
7227.23,3.38088e-006,-4.65338e-006
7228.23,1.14151e-005,-5.92589e-006
7229.23,2.37847e-005,-5.82607e-006
7230.23,2.31484e-005,-9.84321e-006
7231.23,9.82451e-006,-1.59687e-005
7232.23,-4.55357e-006,-1.57504e-005
7233.23,-1.33239e-005,-6.12551e-006
7234.23,-1.50143e-005,-3.79882e-006
7235.23,9.9811e-008,-1.23695e-005
7236.23,2.35663e-005,-2.02042e-005
7237.23,3.51998e-005,-1.1752e-005
7238.23,3.07647e-005,-7.54755e-007
7239.23,2.07219e-005,8.35873e-007
7240.23,9.7247e-006,-3.59919e-006
7241.23,-3.18126e-007,-2.00857e-006
7242.23,3.18126e-007,2.00857e-006
7243.23,1.43781e-005,-2.18315e-007
7244.23,2.44209e-005,-1.80894e-006
7245.23,2.61114e-005,-4.13563e-006
7246.23,2.00857e-005,-3.18126e-006
7247.23,1.67048e-005,1.47212e-006
7248.23,1.00428e-005,-1.59063e-006
7249.23,2.4265e-006,-1.06791e-005
7250.23,-6.56214e-006,-1.54323e-005
7251.23,-4.55357e-006,-1.57504e-005
7252.23,6.44363e-006,-1.13153e-005
7253.23,1.83952e-005,-8.54566e-007
7254.23,1.83952e-005,-8.54566e-007
7255.23,1.88132e-005,-1.12155e-005
7256.23,2.65293e-005,-1.44966e-005
7257.23,3.2137e-005,-5.09001e-006
7258.23,2.30486e-005,2.52631e-006
7259.23,8.35239e-006,7.36062e-007
7260.23,8.03426e-006,-1.2725e-006
7261.23,1.96677e-005,7.1797e-006
7262.23,2.69659e-005,1.42596e-005
7263.23,1.99858e-005,9.18826e-006
7264.23,8.35239e-006,7.36062e-007
7265.23,-3.69901e-006,2.64482e-006
7266.23,-1.61683e-005,1.49145e-005
7267.22,-2.22938e-005,2.82384e-005
7268.22,-1.53138e-005,3.33097e-005
7269.22,-8.23388e-006,2.60115e-005
7270.22,-8.77032e-006,9.62489e-006
7271.22,-1.30058e-005,-4.11694e-006
7272.22,-1.16335e-005,-8.4522e-006
7273.22,-3.59919e-006,-9.7247e-006
7274.22,4.75319e-006,-8.98864e-006
7275.22,7.81595e-006,-1.56506e-005
7276.22,1.02424e-005,-2.63297e-005
7277.22,9.92432e-006,-2.83382e-005
7278.22,9.18826e-006,-1.99858e-005
7279.22,6.44363e-006,-1.13153e-005
7280.22,-3.28107e-006,-7.71614e-006
7281.22,-1.33239e-005,-6.12551e-006
7282.22,-3.69901e-006,2.64482e-006
7283.22,1.6605e-005,1.38416e-005
7284.22,2.7284e-005,1.62681e-005
7285.22,1.6605e-005,1.38416e-005
7286.22,7.93445e-006,1.1097e-005
7287.22,6.56214e-006,1.54323e-005
7288.22,5.18982e-006,1.97675e-005
7289.22,7.51651e-006,2.1458e-005
7290.22,1.41785e-005,2.45207e-005
7291.22,9.42527e-006,3.35094e-005
7292.22,-1.20327e-005,4.10259e-005
7293.22,-2.50385e-005,3.69089e-005
7294.22,-1.58502e-005,1.69231e-005
7295.22,1.05419e-006,-6.34382e-006
7296.22,5.17113e-006,-1.93496e-005
7297.22,-8.15277e-006,-2.54751e-005
7298.22,-2.11585e-005,-2.9592e-005
7299.22,-3.18376e-005,-3.20185e-005
7300.22,-3.49004e-005,-2.53566e-005
7301.22,-2.60115e-005,-8.23388e-006
7302.22,-7.39801e-006,5.28963e-006
7303.22,1.19516e-005,1.04608e-005
7304.22,7.61633e-006,9.08845e-006
7305.22,-1.31056e-005,8.25258e-006
7306.22,-2.68474e-005,1.2488e-005
7307.22,-2.35663e-005,2.02042e-005
7308.22,-1.38416e-005,1.6605e-005
7309.21,-8.03426e-006,1.2725e-006
7310.21,-5.28963e-006,-7.39801e-006
7311.21,-1.37231e-006,4.33526e-006
7312.21,4.45376e-006,2.81199e-005
7313.21,1.73597e-005,4.46064e-005
7314.21,2.70844e-005,4.10072e-005
7315.21,2.31671e-005,2.92739e-005
7316.21,1.35422e-005,2.05036e-005
7317.21,1.12155e-005,1.88132e-005
7318.21,1.89317e-005,1.55321e-005
7319.21,2.87562e-005,-4.36629e-007
7320.21,2.52568e-005,-2.25309e-005
7321.21,1.19329e-005,-2.86564e-005
7322.21,8.77032e-006,-9.62489e-006
7323.21,2.29488e-005,1.48958e-005
7324.21,3.49004e-005,2.53566e-005
7325.21,3.0247e-005,2.19757e-005
7326.21,1.6605e-005,1.38416e-005
7327.21,1.30058e-005,4.11694e-006
7328.21,2.11398e-005,-9.52508e-006
7329.21,2.38845e-005,-1.81956e-005
7330.21,2.18759e-005,-1.78775e-005
7331.21,2.74837e-005,-8.47089e-006
7332.21,3.01285e-005,-4.77189e-006
7333.21,1.7759e-005,-4.8717e-006
7334.21,3.18126e-007,2.00857e-006
7335.21,-8.13407e-006,1.3642e-005
7336.21,2.18315e-007,1.43781e-005
7337.21,1.53325e-005,5.80738e-006
7338.21,2.11398e-005,-9.52508e-006
7339.21,1.8913e-005,-2.3585e-005
7340.21,1.19329e-005,-2.86564e-005
7341.21,-4.36629e-007,-2.87562e-005
7342.21,-8.15277e-006,-2.54751e-005
7343.21,-4.45376e-006,-2.81199e-005
7344.21,2.94425e-006,-3.34095e-005
7345.21,-7.4167e-006,-3.38275e-005
7346.21,-1.88318e-005,-2.79016e-005
7347.21,-1.86135e-005,-1.35235e-005
7348.21,-1.00428e-005,1.59063e-006
7349.21,-1.79025e-006,1.46962e-005
7350.2,6.88026e-006,1.74408e-005
7351.2,2.4003e-005,8.55201e-006
7352.2,4.35522e-005,-1.10159e-005
7353.2,4.62968e-005,-1.96864e-005
7354.2,3.08645e-005,-1.31243e-005
7355.2,1.43781e-005,-2.18315e-007
7356.2,8.5707e-006,1.51141e-005
7357.2,8.47089e-006,2.74837e-005
7358.2,1.2488e-005,2.68474e-005
7359.2,2.29488e-005,1.48958e-005
7360.2,3.20372e-005,7.27951e-006
7361.2,2.97105e-005,5.58907e-006
7362.2,1.90315e-005,3.16257e-006
7363.2,1.406e-005,-2.22688e-006
7364.2,1.27875e-005,-1.02611e-005
7365.2,5.48926e-006,-1.7341e-005
7366.2,-5.50795e-006,-2.17761e-005
7367.2,-1.49145e-005,-1.61683e-005
7368.2,-1.43781e-005,2.18315e-007
7369.2,-6.54344e-006,2.36848e-005
7370.2,-2.94425e-006,3.34095e-005
7371.2,-1.19329e-005,2.86564e-005
7372.2,-1.95492e-005,1.95679e-005
7373.2,-1.68046e-005,1.08974e-005
7374.2,-8.98864e-006,-4.75319e-006
7375.2,-8.5707e-006,-1.51141e-005
7376.2,-1.59687e-005,-9.82451e-006
7377.2,-1.87133e-005,-1.154e-006
7378.2,-6.34382e-006,-1.05419e-006
7379.2,4.75319e-006,-8.98864e-006
7380.2,-7.2982e-006,-7.07988e-006
7381.2,-2.37847e-005,5.82607e-006
7382.2,-2.48388e-005,1.21699e-005
7383.2,-1.57504e-005,4.55357e-006
7384.2,-1.3642e-005,-8.13407e-006
7385.2,-1.89317e-005,-1.55321e-005
7386.2,-7.2982e-006,-7.07988e-006
7387.2,9.30677e-006,6.76176e-006
7388.2,3.49938e-006,2.20942e-005
7389.19,-1.76405e-005,3.16193e-005
7390.19,-2.73652e-005,3.52185e-005
7391.19,-2.02853e-005,2.79203e-005
7392.19,-2.4265e-006,1.06791e-005
7393.19,1.68046e-005,-1.08974e-005
7394.19,2.68474e-005,-1.2488e-005
7395.19,1.70229e-005,3.48069e-006
7396.19,-5.48926e-006,1.7341e-005
7397.19,-1.78588e-005,1.72412e-005
7398.19,-1.04608e-005,1.19516e-005
7399.19,6.24401e-006,1.34237e-005
7400.19,8.88883e-006,1.71227e-005
7401.19,-1.47212e-006,1.67048e-005
7402.19,-7.39801e-006,5.28963e-006
7403.19,-4.97151e-006,-5.38945e-006
7404.19,-2.00857e-006,3.18126e-007
7405.19,9.54377e-007,6.0257e-006
7406.19,6.0257e-006,-9.54377e-007
7407.19,9.40658e-006,-5.60776e-006
7408.19,1.23695e-005,9.9811e-008
7409.19,1.16335e-005,8.4522e-006
7410.19,1.19516e-005,1.04608e-005
7411.19,1.30058e-005,4.11694e-006
7412.19,1.23695e-005,9.9811e-008
7413.19,1.2725e-006,8.03426e-006
7414.19,-9.18826e-006,1.99858e-005
7415.19,-6.86157e-006,2.16763e-005
7416.19,5.92589e-006,1.14151e-005
7417.19,9.7247e-006,-3.59919e-006
7418.19,1.154e-006,-1.87133e-005
7419.19,-4.77189e-006,-3.01285e-005
7420.19,-5.72626e-006,-3.61542e-005
7421.19,-1.18518e-005,-2.28303e-005
7422.19,-2.48388e-005,1.21699e-005
7423.19,-2.76833e-005,3.32099e-005
7424.19,-1.82767e-005,2.76022e-005
7425.19,-2.10838e-006,1.26876e-005
7426.19,8.98864e-006,4.75319e-006
7427.19,1.50143e-005,3.79882e-006
7428.19,1.7341e-005,5.48926e-006
7429.19,2.64482e-006,3.69901e-006
7430.19,-2.00857e-005,3.18126e-006
7431.18,-3.24552e-005,3.08145e-006
7432.18,-3.47819e-005,1.39101e-006
7433.18,-3.71086e-005,-2.99433e-007
7434.18,-3.67904e-005,1.70913e-006
7435.18,-2.71655e-005,1.04795e-005
7436.18,-1.8913e-005,2.3585e-005
7437.18,-1.23508e-005,3.90173e-005
7438.18,-5.37075e-006,4.40886e-005
7439.18,-2.94425e-006,3.34095e-005
7440.18,-9.82451e-006,1.59687e-005
7441.18,-2.31484e-005,9.84321e-006
7442.18,-2.25122e-005,1.38603e-005
7443.18,1.59063e-006,1.00428e-005
7444.18,2.37847e-005,-5.82607e-006
7445.18,2.28303e-005,-1.18518e-005
7446.18,1.51141e-005,-8.5707e-006
7447.18,2.17761e-005,-5.50795e-006
7448.18,3.64723e-005,-3.7177e-006
7449.18,3.64723e-005,-3.7177e-006
7450.18,2.68474e-005,-1.2488e-005
7451.18,1.78588e-005,-1.72412e-005
7452.18,1.18331e-005,-1.62868e-005
7453.18,1.01426e-005,-1.39601e-005
7454.18,1.68046e-005,-1.08974e-005
7455.18,1.63866e-005,-5.36441e-007
7456.18,8.98864e-006,4.75319e-006
7457.18,-4.01713e-006,6.36252e-007
7458.18,-1.06791e-005,-2.4265e-006
7459.18,-6.66195e-006,-3.06275e-006
7460.18,5.07132e-006,-6.98007e-006
7461.18,7.71614e-006,-3.28107e-006
7462.18,6.56214e-006,1.54323e-005
7463.18,2.76332e-006,3.04466e-005
7464.18,-1.02424e-005,2.63297e-005
7465.18,-2.68474e-005,1.2488e-005
7466.18,-2.56934e-005,-6.22532e-006
7467.18,-9.52508e-006,-2.11398e-005
7468.18,9.50639e-006,-1.79773e-005
7469.18,1.94494e-005,-7.19839e-006
7470.18,2.30486e-005,2.52631e-006
7471.18,1.70229e-005,3.48069e-006
7472.18,9.7247e-006,-3.59919e-006
7473.17,1.41598e-005,-1.45964e-005
7474.17,2.12397e-005,-2.18946e-005
7475.17,1.38416e-005,-1.6605e-005
7476.17,1.05419e-006,-6.34382e-006
7477.17,2.64482e-006,3.69901e-006
7478.17,1.50143e-005,3.79882e-006
7479.17,2.64295e-005,-2.12707e-006
7480.17,3.35094e-005,-9.42527e-006
7481.17,2.5893e-005,-1.85137e-005
7482.17,1.78588e-005,-1.72412e-005
7483.17,2.20942e-005,-3.49938e-006
7484.17,2.29488e-005,1.48958e-005
7485.17,1.28061e-005,2.8856e-005
7486.17,-2.308e-006,3.74267e-005
7487.17,-1.49956e-005,3.53183e-005
7488.17,-1.99672e-005,2.99289e-005
7489.17,-1.05606e-005,2.43211e-005
7490.17,2.54501e-006,1.60685e-005
7491.17,1.22697e-005,1.24693e-005
7492.17,2.26307e-005,1.28873e-005
7493.17,3.37277e-005,4.95282e-006
7494.17,2.94922e-005,-8.78902e-006
7495.17,1.44779e-005,-1.25878e-005
7496.17,6.76176e-006,-9.30677e-006
7497.17,5.48926e-006,-1.7341e-005
7498.17,8.35873e-007,-2.07219e-005
7499.17,-3.59919e-006,-9.7247e-006
7500.17,-7.39801e-006,5.28963e-006
7501.17,-1.64865e-005,1.2906e-005
7502.17,-2.28303e-005,1.18518e-005
7503.17,-1.88132e-005,1.12155e-005
7504.17,-9.7247e-006,3.59919e-006
7505.17,9.9811e-008,-1.23695e-005
7506.17,7.49782e-006,-1.76592e-005
7507.17,1.07789e-005,-9.94302e-006
7508.17,7.39801e-006,-5.28963e-006
7509.17,9.9811e-008,-1.23695e-005
7510.17,8.35873e-007,-2.07219e-005
7511.17,1.48958e-005,-2.29488e-005
7512.17,2.2612e-005,-2.62299e-005
7513.17,2.02853e-005,-2.79203e-005
7514.16,1.75406e-005,-1.92498e-005
7515.16,2.44209e-005,-1.80894e-006
7516.16,2.67476e-005,-1.18504e-007
7517.16,1.31056e-005,-8.25258e-006
7518.16,-3.91732e-006,-1.17333e-005
7519.16,-1.25878e-005,-1.44779e-005
7520.16,-1.95679e-005,-1.95492e-005
7521.16,-3.16193e-005,-1.76405e-005
7522.16,-3.83811e-005,-8.33369e-006
7523.16,-3.67904e-005,1.70913e-006
7524.16,-1.91313e-005,9.20695e-006
7525.16,4.97151e-006,5.38945e-006
7526.16,1.94494e-005,-7.19839e-006
7527.16,1.44779e-005,-1.25878e-005
7528.16,1.79025e-006,-1.46962e-005
7529.16,-1.35422e-005,-2.05036e-005
7530.16,-2.41215e-005,-3.52996e-005
7531.16,-1.70416e-005,-4.25978e-005
7532.16,1.98987e-006,-3.94353e-005
7533.16,1.42596e-005,-2.69659e-005
7534.16,1.8495e-005,-1.32241e-005
7535.16,2.00857e-005,-3.18126e-006
7536.16,2.24123e-005,-1.49082e-006
7537.16,2.11398e-005,-9.52508e-006
7538.16,2.42026e-005,-1.6187e-005
7539.16,2.49387e-005,-2.45394e-005
7540.16,1.99672e-005,-2.99289e-005
7541.16,1.62681e-005,-2.7284e-005
7542.16,1.61683e-005,-1.49145e-005
7543.16,1.27875e-005,-1.02611e-005
7544.16,1.27875e-005,-1.02611e-005
7545.16,1.68046e-005,-1.08974e-005
7546.16,1.27875e-005,-1.02611e-005
7547.16,5.38945e-006,-4.97151e-006
7548.16,7.71614e-006,-3.28107e-006
7549.16,1.17333e-005,-3.91732e-006
7550.16,8.35239e-006,7.36062e-007
7551.16,3.28107e-006,7.71614e-006
7552.16,3.59919e-006,9.7247e-006
7553.15,-4.17937e-007,1.0361e-005
7554.15,-1.01426e-005,1.39601e-005
7555.15,-2.32482e-005,2.22127e-005
7556.15,-2.93737e-005,3.55366e-005
7557.15,-2.10213e-005,3.62727e-005
7558.15,-8.87014e-006,2.19944e-005
7559.15,-2.4265e-006,1.06791e-005
7560.15,8.25258e-006,1.31056e-005
7561.15,1.45964e-005,1.41598e-005
7562.15,1.06791e-005,2.4265e-006
7563.15,9.08845e-006,-7.61633e-006
7564.15,7.07988e-006,-7.2982e-006
7565.15,-7.71614e-006,3.28107e-006
7566.15,-3.05464e-005,1.51328e-005
7567.15,-4.29159e-005,1.5033e-005
7568.15,-4.01713e-005,6.36252e-006
7569.15,-2.1458e-005,7.51651e-006
7570.15,1.08974e-005,1.68046e-005
7571.15,3.65908e-005,2.30299e-005
7572.15,3.65908e-005,2.30299e-005
7573.15,1.58689e-005,2.2194e-005
7574.15,-6.54344e-006,2.36848e-005
7575.15,-1.16148e-005,3.06649e-005
7576.15,-6.17559e-007,3.51e-005
7577.15,3.7177e-006,3.64723e-005
7578.15,-6.96138e-006,3.40458e-005
7579.15,-2.67289e-005,3.92356e-005
7580.15,-3.4445e-005,4.25167e-005
7581.15,-2.44022e-005,4.09261e-005
7582.15,-1.08787e-005,2.23125e-005
7583.15,-8.35239e-006,-7.36062e-007
7584.15,-6.24401e-006,-1.34237e-005
7585.15,-1.49082e-006,-2.24123e-005
7586.15,-3.49938e-006,-2.20942e-005
7587.15,-7.93445e-006,-1.1097e-005
7588.15,-1.43781e-005,2.18315e-007
7589.15,-1.61683e-005,1.49145e-005
7590.15,-8.87014e-006,2.19944e-005
7591.15,4.97151e-006,5.38945e-006
7592.15,1.42596e-005,-2.69659e-005
7593.15,1.77403e-005,-4.39888e-005
7594.15,1.6368e-005,-3.96536e-005
7595.14,1.16148e-005,-3.06649e-005
7596.14,1.19329e-005,-2.86564e-005
7597.14,1.76405e-005,-3.16193e-005
7598.14,1.70042e-005,-3.56364e-005
7599.14,9.28807e-006,-3.23554e-005
7600.14,-4.13563e-006,-2.61114e-005
7601.14,-1.72412e-005,-1.78588e-005
7602.14,-2.26307e-005,-1.28873e-005
7603.14,-2.36848e-005,-6.54344e-006
7604.14,-1.96677e-005,-7.1797e-006
7605.14,-8.5707e-006,-1.51141e-005
7606.14,5.17113e-006,-1.93496e-005
7607.14,1.98673e-005,-1.75593e-005
7608.14,2.05036e-005,-1.35422e-005
7609.14,1.01426e-005,-1.39601e-005
7610.14,4.17937e-007,-1.0361e-005
7611.14,-7.61633e-006,-9.08845e-006
7612.14,-1.59687e-005,-9.82451e-006
7613.14,-1.79773e-005,-9.50639e-006
7614.14,-4.97151e-006,-5.38945e-006
7615.14,2.00857e-005,-3.18126e-006
7616.14,3.44637e-005,-3.39957e-006
7617.14,3.24552e-005,-3.08145e-006
7618.14,2.24123e-005,-1.49082e-006
7619.14,2.34665e-005,-7.83464e-006
7620.14,2.62112e-005,-1.65052e-005
7621.14,2.09215e-005,-2.39032e-005
7622.14,8.35873e-007,-2.07219e-005
7623.14,-1.90315e-005,-3.16257e-006
7624.14,-2.42026e-005,1.6187e-005
7625.14,-1.61683e-005,1.49145e-005
7626.14,-1.00428e-005,1.59063e-006
7627.14,-1.67048e-005,-1.47212e-006
7628.14,-2.94922e-005,8.78902e-006
7629.14,-3.59359e-005,2.01043e-005
7630.14,-3.12825e-005,2.34852e-005
7631.14,-2.38845e-005,1.81956e-005
7632.14,-2.31484e-005,9.84321e-006
7633.14,-2.4739e-005,-1.99622e-007
7634.14,-1.59687e-005,-9.82451e-006
7635.14,9.9811e-008,-1.23695e-005
7636.13,1.60685e-005,-2.54501e-006
7637.13,2.80201e-005,7.91576e-006
7638.13,3.20372e-005,7.27951e-006
7639.13,2.90743e-005,1.57194e-006
7640.13,2.98104e-005,-6.78045e-006
7641.13,3.48817e-005,-1.37605e-005
7642.13,3.15008e-005,-9.10714e-006
7643.13,1.06791e-005,2.4265e-006
7644.13,-9.40658e-006,5.60776e-006
7645.13,-1.27875e-005,1.02611e-005
7646.13,-8.35873e-007,2.07219e-005
7647.13,5.50795e-006,2.17761e-005
7648.13,9.54377e-007,6.0257e-006
7649.13,9.9811e-008,-1.23695e-005
7650.13,1.1515e-005,-1.82954e-005
7651.13,2.8856e-005,-1.28061e-005
7652.13,4.38703e-005,-9.00733e-006
7653.13,4.42883e-005,-1.93683e-005
7654.13,2.92739e-005,-2.31671e-005
7655.13,1.31056e-005,-8.25258e-006
7656.13,2.54501e-006,1.60685e-005
7657.13,-6.22532e-006,2.56934e-005
7658.13,-6.86157e-006,2.16763e-005
7659.13,8.5707e-006,1.51141e-005
7660.13,3.06649e-005,1.16148e-005
7661.13,3.79631e-005,1.86946e-005
7662.13,2.54938e-005,3.09644e-005
7663.13,1.07976e-005,2.91741e-005
7664.13,1.59063e-006,1.00428e-005
7665.13,-3.59919e-006,-9.7247e-006
7666.13,-1.02611e-005,-1.27875e-005
7667.13,-1.56506e-005,-7.81595e-006
7668.13,-1.70229e-005,-3.48069e-006
7669.13,-1.09972e-005,-4.43507e-006
7670.13,1.05419e-006,-6.34382e-006
7671.13,1.09972e-005,4.43507e-006
7672.13,1.22697e-005,1.24693e-005
7673.13,-4.11694e-006,1.30058e-005
7674.13,-2.25122e-005,1.38603e-005
7675.13,-2.18759e-005,1.78775e-005
7676.13,-4.853e-006,2.13582e-005
7677.13,1.01613e-005,2.5157e-005
7678.12,6.1442e-006,2.57932e-005
7679.12,-6.12551e-006,1.33239e-005
7680.12,-1.57504e-005,4.55357e-006
7681.12,-1.4796e-005,1.05793e-005
7682.12,-5.80738e-006,1.53325e-005
7683.12,-1.69044e-006,2.32669e-006
7684.12,-4.8717e-006,-1.7759e-005
7685.12,-8.47089e-006,-2.74837e-005
7686.12,-2.44519e-006,-2.8438e-005
7687.12,-7.54755e-007,-3.07647e-005
7688.12,-1.14338e-005,-3.31912e-005
7689.12,-2.48575e-005,-2.69472e-005
7690.12,-2.12583e-005,-1.72225e-005
7691.12,-8.67051e-006,-2.74463e-006
7692.12,-9.9811e-008,1.23695e-005
7693.12,7.51651e-006,2.1458e-005
7694.12,1.41785e-005,2.45207e-005
7695.12,1.2906e-005,1.64865e-005
7696.12,4.65338e-006,3.38088e-006
7697.12,-2.32669e-006,-1.69044e-006
7698.12,2.32669e-006,1.69044e-006
7699.12,4.65338e-006,3.38088e-006
7700.12,-7.71614e-006,3.28107e-006
7701.12,-2.07219e-005,-8.35873e-007
7702.12,-1.96677e-005,-7.1797e-006
7703.12,-8.03426e-006,1.2725e-006
7704.12,-1.47212e-006,1.67048e-005
7705.12,-6.86157e-006,2.16763e-005
7706.12,-1.61683e-005,1.49145e-005
7707.12,-1.78588e-005,1.72412e-005
7708.12,-1.02424e-005,2.63297e-005
7709.12,-3.5805e-006,2.93924e-005
7710.12,-4.21675e-006,2.53753e-005
7711.12,-1.28873e-005,2.26307e-005
7712.12,-2.32482e-005,2.22127e-005
7713.12,-2.2612e-005,2.62299e-005
7714.12,-1.25691e-005,2.46392e-005
7715.12,-1.21512e-005,1.42783e-005
7716.12,-1.53325e-005,-5.80738e-006
7717.11,-1.01613e-005,-2.5157e-005
7718.11,1.57194e-006,-2.90743e-005
7719.11,1.04608e-005,-1.19516e-005
7720.11,8.98864e-006,4.75319e-006
7721.11,-4.11694e-006,1.30058e-005
7722.11,-2.01855e-005,1.55508e-005
7723.11,-2.41028e-005,3.81751e-006
7724.11,-1.69231e-005,-1.58502e-005
7725.11,-4.13563e-006,-2.61114e-005
7726.11,1.25691e-005,-2.46392e-005
7727.11,3.45636e-005,-1.57691e-005
7728.11,4.85237e-005,-5.62645e-006
7729.11,4.35522e-005,-1.10159e-005
7730.11,1.75406e-005,-1.92498e-005
7731.11,-6.56214e-006,-1.54323e-005
7732.11,-1.70229e-005,-3.48069e-006
7733.11,-7.71614e-006,3.28107e-006
7734.11,8.98864e-006,4.75319e-006
7735.11,2.24123e-005,-1.49082e-006
7736.11,1.60685e-005,-2.54501e-006
7737.11,-8.77032e-006,9.62489e-006
7738.11,-3.3291e-005,2.38034e-005
7739.11,-3.56177e-005,2.21129e-005
7740.11,-2.17761e-005,5.50795e-006
7741.11,-1.79773e-005,-9.50639e-006
7742.11,-2.60115e-005,-8.23388e-006
7743.11,-2.61114e-005,4.13563e-006
7744.11,-8.87014e-006,2.19944e-005
7745.11,4.77189e-006,3.01285e-005
7746.11,-1.47212e-006,1.67048e-005
7747.11,-1.67048e-005,-1.47212e-006
7748.11,-1.67048e-005,-1.47212e-006
7749.11,-4.11694e-006,1.30058e-005
7750.11,8.54566e-007,1.83952e-005
7751.11,-3.06275e-006,6.66195e-006
7752.11,-1.59063e-006,-1.00428e-005
7753.11,1.11968e-005,-2.0304e-005
7754.11,1.69044e-005,-2.32669e-005
7755.11,5.17113e-006,-1.93496e-005
7756.11,-1.56506e-005,-7.81595e-006
7757.11,-3.35094e-005,9.42527e-006
7758.11,-3.85807e-005,1.64053e-005
7759.1,-3.75265e-005,1.00615e-005
7760.1,-3.40458e-005,-6.96138e-006
7761.1,-2.55936e-005,-1.85948e-005
7762.1,-1.08974e-005,-1.68046e-005
7763.1,4.75319e-006,-8.98864e-006
7764.1,8.77032e-006,-9.62489e-006
7765.1,2.74463e-006,-8.67051e-006
7766.1,-3.18126e-007,-2.00857e-006
7767.1,8.03426e-006,-1.2725e-006
7768.1,1.71227e-005,-8.88883e-006
7769.1,1.81769e-005,-1.52327e-005
7770.1,9.18826e-006,-1.99858e-005
7771.1,-1.80894e-006,-2.44209e-005
7772.1,-3.18126e-006,-2.00857e-005
7773.1,3.38088e-006,-4.65338e-006
7774.1,1.13153e-005,6.44363e-006
7775.1,1.39601e-005,1.01426e-005
7776.1,8.5707e-006,1.51141e-005
7777.1,2.86313e-006,1.80771e-005
7778.1,2.96294e-006,5.70757e-006
7779.1,1.31056e-005,-8.25258e-006
7780.1,2.54751e-005,-8.15277e-006
7781.1,2.74837e-005,-8.47089e-006
7782.1,2.45207e-005,-1.41785e-005
7783.1,2.42026e-005,-1.6187e-005
7784.1,2.34665e-005,-7.83464e-006
7785.1,1.43781e-005,-2.18315e-007
7786.1,-3.69901e-006,2.64482e-006
7787.1,-1.54323e-005,6.56214e-006
7788.1,-1.4796e-005,1.05793e-005
7789.1,-9.08845e-006,7.61633e-006
7790.1,-1.14151e-005,5.92589e-006
7791.1,-2.25122e-005,1.38603e-005
7792.1,-1.8913e-005,2.3585e-005
7793.1,7.19839e-006,1.94494e-005
7794.1,3.47819e-005,-1.39101e-006
7795.1,4.46064e-005,-1.73597e-005
7796.1,3.82626e-005,-1.84139e-005
7797.1,2.65293e-005,-1.44966e-005
7798.1,1.68046e-005,-1.08974e-005
7799.1,9.7247e-006,-3.59919e-006
7800.09,7.61633e-006,9.08845e-006
7801.09,7.93445e-006,1.1097e-005
7802.09,1.13153e-005,6.44363e-006
7803.09,7.93445e-006,1.1097e-005
7804.09,-7.1797e-006,1.96677e-005
7805.09,-1.92311e-005,2.15765e-005
7806.09,-1.78588e-005,1.72412e-005
7807.09,-5.48926e-006,1.7341e-005
7808.09,8.25258e-006,1.31056e-005
7809.09,1.53325e-005,5.80738e-006
7810.09,1.406e-005,-2.22688e-006
7811.09,5.07132e-006,-6.98007e-006
7812.09,-7.71614e-006,3.28107e-006
7813.09,-1.595e-005,2.92926e-005
7814.09,-1.3405e-005,4.53611e-005
7815.09,-2.62612e-006,3.54181e-005
7816.09,7.19839e-006,1.94494e-005
7817.09,2.60115e-005,8.23388e-006
7818.09,3.91171e-005,-1.86926e-008
7819.09,3.81627e-005,-6.04439e-006
7820.09,2.28303e-005,-1.18518e-005
7821.09,9.08845e-006,-7.61633e-006
7822.09,1.59063e-006,1.00428e-005
7823.09,4.13563e-006,2.61114e-005
7824.09,4.45376e-006,2.81199e-005
7825.09,1.02611e-005,1.27875e-005
7826.09,1.71227e-005,-8.88883e-006
7827.09,2.89558e-005,-2.51757e-005
7828.09,4.40699e-005,-3.37464e-005
7829.09,4.14251e-005,-3.74454e-005
7830.09,1.90128e-005,-3.59546e-005
7831.09,-6.1442e-006,-2.57932e-005
7832.09,-1.38603e-005,-2.25122e-005
7833.09,-9.10714e-006,-3.15008e-005
7834.09,9.35684e-007,-3.30914e-005
7835.09,1.79025e-006,-1.46962e-005
7836.09,-2.74463e-006,8.67051e-006
7837.09,-5.17113e-006,1.93496e-005
7838.09,5.36441e-007,1.63866e-005
7839.08,1.25878e-005,1.44779e-005
7840.08,1.59687e-005,9.82451e-006
7841.08,4.65338e-006,3.38088e-006
7842.08,-9.30677e-006,-6.76176e-006
7843.08,-1.18518e-005,-2.28303e-005
7844.08,-1.41785e-005,-2.45207e-005
7845.08,-1.56506e-005,-7.81595e-006
7846.08,-1.30058e-005,-4.11694e-006
7847.08,-8.5707e-006,-1.51141e-005
7848.08,-6.24401e-006,-1.34237e-005
7849.08,-4.01713e-006,6.36252e-007
7850.08,-5.07132e-006,6.98007e-006
7851.08,-7.71614e-006,3.28107e-006
7852.08,-1.25878e-005,-1.44779e-005
7853.08,-2.64482e-005,-3.69901e-005
7854.08,-3.37464e-005,-4.40699e-005
7855.08,-2.9829e-005,-3.23367e-005
7856.08,-2.56934e-005,-6.22532e-006
7857.08,-1.38416e-005,1.6605e-005
7858.08,9.52508e-006,2.11398e-005
7859.08,2.23125e-005,1.08787e-005
7860.08,1.1097e-005,-7.93445e-006
7861.08,1.89006e-006,-2.70657e-005
7862.08,9.28807e-006,-3.23554e-005
7863.08,1.28873e-005,-2.26307e-005
7864.08,2.4265e-006,-1.06791e-005
7865.08,-8.03426e-006,1.2725e-006
7866.08,-6.76176e-006,9.30677e-006
7867.08,-5.07132e-006,6.98007e-006
7868.08,-2.00857e-006,3.18126e-007
7869.08,-2.00857e-006,3.18126e-007
7870.08,-1.14151e-005,5.92589e-006
7871.08,-1.68046e-005,1.08974e-005
7872.08,-1.31056e-005,8.25258e-006
7873.08,-1.16335e-005,-8.4522e-006
7874.08,-2.11585e-005,-2.9592e-005
7875.08,-2.27492e-005,-3.96349e-005
7876.08,-1.34424e-005,-3.28731e-005
7877.08,-5.36441e-007,-1.63866e-005
7878.08,6.66195e-006,3.06275e-006
7879.08,-1.37231e-006,4.33526e-006
7880.08,-1.93496e-005,-5.17113e-006
7881.07,-2.93924e-005,-3.5805e-006
7882.07,-1.27875e-005,1.02611e-005
7883.07,1.62868e-005,1.18331e-005
7884.07,4.11257e-005,-3.36818e-007
7885.07,4.35522e-005,-1.10159e-005
7886.07,2.34665e-005,-7.83464e-006
7887.07,8.67051e-006,2.74463e-006
7888.07,5.28963e-006,7.39801e-006
7889.07,4.33526e-006,1.37231e-006
7890.07,7.71614e-006,-3.28107e-006
7891.07,1.17333e-005,-3.91732e-006
7892.07,1.1097e-005,-7.93445e-006
7893.07,4.11694e-006,-1.30058e-005
7894.07,-4.97151e-006,-5.38945e-006
7895.07,-3.38088e-006,4.65338e-006
7896.07,6.66195e-006,3.06275e-006
7897.07,1.17333e-005,-3.91732e-006
7898.07,3.69901e-006,-2.64482e-006
7899.07,-7.39801e-006,5.28963e-006
7900.07,-1.81769e-005,1.52327e-005
7901.07,-1.8913e-005,2.3585e-005
7902.07,-1.69044e-005,2.32669e-005
7903.07,-2.2194e-005,1.58689e-005
7904.07,-2.48388e-005,1.21699e-005
7905.07,-1.04608e-005,1.19516e-005
7906.07,1.19516e-005,1.04608e-005
7907.07,2.43211e-005,1.05606e-005
7908.07,2.23125e-005,1.08787e-005
7909.07,8.25258e-006,1.31056e-005
7910.07,-1.04608e-005,1.19516e-005
7911.07,-2.64295e-005,2.12707e-006
7912.07,-4.20801e-005,-5.68888e-006
7913.07,-4.20801e-005,-5.68888e-006
7914.07,-2.27305e-005,-5.17748e-007
7915.07,-1.05419e-006,6.34382e-006
7916.07,9.94302e-006,1.07789e-005
7917.07,9.30677e-006,6.76176e-006
7918.07,-7.71614e-006,3.28107e-006
7919.07,-1.57504e-005,4.55357e-006
7920.07,1.90875e-006,1.20514e-005
7921.07,2.12583e-005,1.72225e-005
7922.07,1.82954e-005,1.1515e-005
7923.06,6.44363e-006,-1.13153e-005
7924.06,3.26238e-006,-3.1401e-005
7925.06,7.59763e-006,-3.00287e-005
7926.06,6.54344e-006,-2.36848e-005
7927.06,-6.46233e-006,-2.78018e-005
7928.06,-1.80958e-005,-3.6254e-005
7929.06,-1.23882e-005,-3.92169e-005
7930.06,-2.12707e-006,-2.64295e-005
7931.06,2.32669e-006,1.69044e-006
7932.06,8.78902e-006,2.94922e-005
7933.06,1.33426e-005,4.52426e-005
7934.06,2.66351e-006,4.28161e-005
7935.06,-5.90719e-006,2.7702e-005
7936.06,3.28107e-006,7.71614e-006
7937.06,1.1097e-005,-7.93445e-006
7938.06,3.06275e-006,-6.66195e-006
7939.06,-1.17333e-005,3.91732e-006
7940.06,-1.60685e-005,2.54501e-006
7941.06,-9.20695e-006,-1.91313e-005
7942.06,4.21675e-006,-2.53753e-005
7943.06,1.74408e-005,-6.88026e-006
7944.06,2.63297e-005,1.02424e-005
7945.06,2.49574e-005,1.45777e-005
7946.06,2.23125e-005,1.08787e-005
7947.06,2.24123e-005,-1.49082e-006
7948.06,1.98673e-005,-1.75593e-005
7949.06,9.18826e-006,-1.99858e-005
7950.06,-1.2725e-006,-8.03426e-006
7951.06,-2.64482e-006,-3.69901e-006
7952.06,8.77032e-006,-9.62489e-006
7953.06,2.08217e-005,-1.15336e-005
7954.06,2.54751e-005,-8.15277e-006
7955.06,2.41028e-005,-3.81751e-006
7956.06,2.8438e-005,-2.44519e-006
7957.06,3.71086e-005,2.99433e-007
7958.06,3.80629e-005,6.32513e-006
7959.06,2.104e-005,2.84444e-006
7960.06,-1.2725e-006,-8.03426e-006
7961.06,-6.1442e-006,-2.57932e-005
7962.06,2.94425e-006,-3.34095e-005
7963.06,1.12966e-005,-3.26735e-005
7964.05,5.17113e-006,-1.93496e-005
7965.05,-9.30677e-006,-6.76176e-006
7966.05,-1.30058e-005,-4.11694e-006
7967.05,-3.28107e-006,-7.71614e-006
7968.05,6.76176e-006,-9.30677e-006
7969.05,4.17937e-007,-1.0361e-005
7970.05,-1.59687e-005,-9.82451e-006
7971.05,-2.19944e-005,-8.87014e-006
7972.05,-6.66195e-006,-3.06275e-006
7973.05,1.06791e-005,2.4265e-006
7974.05,1.53325e-005,5.80738e-006
7975.05,7.93445e-006,1.1097e-005
7976.05,-2.4265e-006,1.06791e-005
7977.05,-1.04608e-005,1.19516e-005
7978.05,-1.92311e-005,2.15765e-005
7979.05,-2.3348e-005,3.45822e-005
7980.05,-6.64326e-006,3.60544e-005
7981.05,1.21699e-005,2.48388e-005
7982.05,1.9886e-005,2.15578e-005
7983.05,1.5451e-005,3.2555e-005
7984.05,1.70416e-005,4.25978e-005
7985.05,1.51328e-005,3.05464e-005
7986.05,7.61633e-006,9.08845e-006
7987.05,-2.32669e-006,-1.69044e-006
7988.05,-4.75319e-006,8.98864e-006
7989.05,-6.22532e-006,2.56934e-005
7990.05,1.39101e-006,3.47819e-005
7991.05,1.44966e-005,2.65293e-005
7992.05,1.96677e-005,7.1797e-006
7993.05,1.7759e-005,-4.8717e-006
7994.05,1.37418e-005,-4.23545e-006
7995.05,7.2982e-006,7.07988e-006
7996.05,-1.05419e-006,6.34382e-006
7997.05,-1.49145e-005,-1.61683e-005
7998.05,-2.47577e-005,-3.93167e-005
7999.05,-1.8732e-005,-4.02711e-005
8000.05,-1.80894e-006,-2.44209e-005
8001.05,2.74463e-006,-8.67051e-006
8002.05,-1.13153e-005,-6.44363e-006
8003.04,-2.29488e-005,-1.48958e-005
8004.04,-1.59687e-005,-9.82451e-006
8005.04,-8.03426e-006,1.2725e-006
8006.04,-1.406e-005,2.22688e-006
8007.04,-2.83382e-005,-9.92432e-006
8008.04,-2.82384e-005,-2.22938e-005
8009.04,-1.2488e-005,-2.68474e-005
8010.04,-1.17269e-006,-2.04038e-005
8011.04,-2.32669e-006,-1.69044e-006
8012.04,-1.11968e-005,2.0304e-005
8013.04,-1.595e-005,2.92926e-005
8014.04,-1.55321e-005,1.89317e-005
8015.04,-1.09972e-005,-4.43507e-006
8016.04,-2.44519e-006,-2.8438e-005
8017.04,1.23508e-005,-3.90173e-005
8018.04,2.16576e-005,-3.22556e-005
8019.04,1.58502e-005,-1.69231e-005
8020.04,5.70757e-006,-2.96294e-006
8021.04,-2.74463e-006,8.67051e-006
8022.04,-1.01426e-005,1.39601e-005
8023.04,-1.41598e-005,1.45964e-005
8024.04,-8.77032e-006,9.62489e-006
8025.04,-2.4265e-006,1.06791e-005
8026.04,-3.48069e-006,1.70229e-005
8027.04,-5.17748e-007,2.27305e-005
8028.04,6.88026e-006,1.74408e-005
8029.04,9.30677e-006,6.76176e-006
8030.04,-0,0
8031.04,-7.71614e-006,3.28107e-006
8032.04,-1.44779e-005,1.25878e-005
8033.04,-2.01855e-005,1.55508e-005
8034.04,-2.48388e-005,1.21699e-005
8035.04,-2.64295e-005,2.12707e-006
8036.04,-1.99858e-005,-9.18826e-006
8037.04,9.9811e-008,-1.23695e-005
8038.04,1.43781e-005,-2.18315e-007
8039.04,1.42783e-005,1.21512e-005
8040.04,7.93445e-006,1.1097e-005
8041.04,1.00428e-005,-1.59063e-006
8042.04,1.60685e-005,-2.54501e-006
8043.04,1.93496e-005,5.17113e-006
8044.04,9.62489e-006,8.77032e-006
8045.04,-3.79882e-006,1.50143e-005
8046.03,-3.79882e-006,1.50143e-005
8047.03,4.97151e-006,5.38945e-006
8048.03,7.07988e-006,-7.2982e-006
8049.03,-1.2725e-006,-8.03426e-006
8050.03,-1.20514e-005,1.90875e-006
8051.03,-1.74408e-005,6.88026e-006
8052.03,-1.99858e-005,-9.18826e-006
8053.03,-2.07406e-005,-3.9953e-005
8054.03,-7.21708e-006,-5.85665e-005
8055.03,1.01239e-005,-5.30773e-005
8056.03,2.2612e-005,-2.62299e-005
8057.03,2.37847e-005,-5.82607e-006
8058.03,1.51141e-005,-8.5707e-006
8059.03,2.84444e-006,-2.104e-005
8060.03,-5.82607e-006,-2.37847e-005
8061.03,2.10838e-006,-1.26876e-005
8062.03,2.00857e-005,-3.18126e-006
8063.03,2.67476e-005,-1.18504e-007
8064.03,1.406e-005,-2.22688e-006
8065.03,7.36062e-007,-8.35239e-006
8066.03,-3.91732e-006,-1.17333e-005
8067.03,4.43507e-006,-1.09972e-005
8068.03,1.01426e-005,-1.39601e-005
8069.03,4.75319e-006,-8.98864e-006
8070.03,-2.10838e-006,1.26876e-005
8071.03,-2.62612e-006,3.54181e-005
8072.03,-3.99844e-006,3.97534e-005
8073.03,-1.25381e-006,3.10829e-005
8074.03,1.12155e-005,1.88132e-005
8075.03,1.87133e-005,1.154e-006
8076.03,9.08845e-006,-7.61633e-006
8077.03,-8.67051e-006,-2.74463e-006
8078.03,-1.34237e-005,6.24401e-006
8079.03,-5.07132e-006,6.98007e-006
8080.03,2.32669e-006,1.69044e-006
8081.03,-0,0
8082.03,-4.75319e-006,8.98864e-006
8083.03,-3.16257e-006,1.90315e-005
8084.03,3.81751e-006,2.41028e-005
8085.02,-5.17113e-006,1.93496e-005
8086.03,-2.57932e-005,6.1442e-006
8087.02,-4.20801e-005,-5.68888e-006
8088.02,-4.5043e-005,-1.13964e-005
8089.02,-3.97534e-005,-3.99844e-006
8090.02,-2.50572e-005,-2.20819e-006
8091.02,-6.24401e-006,-1.34237e-005
8092.02,7.49782e-006,-1.76592e-005
8093.02,1.17333e-005,-3.91732e-006
8094.02,1.60685e-005,-2.54501e-006
8095.02,1.94494e-005,-7.19839e-006
8096.02,1.74408e-005,-6.88026e-006
8097.02,5.70757e-006,-2.96294e-006
8098.02,-5.60776e-006,-9.40658e-006
8099.02,-1.25878e-005,-1.44779e-005
8100.02,-1.30058e-005,-4.11694e-006
8101.02,-1.01426e-005,1.39601e-005
8102.02,-8.55201e-006,2.4003e-005
8103.02,-7.91576e-006,2.80201e-005
8104.02,-8.55201e-006,2.4003e-005
8105.02,-9.08845e-006,7.61633e-006
8106.02,-1.12155e-005,-1.88132e-005
8107.02,-8.37108e-006,-3.98532e-005
8108.02,-6.99877e-006,-4.41884e-005
8109.02,-3.36818e-007,-4.11257e-005
8110.02,1.29871e-005,-3.50002e-005
8111.02,1.82767e-005,-2.76022e-005
8112.02,7.1797e-006,-1.96677e-005
8113.02,-7.2982e-006,-7.07988e-006
8114.02,-7.07988e-006,7.2982e-006
8115.02,-1.79025e-006,1.46962e-005
8116.02,-7.36062e-007,8.35239e-006
8117.02,2.00857e-006,-3.18126e-007
8118.02,5.38945e-006,-4.97151e-006
8119.02,3.38088e-006,-4.65338e-006
8120.02,-4.65338e-006,-3.38088e-006
8121.02,-7.39801e-006,5.28963e-006
8122.02,-6.54344e-006,2.36848e-005
8123.02,1.17269e-006,2.04038e-005
8124.02,7.71614e-006,-3.28107e-006
8125.02,1.11968e-005,-2.0304e-005
8126.02,1.08787e-005,-2.23125e-005
8127.02,6.86157e-006,-2.16763e-005
8128.01,4.53488e-006,-2.33667e-005
8129.01,3.5805e-006,-2.93924e-005
8130.01,-6.78045e-006,-2.98104e-005
8131.01,-2.7284e-005,-1.62681e-005
8132.01,-4.11257e-005,3.36818e-007
8133.01,-3.72084e-005,1.20701e-005
8134.01,-3.08645e-005,1.31243e-005
8135.01,-2.50572e-005,-2.20819e-006
8136.01,-1.2488e-005,-2.68474e-005
8137.01,9.28807e-006,-3.23554e-005
8138.01,2.57932e-005,-6.1442e-006
8139.01,3.08832e-005,2.59928e-005
8140.01,2.34852e-005,3.12825e-005
8141.01,6.56214e-006,1.54323e-005
8142.01,-8.03426e-006,1.2725e-006
8143.01,-1.53325e-005,-5.80738e-006
8144.01,-9.94302e-006,-1.07789e-005
8145.01,3.69901e-006,-2.64482e-006
8146.01,3.59919e-006,9.7247e-006
8147.01,-8.4522e-006,1.16335e-005
8148.01,-1.14151e-005,5.92589e-006
8149.01,3.18126e-007,2.00857e-006
8150.01,6.0257e-006,-9.54377e-007
8151.01,-2.32669e-006,-1.69044e-006
8152.01,-1.43781e-005,2.18315e-007
8153.01,-2.44209e-005,1.80894e-006
8154.01,-2.27305e-005,-5.17748e-007
8155.01,-1.59687e-005,-9.82451e-006
8156.01,-1.52327e-005,-1.81769e-005
8157.01,-1.92498e-005,-1.75406e-005
8158.01,-2.0304e-005,-1.11968e-005
8159.01,-1.59687e-005,-9.82451e-006
8160.01,-1.32241e-005,-1.8495e-005
8161.01,-1.28061e-005,-2.8856e-005
8162.01,-9.10714e-006,-3.15008e-005
8163.01,1.57194e-006,-2.90743e-005
8164.01,6.54344e-006,-2.36848e-005
8165.01,-2.22688e-006,-1.406e-005
8166.01,-1.50143e-005,-3.79882e-006
8167.01,-1.37418e-005,4.23545e-006
8168,-7.36062e-007,8.35239e-006
8169,4.23545e-006,1.37418e-005
8170,-3.79882e-006,1.50143e-005
8171,-1.1097e-005,7.93445e-006
8172,-1.69044e-006,2.32669e-006
8173,1.0361e-005,4.17937e-007
8174,1.20514e-005,-1.90875e-006
8175,1.00428e-005,-1.59063e-006
8176,6.98007e-006,5.07132e-006
8177,-3.06275e-006,6.66195e-006
8178,-1.7341e-005,-5.48926e-006
8179,-2.99289e-005,-1.99672e-005
8180,-3.62727e-005,-2.10213e-005
8181,-3.03468e-005,-9.6062e-006
8182,-1.60685e-005,2.54501e-006
8183,-4.75319e-006,8.98864e-006
8184,4.55357e-006,1.57504e-005
8185,7.19839e-006,1.94494e-005
8186,7.93445e-006,1.1097e-005
8187,2.00857e-006,-3.18126e-007
8188,-1.00428e-005,1.59063e-006
8189,-1.55321e-005,1.89317e-005
