-500.122,2.73561e-005
-500,3.4537e-005
-499.878,0.000116394
-499.756,3.245e-005
-499.634,6.37256e-005
-499.512,7.23634e-005
-499.39,3.52762e-005
-499.267,5.66713e-005
-499.145,3.90097e-005
-499.023,2.68051e-005
-498.901,0.000130474
-498.779,7.94984e-005
-498.657,8.53557e-005
-498.535,5.42461e-005
-498.413,3.23195e-005
-498.291,0.000128387
-498.169,5.07045e-005
-498.046,0.000144645
-497.924,3.36634e-005
-497.802,8.88833e-005
-497.68,4.6786e-005
-497.558,0.000111799
-497.436,0.000123635
-497.314,4.13778e-005
-497.192,4.93044e-005
-497.07,6.60532e-005
-496.948,6.1939e-005
-496.825,3.70047e-005
-496.703,6.62327e-005
-496.581,9.5692e-005
-496.459,4.71988e-005
-496.337,0.000133239
-496.215,2.59157e-005
-496.093,7.98637e-005
-495.971,1.783e-005
-495.849,2.90729e-005
-495.727,2.00491e-005
-495.604,4.25274e-005
-495.482,9.9561e-005
-495.36,9.27941e-005
-495.238,5.15856e-005
-495.116,3.53782e-005
-494.994,9.38526e-005
-494.872,5.44453e-005
-494.75,0.00012372
-494.628,6.2696e-005
-494.506,9.24093e-005
-494.383,0.000116973
-494.261,7.2452e-005
-494.139,4.97306e-005
-494.017,0.000107438
-493.895,3.34005e-005
-493.773,0.000117274
-493.651,9.55967e-005
-493.529,6.36062e-005
-493.407,0.000108125
-493.285,9.13189e-005
-493.162,7.20586e-005
-493.04,6.89952e-005
-492.918,4.93172e-005
-492.796,5.47088e-005
-492.674,6.99189e-005
-492.552,6.04397e-005
-492.43,3.22896e-005
-492.308,9.33102e-005
-492.186,0.000187419
-492.064,0.000169446
-491.941,4.86297e-005
-491.819,4.22871e-005
-491.697,8.41055e-005
-491.575,3.07678e-005
-491.453,4.94688e-005
-491.331,4.94533e-005
-491.209,4.63283e-005
-491.087,0.000140353
-490.965,8.80469e-005
-490.843,2.67521e-005
-490.72,0.000113996
-490.598,7.18848e-005
-490.476,8.04992e-005
-490.354,7.74229e-005
-490.232,5.27271e-005
-490.11,0.000149501
-489.988,0.000102566
-489.866,0.000137323
-489.744,7.80742e-005
-489.622,3.91876e-005
-489.499,3.41754e-005
-489.377,6.69088e-005
-489.255,6.17462e-005
-489.133,0.000112406
-489.011,7.54619e-005
-488.889,3.70812e-005
-488.767,0.000129034
-488.645,5.51017e-005
-488.523,0.000133617
-488.401,5.65271e-005
-488.278,2.2861e-005
-488.156,6.78635e-005
-488.034,3.67055e-005
-487.912,7.51874e-005
-487.79,3.35495e-005
-487.668,5.73844e-005
-487.546,6.92282e-005
-487.424,6.02142e-005
-487.302,3.81714e-005
-487.18,4.01937e-005
-487.057,6.39153e-005
-486.935,9.57551e-005
-486.813,0.000105979
-486.691,9.67923e-005
-486.569,0.000105489
-486.447,6.64172e-005
-486.325,3.83254e-005
-486.203,6.9677e-005
-486.081,5.65568e-005
-485.958,6.11546e-005
-485.836,6.06994e-005
-485.714,0.000126873
-485.592,3.56856e-005
-485.47,0.000113856
-485.348,7.37606e-005
-485.226,2.36432e-005
-485.104,0.000140765
-484.982,6.91135e-005
-484.86,0.000117323
-484.738,8.4473e-005
-484.615,5.80831e-005
-484.493,1.48037e-005
-484.371,2.12239e-005
-484.249,4.26162e-005
-484.127,6.95831e-005
-484.005,8.09335e-005
-483.883,4.25227e-005
-483.761,3.06462e-005
-483.639,0.000120636
-483.517,5.30157e-005
-483.394,8.47141e-005
-483.272,8.46307e-006
-483.15,2.66181e-005
-483.028,3.54517e-005
-482.906,5.08404e-005
-482.784,0.000122889
-482.662,0.000123098
-482.54,1.93848e-005
-482.418,4.9335e-005
-482.296,9.27276e-005
-482.173,0.000189463
-482.051,3.3559e-005
-481.929,5.94273e-005
-481.807,4.87088e-005
-481.685,0.000119354
-481.563,9.84146e-005
-481.441,4.98251e-005
-481.319,2.41002e-005
-481.197,0.000172331
-481.074,7.59042e-006
-480.952,4.32724e-005
-480.83,6.25167e-005
-480.708,7.29491e-005
-480.586,4.62916e-005
-480.464,8.5842e-005
-480.342,7.77195e-005
-480.22,8.11297e-005
-480.098,8.44691e-005
-479.976,0.000143688
-479.854,5.05267e-005
-479.731,5.7797e-005
-479.609,0.000119854
-479.487,4.18998e-005
-479.365,3.23569e-005
-479.243,5.08497e-005
-479.121,6.39803e-005
-478.999,0.0001244
-478.877,0.000111144
-478.755,4.62281e-005
-478.633,0.000113259
-478.51,6.42387e-005
-478.388,0.000113644
-478.266,5.01981e-005
-478.144,6.04759e-005
-478.022,5.36326e-005
-477.9,7.60798e-005
-477.778,5.40167e-005
-477.656,4.20612e-005
-477.534,4.2428e-005
-477.411,4.56219e-005
-477.289,0.000105539
-477.167,1.69794e-005
-477.045,5.35008e-005
-476.923,2.21269e-005
-476.801,1.41864e-005
-476.679,2.41362e-005
-476.557,6.89091e-005
-476.435,4.9476e-005
-476.313,9.9149e-005
-476.19,4.91243e-005
-476.068,1.83108e-005
-475.946,6.29128e-005
-475.824,9.39161e-005
-475.702,1.62003e-005
-475.58,1.36063e-005
-475.458,6.22866e-005
-475.336,8.77986e-005
-475.214,9.70429e-005
-475.092,3.71088e-005
-474.97,4.21464e-005
-474.847,4.48917e-005
-474.725,7.5856e-005
-474.603,6.89613e-005
-474.481,0.000128197
-474.359,0.000147019
-474.237,0.000103256
-474.115,4.64386e-005
-473.993,6.2396e-005
-473.871,0.000109608
-473.749,0.000100237
-473.626,4.27178e-005
-473.504,4.45937e-005
-473.382,4.78817e-005
-473.26,0.000100233
-473.138,0.000101524
-473.016,3.97653e-005
-472.894,1.47231e-005
-472.772,8.70074e-005
-472.65,2.14574e-005
-472.527,3.85821e-005
-472.405,4.16153e-005
-472.283,0.000120313
-472.161,6.97137e-005
-472.039,7.72019e-005
-471.917,0.000104914
-471.795,6.93792e-005
-471.673,3.71596e-005
-471.551,6.63216e-005
-471.429,9.338e-005
-471.306,6.5189e-005
-471.184,8.83518e-005
-471.062,2.28497e-005
-470.94,8.09877e-005
-470.818,8.27852e-005
-470.696,2.98223e-005
-470.574,0.00016172
-470.452,1.92044e-005
-470.33,8.85051e-005
-470.208,9.22245e-005
-470.085,1.92808e-005
-469.963,7.0794e-005
-469.841,0.000147816
-469.719,6.53797e-005
-469.597,1.78649e-005
-469.475,7.18647e-005
-469.353,5.30036e-005
-469.231,7.85222e-005
-469.109,0.000110935
-468.987,3.34364e-005
-468.865,8.03497e-005
-468.742,0.000105003
-468.62,7.82734e-005
-468.498,9.2335e-005
-468.376,3.27326e-005
-468.254,1.90693e-005
-468.132,7.42696e-005
-468.01,5.41642e-005
-467.888,4.50458e-005
-467.766,6.91649e-005
-467.643,9.29514e-005
-467.521,3.77174e-005
-467.399,6.39018e-005
-467.277,3.26728e-005
-467.155,9.21652e-005
-467.033,5.873e-005
-466.911,8.1913e-005
-466.789,6.51556e-005
-466.667,0.000116826
-466.545,6.01653e-005
-466.422,1.38947e-005
-466.3,5.28873e-005
-466.178,8.84298e-005
-466.056,9.18348e-005
-465.934,0.000166312
-465.812,7.83612e-005
-465.69,9.61693e-005
-465.568,7.19729e-005
-465.446,5.74704e-005
-465.324,4.64189e-005
-465.201,3.25773e-005
-465.079,6.59319e-005
-464.957,6.97559e-005
-464.835,7.23947e-005
-464.713,2.11446e-005
-464.591,0.000108454
-464.469,2.22797e-005
-464.347,0.000109831
-464.225,0.000125299
-464.103,6.15244e-005
-463.98,4.75653e-005
-463.858,3.02693e-005
-463.736,0.000107855
-463.614,9.36115e-005
-463.492,1.25056e-005
-463.37,8.16652e-005
-463.248,4.39741e-005
-463.126,1.8922e-005
-463.004,2.92196e-005
-462.882,9.89493e-005
-462.759,2.28845e-005
-462.637,6.73541e-005
-462.515,1.99255e-005
-462.393,2.85772e-005
-462.271,8.87863e-005
-462.149,9.81216e-005
-462.027,7.51551e-005
-461.905,2.70089e-005
-461.783,2.19967e-005
-461.661,9.76138e-005
-461.538,5.68955e-005
-461.416,8.02163e-005
-461.294,4.65977e-005
-461.172,4.1925e-005
-461.05,5.06776e-005
-460.928,4.9768e-005
-460.806,9.49751e-005
-460.684,4.62356e-005
-460.562,0.000119308
-460.44,7.48168e-005
-460.317,0.000106591
-460.195,9.51261e-005
-460.073,1.42957e-005
-459.951,1.97227e-005
-459.829,3.45149e-005
-459.707,0.000134139
-459.585,6.21461e-005
-459.463,8.58089e-005
-459.341,3.87683e-005
-459.219,3.42273e-005
-459.096,8.31111e-005
-458.974,6.18864e-005
-458.852,0.000158077
-458.73,9.97558e-005
-458.608,0.000129583
-458.486,5.25622e-005
-458.364,2.20054e-005
-458.242,6.9688e-005
-458.12,5.83676e-005
-457.998,0.000106765
-457.875,4.17536e-005
-457.753,0.000101968
-457.631,8.57763e-005
-457.509,4.75204e-005
-457.387,0.000123867
-457.265,8.75761e-005
-457.143,0.000104272
-457.021,7.77684e-005
-456.899,9.86279e-005
-456.777,4.51502e-005
-456.654,2.22801e-005
-456.532,7.49093e-005
-456.41,9.87705e-005
-456.288,0.000117046
-456.166,0.000129719
-456.044,6.60992e-005
-455.922,4.80106e-005
-455.8,4.5175e-005
-455.678,3.19519e-005
-455.556,4.63098e-005
-455.433,9.22814e-005
-455.311,4.864e-005
-455.189,0.00012094
-455.067,5.35648e-005
-454.945,8.03504e-005
-454.823,5.55418e-005
-454.701,7.19542e-005
-454.579,0.000109186
-454.457,7.91682e-005
-454.335,1.10697e-005
-454.212,8.93155e-005
-454.09,8.96602e-005
-453.968,7.86926e-005
-453.846,2.09694e-005
-453.724,9.79409e-005
-453.602,6.15876e-005
-453.48,3.84423e-005
-453.358,8.41489e-005
-453.236,2.69324e-005
-453.114,9.90034e-005
-452.991,0.000110163
-452.869,0.000126308
-452.747,6.81733e-006
-452.625,8.08341e-005
-452.503,7.6425e-005
-452.381,8.42597e-005
-452.259,6.48417e-005
-452.137,3.71599e-005
-452.015,4.52982e-005
-451.893,8.16629e-005
-451.77,8.97663e-005
-451.648,5.69879e-005
-451.526,9.20946e-005
-451.404,0.00015994
-451.282,1.46507e-005
-451.16,6.0499e-005
-451.038,8.60392e-005
-450.916,2.10206e-005
-450.794,0.000107584
-450.672,5.05756e-005
-450.549,5.60193e-005
-450.427,4.89431e-005
-450.305,7.23596e-005
-450.183,0.000147157
-450.061,9.43751e-005
-449.939,6.48186e-005
-449.817,8.45739e-005
-449.695,5.3537e-005
-449.573,0.000106178
-449.451,4.20122e-005
-449.328,9.45506e-005
-449.206,8.65331e-006
-449.084,0.000111289
-448.962,6.32165e-005
-448.84,9.26052e-005
-448.718,1.00583e-005
-448.596,4.61403e-005
-448.474,0.000112987
-448.352,4.18934e-005
-448.23,1.717e-005
-448.107,7.46726e-005
-447.985,8.8627e-005
-447.863,8.08746e-005
-447.741,7.83876e-005
-447.619,0.000121174
-447.497,0.000108696
-447.375,6.54122e-005
-447.253,9.08372e-005
-447.131,7.4702e-005
-447.009,4.62263e-005
-446.886,0.000102413
-446.764,7.73304e-005
-446.642,7.72404e-005
-446.52,5.52942e-005
-446.398,0.000133909
-446.276,7.83548e-005
-446.154,2.83401e-005
-446.032,3.79447e-005
-445.91,3.47451e-005
-445.788,0.00013636
-445.665,0.000121035
-445.543,5.90414e-005
-445.421,9.6445e-005
-445.299,2.77235e-005
-445.177,3.94772e-005
-445.055,3.67082e-005
-444.933,5.47231e-005
-444.811,7.9298e-005
-444.689,6.1096e-005
-444.567,5.72977e-005
-444.444,0.000141687
-444.322,6.12085e-005
-444.2,6.42723e-005
-444.078,6.9179e-005
-443.956,7.16541e-005
-443.834,0.000145441
-443.712,0.000105604
-443.59,3.38941e-005
-443.468,7.47307e-005
-443.346,0.000104544
-443.223,4.28521e-005
-443.101,2.81396e-005
-442.979,3.33247e-006
-442.857,0.000115853
-442.735,6.90463e-005
-442.613,8.86953e-005
-442.491,2.51323e-005
-442.369,2.88016e-005
-442.247,9.9232e-006
-442.125,6.19368e-005
-442.002,3.74197e-005
-441.88,4.52469e-005
-441.758,0.000122079
-441.636,8.27068e-005
-441.514,5.7459e-005
-441.392,0.000104543
-441.27,6.80981e-005
-441.148,4.76136e-005
-441.026,6.9102e-005
-440.904,2.88735e-005
-440.781,0.000115284
-440.659,3.51471e-005
-440.537,2.98171e-005
-440.415,1.99977e-005
-440.293,0.000140098
-440.171,1.82791e-005
-440.049,7.45733e-005
-439.927,0.000124929
-439.805,4.28383e-005
-439.683,2.14233e-005
-439.56,9.43647e-005
-439.438,9.23503e-005
-439.316,6.83326e-005
-439.194,6.21253e-005
-439.072,8.6211e-005
-438.95,5.11991e-005
-438.828,0.000124447
-438.706,0.000137832
-438.584,0.000110394
-438.462,0.000110167
-438.339,6.68799e-005
-438.217,5.86547e-005
-438.095,0.000102876
-437.973,2.89238e-005
-437.851,8.74497e-005
-437.729,5.70194e-005
-437.607,6.61856e-005
-437.485,3.31639e-005
-437.363,4.77318e-005
-437.241,9.28978e-005
-437.118,5.16962e-005
-436.996,4.31785e-005
-436.874,6.10997e-005
-436.752,0.000118658
-436.63,0.000107187
-436.508,0.000110597
-436.386,6.84092e-005
-436.264,0.000153711
-436.142,0.000119921
-436.02,0.000203608
-435.897,5.03131e-005
-435.775,0.000107233
-435.653,6.52025e-005
-435.531,4.25776e-005
-435.409,0.000118107
-435.287,4.2558e-005
-435.165,3.82818e-005
-435.043,3.88029e-005
-434.921,0.000139124
-434.799,3.32577e-005
-434.676,7.50609e-005
-434.554,0.000111165
-434.432,5.11268e-005
-434.31,4.91508e-005
-434.188,5.24956e-005
-434.066,3.23972e-005
-433.944,8.29813e-005
-433.822,6.2339e-005
-433.7,4.58801e-005
-433.578,9.20856e-005
-433.455,8.64934e-006
-433.333,3.09208e-005
-433.211,3.92694e-005
-433.089,6.00876e-005
-432.967,7.40171e-005
-432.845,0.00010867
-432.723,0.000166829
-432.601,0.000118795
-432.479,6.36695e-005
-432.357,0.000130595
-432.234,7.75548e-005
-432.112,5.43479e-005
-431.99,6.37158e-005
-431.868,6.89107e-005
-431.746,8.17513e-005
-431.624,0.000132454
-431.502,9.72859e-005
-431.38,1.38437e-005
-431.258,1.6448e-005
-431.136,0.000101008
-431.013,0.000107893
-430.891,4.33316e-005
-430.769,0.000101194
-430.647,5.69348e-005
-430.525,0.000178764
-430.403,4.74843e-005
-430.281,3.44765e-005
-430.159,0.000101251
-430.037,2.86819e-005
-429.915,5.46054e-005
-429.792,7.71771e-005
-429.67,4.18623e-005
-429.548,1.86372e-005
-429.426,4.85718e-005
-429.304,8.65982e-005
-429.182,3.779e-005
-429.06,6.64567e-005
-428.938,5.10435e-005
-428.816,5.26931e-005
-428.694,0.00017558
-428.571,5.94946e-005
-428.449,0.000134307
-428.327,6.97655e-005
-428.205,0.000124209
-428.083,8.7767e-005
-427.961,5.42649e-005
-427.839,5.67075e-005
-427.717,3.39425e-005
-427.595,2.79031e-005
-427.473,5.11674e-005
-427.35,5.93221e-005
-427.228,9.96746e-005
-427.106,1.41494e-005
-426.984,2.99604e-005
-426.862,9.18919e-005
-426.74,2.86487e-005
-426.618,4.99995e-005
-426.496,8.98675e-005
-426.374,2.63073e-005
-426.252,4.62882e-005
-426.129,1.02254e-005
-426.007,6.81337e-005
-425.885,8.10893e-005
-425.763,8.51247e-005
-425.641,0.000103434
-425.519,3.5138e-005
-425.397,4.46372e-005
-425.275,4.8345e-005
-425.153,2.58638e-005
-425.031,0.000126831
-424.908,7.9244e-006
-424.786,5.04751e-005
-424.664,6.79726e-005
-424.542,5.95388e-005
-424.42,2.45535e-005
-424.298,3.74596e-005
-424.176,0.000141155
-424.054,6.33386e-005
-423.932,9.78275e-005
-423.81,0.000120317
-423.687,0.000110423
-423.565,5.00367e-005
-423.443,7.78795e-005
-423.321,6.24596e-005
-423.199,2.75343e-005
-423.077,0.000125095
-422.955,4.42724e-005
-422.833,0.00013893
-422.711,8.21694e-005
-422.589,5.3919e-005
-422.466,4.75977e-005
-422.344,6.55434e-005
-422.222,2.42268e-005
-422.1,2.80613e-005
-421.978,5.21216e-005
-421.856,6.58428e-005
-421.734,6.84488e-005
-421.612,6.53317e-005
-421.49,8.17831e-005
-421.368,1.79467e-005
-421.245,3.41401e-005
-421.123,4.46835e-005
-421.001,0.000102286
-420.879,9.92763e-005
-420.757,4.3476e-005
-420.635,4.90206e-005
-420.513,9.67427e-005
-420.391,2.89237e-005
-420.269,5.25053e-005
-420.147,2.34193e-005
-420.024,6.88005e-005
-419.902,5.92279e-005
-419.78,0.000111965
-419.658,0.000108123
-419.536,0.000145693
-419.414,0.000103224
-419.292,0.000128044
-419.17,7.25628e-005
-419.048,7.42938e-005
-418.926,2.628e-005
-418.803,6.97052e-005
-418.681,0.000109378
-418.559,7.50069e-005
-418.437,4.27811e-005
-418.315,7.66872e-005
-418.193,6.15461e-005
-418.071,2.0779e-005
-417.949,4.07754e-005
-417.827,3.30299e-005
-417.705,6.12373e-005
-417.582,0.000100433
-417.46,4.52029e-005
-417.338,3.89006e-005
-417.216,0.000141224
-417.094,0.000123999
-416.972,4.63575e-005
-416.85,0.000114661
-416.728,0.000104607
-416.606,4.05388e-005
-416.484,5.64557e-005
-416.361,8.35097e-005
-416.239,3.34874e-005
-416.117,0.00011928
-415.995,0.000104506
-415.873,5.75159e-005
-415.751,0.000119987
-415.629,4.87252e-005
-415.507,4.50649e-005
-415.385,5.75163e-005
-415.263,3.14053e-005
-415.14,8.62307e-005
-415.018,4.72532e-005
-414.896,0.000107451
-414.774,9.01366e-005
-414.652,5.24402e-005
-414.53,0.000134608
-414.408,9.55345e-006
-414.286,5.58986e-005
-414.164,0.000144214
-414.042,4.04946e-005
-413.919,1.43238e-005
-413.797,6.4341e-005
-413.675,3.93314e-005
-413.553,5.70643e-005
-413.431,1.7048e-005
-413.309,0.000105558
-413.187,6.52502e-005
-413.065,2.23303e-005
-412.943,5.08212e-005
-412.821,1.01826e-005
-412.698,4.65196e-005
-412.576,6.49622e-005
-412.454,0.000144737
-412.332,5.56095e-005
-412.21,5.91055e-005
-412.088,3.94102e-005
-411.966,9.71569e-005
-411.844,2.87446e-005
-411.722,1.34021e-005
-411.6,0.000104743
-411.477,9.13683e-005
-411.355,4.62744e-005
-411.233,1.53522e-005
-411.111,5.23267e-005
-410.989,5.17999e-005
-410.867,0.000116975
-410.745,4.1984e-005
-410.623,0.000101144
-410.501,6.57031e-005
-410.379,7.28786e-005
-410.256,8.58379e-005
-410.134,0.000104674
-410.012,7.45247e-005
-409.89,5.29669e-005
-409.768,2.23318e-005
-409.646,6.35584e-005
-409.524,4.09325e-005
-409.402,4.6454e-005
-409.28,4.66674e-005
-409.158,8.2583e-005
-409.035,4.10171e-005
-408.913,5.56213e-005
-408.791,4.77485e-005
-408.669,6.6552e-005
-408.547,1.06986e-005
-408.425,4.21381e-005
-408.303,4.63265e-005
-408.181,8.84896e-005
-408.059,4.66631e-005
-407.937,1.70729e-005
-407.814,3.49935e-005
-407.692,4.50504e-005
-407.57,3.43008e-005
-407.448,6.90344e-005
-407.326,6.31171e-005
-407.204,8.72293e-005
-407.082,2.43617e-005
-406.96,6.60648e-005
-406.838,6.61469e-005
-406.716,4.04394e-005
-406.593,2.28429e-005
-406.471,4.94438e-005
-406.349,3.72648e-005
-406.227,0.000155443
-406.105,8.35092e-005
-405.983,9.76398e-005
-405.861,8.24128e-005
-405.739,4.86262e-005
-405.617,3.55511e-005
-405.495,3.99687e-005
-405.372,4.61655e-005
-405.25,8.37726e-005
-405.128,6.69463e-005
-405.006,4.45315e-005
-404.884,6.54807e-005
-404.762,7.92785e-005
-404.64,7.52723e-005
-404.518,4.81741e-005
-404.396,0.000100316
-404.274,1.76905e-005
-404.151,4.63601e-005
-404.029,3.8864e-005
-403.907,4.86951e-005
-403.785,8.77403e-005
-403.663,2.85877e-005
-403.541,5.90333e-005
-403.419,8.88586e-005
-403.297,1.80213e-005
-403.175,3.09278e-005
-403.053,8.66355e-005
-402.93,6.65441e-005
-402.808,0.000180571
-402.686,6.0861e-005
-402.564,8.08227e-005
-402.442,7.38076e-005
-402.32,8.42491e-005
-402.198,2.32128e-005
-402.076,3.63017e-005
-401.954,9.24571e-005
-401.832,0.000104802
-401.709,5.93802e-005
-401.587,9.40247e-005
-401.465,8.61841e-005
-401.343,6.2418e-005
-401.221,6.68966e-005
-401.099,8.35397e-005
-400.977,1.21461e-005
-400.855,7.86651e-005
-400.733,0.000141087
-400.611,6.0169e-005
-400.488,0.000115339
-400.366,9.74916e-005
-400.244,9.38277e-005
-400.122,4.11599e-005
-400,7.53638e-005
-399.878,6.68395e-005
-399.756,4.12154e-006
-399.634,1.41733e-005
-399.512,4.27002e-005
-399.39,4.788e-005
-399.267,4.77839e-005
-399.145,5.69616e-005
-399.023,5.29853e-005
-398.901,6.49978e-005
-398.779,3.82746e-005
-398.657,6.7774e-005
-398.535,0.00013391
-398.413,0.000117719
-398.291,3.21094e-005
-398.169,3.54554e-005
-398.046,7.22388e-005
-397.924,2.74817e-005
-397.802,4.4833e-005
-397.68,1.9093e-005
-397.558,6.65426e-005
-397.436,7.60333e-005
-397.314,9.69546e-005
-397.192,2.90118e-005
-397.07,7.19658e-005
-396.948,0.000191336
-396.825,3.28578e-005
-396.703,6.49566e-005
-396.581,2.30942e-005
-396.459,6.46128e-005
-396.337,4.51087e-005
-396.215,3.9356e-005
-396.093,4.53907e-005
-395.971,8.58195e-005
-395.849,6.63757e-005
-395.727,5.41159e-005
-395.604,0.000144079
-395.482,6.31248e-005
-395.36,4.41143e-005
-395.238,4.17706e-005
-395.116,5.09262e-005
-394.994,4.09857e-005
-394.872,4.47327e-005
-394.75,7.85657e-005
-394.628,8.61545e-005
-394.506,0.00014037
-394.383,2.59628e-005
-394.261,8.79999e-005
-394.139,5.03865e-005
-394.017,0.000123105
-393.895,6.85308e-005
-393.773,7.21437e-006
-393.651,8.55938e-005
-393.529,3.26922e-005
-393.407,9.25239e-005
-393.285,9.32203e-005
-393.162,3.8913e-005
-393.04,8.18361e-005
-392.918,0.000120288
-392.796,3.3991e-005
-392.674,3.3253e-005
-392.552,3.02264e-005
-392.43,8.35121e-005
-392.308,4.99694e-005
-392.186,3.48231e-005
-392.064,2.18324e-005
-391.941,4.33085e-005
-391.819,4.32001e-005
-391.697,9.85834e-005
-391.575,5.03045e-005
-391.453,7.60273e-005
-391.331,7.09897e-005
-391.209,0.000102284
-391.087,7.35791e-005
-390.965,6.0127e-005
-390.842,7.70106e-005
-390.72,6.45568e-005
-390.598,0.00011661
-390.476,8.40633e-005
-390.354,8.80176e-005
-390.232,8.97689e-005
-390.11,6.65685e-005
-389.988,4.51775e-005
-389.866,2.00802e-005
-389.744,4.98623e-005
-389.622,9.38495e-005
-389.499,7.40996e-005
-389.377,9.74975e-005
-389.255,2.93069e-005
-389.133,0.000190747
-389.011,6.42546e-005
-388.889,4.58982e-005
-388.767,6.19847e-005
-388.645,4.89392e-005
-388.523,5.74307e-005
-388.401,8.38844e-005
-388.278,0.000108764
-388.156,0.000115565
-388.034,0.000135015
-387.912,8.42189e-005
-387.79,9.67162e-005
-387.668,4.01611e-005
-387.546,3.56683e-005
-387.424,9.36202e-005
-387.302,6.18252e-005
-387.18,7.03015e-005
-387.057,5.3737e-005
-386.935,4.97766e-005
-386.813,1.10474e-005
-386.691,0.000201298
-386.569,4.17951e-005
-386.447,3.13606e-005
-386.325,4.01988e-005
-386.203,5.76031e-005
-386.081,9.59301e-005
-385.958,0.000126163
-385.836,5.81662e-005
-385.714,2.30604e-005
-385.592,9.15284e-005
-385.47,4.23839e-005
-385.348,9.15117e-005
-385.226,8.44678e-005
-385.104,3.52056e-005
-384.982,9.17412e-005
-384.86,7.89815e-005
-384.738,4.61941e-005
-384.615,7.63525e-005
-384.493,3.43117e-005
-384.371,0.000137783
-384.249,7.90963e-005
-384.127,0.000109548
-384.005,9.67638e-005
-383.883,0.000137645
-383.761,7.95673e-005
-383.639,5.44168e-005
-383.517,5.88301e-005
-383.394,1.51796e-005
-383.272,0.000114655
-383.15,4.41313e-005
-383.028,7.04061e-005
-382.906,0.00013257
-382.784,0.000107777
-382.662,9.14889e-005
-382.54,2.22323e-005
-382.418,5.37659e-005
-382.296,4.84846e-005
-382.173,5.51953e-005
-382.051,2.72713e-005
-381.929,2.87067e-005
-381.807,6.26815e-005
-381.685,7.05262e-005
-381.563,8.79315e-005
-381.441,0.000122807
-381.319,0.000118858
-381.197,9.14219e-005
-381.074,5.88082e-005
-380.952,1.17697e-005
-380.83,0.000108102
-380.708,7.14342e-005
-380.586,3.91324e-005
-380.464,5.18765e-005
-380.342,2.69892e-005
-380.22,3.34291e-005
-380.098,7.243e-005
-379.976,0.000126853
-379.853,6.43019e-005
-379.731,8.01233e-005
-379.609,1.61368e-005
-379.487,4.6911e-005
-379.365,7.74971e-005
-379.243,1.93411e-005
-379.121,2.30127e-005
-378.999,2.22635e-005
-378.877,1.25218e-005
-378.755,4.40065e-005
-378.633,6.05361e-005
-378.51,7.71343e-005
-378.388,6.69788e-005
-378.266,5.21944e-005
-378.144,8.20605e-005
-378.022,3.97928e-005
-377.9,6.6646e-005
-377.778,9.60368e-005
-377.656,9.79576e-005
-377.534,0.000103083
-377.411,8.39795e-005
-377.289,5.53186e-005
-377.167,6.31911e-005
-377.045,2.72128e-005
-376.923,4.59189e-005
-376.801,0.00011297
-376.679,0.00012596
-376.557,9.36855e-005
-376.435,2.54549e-005
-376.313,0.000224504
-376.19,3.22118e-005
-376.068,7.89079e-005
-375.946,7.78547e-005
-375.824,6.39295e-005
-375.702,0.000105738
-375.58,7.11203e-005
-375.458,5.33338e-005
-375.336,0.00011525
-375.214,1.66962e-005
-375.092,3.84469e-005
-374.969,1.34285e-005
-374.847,1.23208e-005
-374.725,6.26725e-005
-374.603,0.000142822
-374.481,1.59654e-005
-374.359,2.85636e-005
-374.237,9.77079e-005
-374.115,1.77978e-005
-373.993,4.15038e-005
-373.871,2.84195e-005
-373.749,4.8747e-005
-373.626,7.1894e-005
-373.504,7.06722e-005
-373.382,0.000143164
-373.26,0.000158307
-373.138,6.39098e-005
-373.016,0.000123375
-372.894,1.14774e-005
-372.772,3.49344e-005
-372.65,8.021e-005
-372.527,6.79721e-005
-372.405,5.99206e-005
-372.283,3.48051e-005
-372.161,0.000123634
-372.039,2.37794e-005
-371.917,7.56834e-005
-371.795,7.33388e-005
-371.673,0.000139615
-371.551,3.12235e-005
-371.429,0.000113403
-371.306,5.46892e-006
-371.184,4.33825e-005
-371.062,6.26998e-005
-370.94,0.000126718
-370.818,9.98521e-005
-370.696,2.97041e-005
-370.574,0.00014895
-370.452,3.393e-005
-370.33,4.16469e-005
-370.208,9.23142e-005
-370.085,0.000115428
-369.963,0.000106894
-369.841,2.72451e-005
-369.719,1.16389e-005
-369.597,0.000135792
-369.475,9.01251e-005
-369.353,5.56112e-005
-369.231,4.67012e-005
-369.109,3.84779e-005
-368.987,4.18975e-005
-368.865,2.15266e-006
-368.742,7.93209e-005
-368.62,4.80377e-005
-368.498,5.39977e-005
-368.376,3.699e-005
-368.254,0.000102536
-368.132,7.91855e-005
-368.01,3.64847e-005
-367.888,9.10892e-005
-367.766,3.17311e-005
-367.643,4.19684e-005
-367.521,5.00785e-006
-367.399,2.69351e-005
-367.277,5.94347e-005
-367.155,0.000114567
-367.033,0.000152504
-366.911,4.28929e-005
-366.789,1.73462e-005
-366.667,0.000142138
-366.545,0.000194755
-366.422,0.000128173
-366.3,6.52292e-005
-366.178,0.000158653
-366.056,8.84701e-005
-365.934,0.000103687
-365.812,4.64213e-005
-365.69,1.78707e-005
-365.568,0.000154402
-365.446,0.000145652
-365.324,9.29976e-005
-365.201,2.67803e-005
-365.079,7.34801e-005
-364.957,7.3234e-005
-364.835,0.00011986
-364.713,4.89485e-005
-364.591,5.53405e-005
-364.469,7.26553e-005
-364.347,8.19403e-005
-364.225,1.12414e-005
-364.103,9.108e-005
-363.98,3.57714e-005
-363.858,0.000134378
-363.736,8.2749e-005
-363.614,0.000144895
-363.492,8.42633e-005
-363.37,6.8461e-005
-363.248,7.36076e-005
-363.126,5.74816e-005
-363.004,0.000138844
-362.882,5.26051e-005
-362.759,7.06058e-005
-362.637,0.000216405
-362.515,0.000156942
-362.393,6.43253e-005
-362.271,5.64901e-005
-362.149,6.73694e-005
-362.027,2.22454e-005
-361.905,0.00012408
-361.783,6.44574e-005
-361.661,6.67915e-005
-361.538,6.51117e-005
-361.416,4.10007e-005
-361.294,3.58432e-005
-361.172,3.41895e-005
-361.05,0.000129867
-360.928,0.000109203
-360.806,7.03002e-005
-360.684,0.000101009
-360.562,0.000147756
-360.44,9.91401e-005
-360.317,0.000113154
-360.195,6.408e-005
-360.073,2.34048e-005
-359.951,7.44912e-005
-359.829,3.73266e-005
-359.707,3.44979e-005
-359.585,4.7753e-005
-359.463,9.84006e-005
-359.341,5.08578e-005
-359.219,9.7306e-005
-359.096,8.68921e-005
-358.974,3.3904e-005
-358.852,0.000140469
-358.73,5.89219e-005
-358.608,8.30078e-005
-358.486,0.000148078
-358.364,0.00010421
-358.242,0.000162048
-358.12,5.0891e-005
-357.998,9.50333e-005
-357.875,0.000109252
-357.753,5.50182e-005
-357.631,0.000203431
-357.509,9.53981e-005
-357.387,0.000156079
-357.265,7.54167e-005
-357.143,0.000113569
-357.021,8.41526e-005
-356.899,8.3997e-005
-356.777,2.44039e-005
-356.654,0.000145126
-356.532,7.88673e-005
-356.41,9.42743e-005
-356.288,0.000216637
-356.166,9.8874e-005
-356.044,7.48408e-005
-355.922,0.000171434
-355.8,0.000108263
-355.678,7.0738e-005
-355.556,5.09917e-005
-355.433,7.95664e-005
-355.311,0.000121889
-355.189,6.61379e-005
-355.067,0.000116217
-354.945,8.85856e-005
-354.823,0.000149031
-354.701,0.000167887
-354.579,0.000136019
-354.457,2.77017e-005
-354.335,0.000140017
-354.212,0.000193615
-354.09,9.26664e-005
-353.968,3.72063e-005
-353.846,0.00010869
-353.724,7.66643e-005
-353.602,0.000133998
-353.48,2.5689e-005
-353.358,4.67525e-005
-353.236,3.51222e-005
-353.114,3.8933e-005
-352.991,0.000128217
-352.869,0.00018647
-352.747,9.64221e-005
-352.625,0.000180842
-352.503,7.48202e-005
-352.381,0.00013917
-352.259,5.53417e-005
-352.137,0.000146349
-352.015,2.49078e-005
-351.893,0.000197983
-351.77,2.69301e-006
-351.648,0.000165614
-351.526,7.27491e-005
-351.404,0.000130259
-351.282,5.56148e-005
-351.16,3.21597e-005
-351.038,0.000191508
-350.916,0.000201102
-350.794,4.71094e-005
-350.672,0.000127099
-350.549,1.54066e-005
-350.427,0.000124592
-350.305,6.78729e-005
-350.183,0.000124008
-350.061,0.00011676
-349.939,0.00011131
-349.817,0.00017727
-349.695,8.2853e-005
-349.573,6.63241e-005
-349.451,0.000103374
-349.328,1.75997e-005
-349.206,0.000150487
-349.084,8.46672e-005
-348.962,0.0001316
-348.84,0.000155396
-348.718,0.000187936
-348.596,6.09784e-005
-348.474,9.28799e-005
-348.352,4.41548e-005
-348.23,7.05329e-005
-348.107,0.000193159
-347.985,4.19911e-005
-347.863,0.000195971
-347.741,6.90939e-005
-347.619,8.58734e-005
-347.497,6.88706e-005
-347.375,0.000132053
-347.253,5.96266e-005
-347.131,0.000101476
-347.009,6.86474e-005
-346.886,3.77753e-005
-346.764,9.78735e-005
-346.642,4.039e-005
-346.52,0.000125494
-346.398,0.000118386
-346.276,7.48768e-005
-346.154,9.52124e-005
-346.032,6.22998e-005
-345.91,0.000150665
-345.788,2.79635e-005
-345.665,7.19031e-005
-345.543,6.95124e-005
-345.421,8.33985e-005
-345.299,3.84315e-005
-345.177,0.000173669
-345.055,0.000129265
-344.933,0.000130885
-344.811,7.93594e-005
-344.689,0.000107086
-344.567,3.27025e-005
-344.444,0.000120994
-344.322,0.000185616
-344.2,4.0635e-005
-344.078,0.000133355
-343.956,6.36038e-005
-343.834,0.000197312
-343.712,0.000108079
-343.59,9.64789e-005
-343.468,0.000160956
-343.346,5.13935e-005
-343.223,0.000246649
-343.101,0.000180534
-342.979,1.59421e-005
-342.857,4.12853e-005
-342.735,5.58663e-005
-342.613,0.000177927
-342.491,8.12705e-005
-342.369,3.72618e-005
-342.247,5.31659e-005
-342.125,8.38915e-005
-342.002,8.7247e-005
-341.88,6.64669e-005
-341.758,3.25399e-005
-341.636,0.000190976
-341.514,0.000104889
-341.392,6.14487e-005
-341.27,9.90581e-005
-341.148,0.000122546
-341.026,9.52618e-005
-340.904,0.000173871
-340.781,0.000136532
-340.659,0.000113432
-340.537,0.000118748
-340.415,0.000158671
-340.293,0.000131982
-340.171,7.69211e-005
-340.049,0.000130004
-339.927,0.000180686
-339.805,0.000219209
-339.683,0.000123046
-339.56,0.000155797
-339.438,2.7066e-005
-339.316,0.00018888
-339.194,0.000107449
-339.072,1.36159e-005
-338.95,0.00015118
-338.828,0.000217353
-338.706,0.000166443
-338.584,0.000263341
-338.462,8.69017e-005
-338.339,0.000107514
-338.217,0.000248751
-338.095,0.000145167
-337.973,7.19806e-005
-337.851,2.34938e-005
-337.729,0.000138139
-337.607,0.000168706
-337.485,0.000126775
-337.363,3.04533e-005
-337.241,0.000115121
-337.118,0.00017126
-336.996,3.66751e-005
-336.874,0.000255363
-336.752,0.000103227
-336.63,0.000177654
-336.508,8.87664e-005
-336.386,9.45279e-005
-336.264,9.75062e-005
-336.142,0.000137536
-336.02,0.000191776
-335.897,6.59371e-005
-335.775,6.77826e-005
-335.653,0.000141735
-335.531,0.000232456
-335.409,4.54712e-005
-335.287,0.000121886
-335.165,0.000198579
-335.043,0.000180297
-334.921,0.00018548
-334.799,0.000211273
-334.676,0.000129256
-334.554,5.18868e-005
-334.432,9.38493e-005
-334.31,0.000229884
-334.188,0.000119362
-334.066,7.71423e-005
-333.944,0.000249879
-333.822,0.000262109
-333.7,4.11795e-005
-333.578,0.000184646
-333.455,0.000101328
-333.333,0.000213935
-333.211,0.000191337
-333.089,0.000164046
-332.967,0.000219773
-332.845,0.000238411
-332.723,0.000152171
-332.601,0.000174643
-332.479,4.21971e-005
-332.357,0.0002773
-332.234,0.00030983
-332.112,0.000300274
-331.99,7.90444e-005
-331.868,0.000126986
-331.746,0.00017041
-331.624,7.24558e-005
-331.502,7.02683e-005
-331.38,5.21741e-005
-331.258,0.000112615
-331.136,5.35981e-005
-331.013,0.000117507
-330.891,0.000134206
-330.769,0.000192406
-330.647,0.00013961
-330.525,0.000132363
-330.403,0.000229974
-330.281,0.000172674
-330.159,0.000219768
-330.037,0.000171505
-329.915,6.68535e-005
-329.792,1.12673e-005
-329.67,4.88554e-005
-329.548,1.25479e-005
-329.426,0.000205959
-329.304,0.000332125
-329.182,0.000459725
-329.06,9.21892e-005
-328.938,2.3932e-005
-328.816,4.59374e-005
-328.694,0.000171337
-328.571,3.86613e-005
-328.449,0.000158448
-328.327,0.000119486
-328.205,0.000118798
-328.083,3.57819e-005
-327.961,0.000230806
-327.839,0.000228535
-327.717,0.000275694
-327.595,2.95195e-005
-327.473,9.20886e-005
-327.35,7.79049e-005
-327.228,0.000225884
-327.106,0.000186253
-326.984,0.000196966
-326.862,6.27705e-005
-326.74,7.23918e-005
-326.618,0.000425107
-326.496,3.86595e-005
-326.374,0.000172617
-326.252,0.000330701
-326.129,0.000221459
-326.007,0.000292341
-325.885,0.000183562
-325.763,0.000233336
-325.641,0.00010625
-325.519,0.000162132
-325.397,0.00017086
-325.275,0.000237695
-325.153,0.000177767
-325.031,0.000168377
-324.908,0.000267593
-324.786,0.000212254
-324.664,7.44366e-005
-324.542,0.000117634
-324.42,0.000320478
-324.298,0.000107103
-324.176,0.000151125
-324.054,0.000204467
-323.932,0.000206788
-323.81,0.000198969
-323.687,0.000178506
-323.565,0.000180639
-323.443,0.000501738
-323.321,0.000298297
-323.199,0.000175486
-323.077,0.000324515
-322.955,0.000217543
-322.833,0.000118278
-322.711,0.00021457
-322.589,8.79653e-005
-322.466,7.6135e-005
-322.344,2.12873e-005
-322.222,0.000229589
-322.1,0.000275275
-321.978,0.000182505
-321.856,0.000120487
-321.734,0.000166604
-321.612,0.000254152
-321.49,0.000292971
-321.368,0.000243048
-321.245,2.60775e-005
-321.123,1.88095e-005
-321.001,0.000376549
-320.879,0.000128656
-320.757,0.000207578
-320.635,0.000292364
-320.513,0.000270088
-320.391,0.000179123
-320.269,0.000103812
-320.147,5.19019e-005
-320.024,0.00016392
-319.902,0.000140844
-319.78,0.000290237
-319.658,7.24215e-005
-319.536,0.000164103
-319.414,0.000122875
-319.292,0.000275344
-319.17,8.56411e-005
-319.048,0.000172604
-318.926,7.05828e-005
-318.803,9.17647e-005
-318.681,0.0001443
-318.559,0.000246989
-318.437,1.51422e-005
-318.315,0.000101032
-318.193,0.000112972
-318.071,0.000317804
-317.949,9.45798e-005
-317.827,0.000272545
-317.705,0.000157918
-317.582,0.000325478
-317.46,0.000186068
-317.338,8.37831e-005
-317.216,0.00017319
-317.094,0.00016628
-316.972,0.000206966
-316.85,0.000282383
-316.728,0.000244325
-316.606,0.000170132
-316.484,0.000148355
-316.361,0.000201715
-316.239,0.000155898
-316.117,7.61845e-005
-315.995,0.000183743
-315.873,0.00047408
-315.751,9.76372e-005
-315.629,0.000191005
-315.507,0.000198131
-315.385,0.000199784
-315.263,0.000228543
-315.14,0.000240434
-315.018,0.000186417
-314.896,8.8148e-005
-314.774,0.000256753
-314.652,0.00021777
-314.53,0.000111293
-314.408,0.000315604
-314.286,0.000215854
-314.164,0.000132587
-314.042,0.000134827
-313.919,0.000140013
-313.797,0.000137502
-313.675,0.000125545
-313.553,0.000119981
-313.431,0.000442087
-313.309,8.07453e-005
-313.187,0.000198748
-313.065,0.000214315
-312.943,0.000105478
-312.821,0.00018022
-312.698,3.11133e-005
-312.576,0.000309845
-312.454,0.000231017
-312.332,0.000155061
-312.21,7.9628e-005
-312.088,0.000132366
-311.966,9.08068e-005
-311.844,5.42609e-005
-311.722,0.000120709
-311.6,0.00013706
-311.477,0.000187449
-311.355,0.000206881
-311.233,0.000132407
-311.111,0.000282216
-310.989,0.00011265
-310.867,0.000131106
-310.745,0.000236918
-310.623,6.44327e-005
-310.501,0.000218108
-310.379,0.000208591
-310.256,0.000221789
-310.134,0.000232696
-310.012,0.000325748
-309.89,5.41351e-005
-309.768,0.000203
-309.646,0.000124107
-309.524,0.000504678
-309.402,0.000236809
-309.28,0.00017028
-309.158,6.24701e-005
-309.035,0.000139273
-308.913,0.000371367
-308.791,0.000358391
-308.669,0.000106263
-308.547,0.000445381
-308.425,0.00010278
-308.303,0.000172974
-308.181,0.000114755
-308.059,0.000162552
-307.937,1.81915e-005
-307.814,0.000136018
-307.692,0.000206331
-307.57,8.47335e-005
-307.448,0.000280034
-307.326,0.000331499
-307.204,0.000429529
-307.082,0.000122861
-306.96,0.000122212
-306.838,0.000323081
-306.716,0.000402178
-306.593,0.000115989
-306.471,0.000135896
-306.349,0.000170035
-306.227,0.000254443
-306.105,0.000292956
-305.983,0.000272837
-305.861,0.000366236
-305.739,0.000157562
-305.617,0.000265314
-305.495,0.000242446
-305.372,0.000125937
-305.25,0.000146127
-305.128,0.00021735
-305.006,0.000160464
-304.884,0.000292878
-304.762,0.000149546
-304.64,0.000257571
-304.518,0.00022227
-304.396,0.000241506
-304.274,5.04153e-005
-304.151,0.000233039
-304.029,0.000101778
-303.907,0.000204435
-303.785,0.000163944
-303.663,0.000108413
-303.541,0.000221931
-303.419,8.04111e-005
-303.297,0.00012153
-303.175,0.000127644
-303.053,0.000474452
-302.93,0.000376792
-302.808,0.000132969
-302.686,0.000312899
-302.564,0.000230686
-302.442,0.000207583
-302.32,8.51622e-005
-302.198,0.000218726
-302.076,0.000174712
-301.954,0.000114688
-301.832,0.00041549
-301.709,0.000417595
-301.587,0.000367093
-301.465,0.000336605
-301.343,0.000236067
-301.221,0.000448164
-301.099,0.000131949
-300.977,0.000121801
-300.855,0.000470395
-300.733,0.000309192
-300.611,0.000353513
-300.488,0.000321627
-300.366,0.000217148
-300.244,0.000105239
-300.122,0.000191419
-300,0.000319189
-299.878,0.000328594
-299.756,0.00018841
-299.634,0.000381008
-299.512,0.000243461
-299.39,0.000316875
-299.267,0.000270063
-299.145,0.000235397
-299.023,0.00029867
-298.901,0.000148614
-298.779,0.000242773
-298.657,0.000159927
-298.535,0.000493182
-298.413,0.000362388
-298.291,0.000537396
-298.169,9.0432e-005
-298.046,0.00012785
-297.924,0.000405082
-297.802,0.000491476
-297.68,0.000529743
-297.558,0.000444323
-297.436,0.000237556
-297.314,0.000583956
-297.192,0.000539823
-297.07,0.000139484
-296.948,0.000291284
-296.825,2.93532e-005
-296.703,0.000263203
-296.581,0.000177622
-296.459,0.000333149
-296.337,0.000366111
-296.215,0.000216255
-296.093,0.000422796
-295.971,0.000304826
-295.849,0.00012316
-295.727,0.000417171
-295.604,7.66837e-005
-295.482,0.000146454
-295.36,0.000167161
-295.238,0.000125243
-295.116,0.000343033
-294.994,0.000283334
-294.872,0.000487623
-294.75,0.000199193
-294.628,0.000226195
-294.506,0.000407792
-294.383,0.000419471
-294.261,0.000502218
-294.139,0.000226139
-294.017,0.000109159
-293.895,0.000259904
-293.773,9.16836e-005
-293.651,0.00035766
-293.529,0.000494116
-293.407,0.000200615
-293.285,2.71003e-005
-293.162,0.000322294
-293.04,0.000147834
-292.918,0.000473367
-292.796,0.000761795
-292.674,0.000326557
-292.552,0.000569529
-292.43,0.000319178
-292.308,0.000293986
-292.186,4.73783e-005
-292.064,0.000259183
-291.941,0.000300348
-291.819,0.000495602
-291.697,0.000366917
-291.575,0.000221625
-291.453,0.000133643
-291.331,0.000512908
-291.209,8.55249e-005
-291.087,0.000215164
-290.965,0.000292839
-290.842,0.000701075
-290.72,0.000351213
-290.598,0.000609909
-290.476,0.000455781
-290.354,0.00023151
-290.232,0.000312884
-290.11,9.93687e-005
-289.988,0.000166792
-289.866,0.000314872
-289.744,0.000319157
-289.621,0.000375299
-289.499,0.000239156
-289.377,0.000245363
-289.255,0.000373975
-289.133,0.000447598
-289.011,0.000237705
-288.889,0.0002944
-288.767,0.000367354
-288.645,0.000139782
-288.523,8.65335e-005
-288.401,0.000104104
-288.278,0.000464345
-288.156,0.000583227
-288.034,0.000138544
-287.912,0.000248869
-287.79,0.00047569
-287.668,8.25098e-005
-287.546,0.000325843
-287.424,0.000452787
-287.302,0.000201615
-287.18,0.000295063
-287.057,0.000370376
-286.935,0.000450595
-286.813,0.000294733
-286.691,0.000414397
-286.569,0.000351032
-286.447,0.000383932
-286.325,0.000305335
-286.203,0.000132441
-286.081,0.000591911
-285.958,0.000750423
-285.836,0.000185232
-285.714,0.000489033
-285.592,0.000762834
-285.47,0.000498678
-285.348,0.000186505
-285.226,0.000954024
-285.104,0.000224287
-284.982,0.000474968
-284.86,0.00053423
-284.737,0.000273404
-284.615,0.000335429
-284.493,0.000316299
-284.371,0.000649169
-284.249,0.000324337
-284.127,0.000468053
-284.005,0.000574462
-283.883,0.000109148
-283.761,0.000763626
-283.639,0.000318394
-283.517,0.000476875
-283.394,0.000418666
-283.272,0.00014652
-283.15,0.00024131
-283.028,0.000756632
-282.906,0.000342369
-282.784,0.000204425
-282.662,0.000338757
-282.54,0.00020819
-282.418,0.000265299
-282.296,0.000392251
-282.173,0.000660325
-282.051,0.000290956
-281.929,0.00025441
-281.807,0.000562014
-281.685,0.000528614
-281.563,0.000309771
-281.441,0.000691913
-281.319,0.00102929
-281.197,0.000500603
-281.074,7.90363e-005
-280.952,0.000158093
-280.83,0.000224555
-280.708,0.000133056
-280.586,0.000203517
-280.464,0.000376736
-280.342,0.00028866
-280.22,0.000841029
-280.098,0.00020237
-279.976,0.000651711
-279.853,0.00045131
-279.731,0.000544056
-279.609,0.000143878
-279.487,0.00035722
-279.365,0.000552897
-279.243,0.000218593
-279.121,0.000519064
-278.999,0.000632774
-278.877,0.000462339
-278.755,0.000360208
-278.633,0.000475787
-278.51,0.000554898
-278.388,0.000339434
-278.266,0.000280357
-278.144,0.000222437
-278.022,0.000706947
-277.9,0.000285725
-277.778,0.000186024
-277.656,0.000931351
-277.534,0.000221344
-277.411,0.000485458
-277.289,0.000412394
-277.167,0.000787299
-277.045,0.000261594
-276.923,0.000165981
-276.801,0.000511525
-276.679,0.000276399
-276.557,0.000593868
-276.435,0.000266696
-276.313,0.000631471
-276.19,0.000133649
-276.068,0.000694185
-275.946,0.000201816
-275.824,0.000458871
-275.702,0.000577779
-275.58,4.69189e-005
-275.458,0.000249159
-275.336,0.000460126
-275.214,0.000268527
-275.092,0.000551752
-274.969,0.000465377
-274.847,0.000571205
-274.725,0.000438841
-274.603,0.000816408
-274.481,0.000468854
-274.359,0.00027048
-274.237,0.000162974
-274.115,0.000866432
-273.993,0.000428409
-273.871,0.000845367
-273.748,0.000193717
-273.626,0.000673291
-273.504,0.000522797
-273.382,0.000304512
-273.26,0.000133211
-273.138,3.61845e-005
-273.016,0.000258992
-272.894,0.000427199
-272.772,0.000681894
-272.65,0.000312532
-272.527,0.000297568
-272.405,0.000698804
-272.283,0.000305233
-272.161,0.000246023
-272.039,0.00076529
-271.917,6.35965e-005
-271.795,0.000330311
-271.673,0.000327618
-271.551,0.000219761
-271.429,0.000347175
-271.306,0.000516924
-271.184,1.36422e-005
-271.062,0.000254343
-270.94,8.1088e-005
-270.818,0.00104886
-270.696,0.000404723
-270.574,0.000328694
-270.452,0.00024053
-270.33,0.00023231
-270.208,0.000225603
-270.085,0.000505949
-269.963,0.000150513
-269.841,0.000618188
-269.719,0.000817698
-269.597,0.000348999
-269.475,0.000399285
-269.353,0.000654024
-269.231,0.000493203
-269.109,0.000283719
-268.987,0.000290991
-268.864,5.63816e-005
-268.742,0.00084417
-268.62,0.000705064
-268.498,0.000115052
-268.376,0.000186511
-268.254,0.000657369
-268.132,0.000719069
-268.01,0.000498959
-267.888,0.000375041
-267.766,0.000238046
-267.643,0.000500328
-267.521,0.000722841
-267.399,0.000384379
-267.277,0.000296468
-267.155,0.000455825
-267.033,0.000521507
-266.911,0.000589406
-266.789,0.000771542
-266.667,0.000498312
-266.545,0.000117368
-266.422,0.000114478
-266.3,0.000509695
-266.178,0.000252529
-266.056,0.000842748
-265.934,0.00036251
-265.812,0.000161928
-265.69,0.000592828
-265.568,0.000141481
-265.446,0.000451614
-265.324,0.000581651
-265.201,0.00128134
-265.079,0.000342522
-264.957,0.000678529
-264.835,0.000843219
-264.713,0.00066574
-264.591,0.000717541
-264.469,0.00035922
-264.347,0.000374826
-264.225,0.00111521
-264.103,0.00067755
-263.98,0.000290375
-263.858,0.000181322
-263.736,0.0007457
-263.614,0.000401562
-263.492,0.000528383
-263.37,0.000306648
-263.248,0.000280903
-263.126,0.000319363
-263.004,0.000395969
-262.882,0.000488944
-262.759,0.000750266
-262.637,0.000329469
-262.515,0.00116665
-262.393,0.000658102
-262.271,0.000487536
-262.149,0.000683687
-262.027,0.0011312
-261.905,0.000706101
-261.783,0.000651684
-261.661,0.000169582
-261.538,0.000802503
-261.416,0.00020381
-261.294,0.000781837
-261.172,0.000808146
-261.05,0.000792742
-260.928,0.000288537
-260.806,0.000497084
-260.684,9.7818e-005
-260.562,0.00021782
-260.44,0.000164825
-260.317,0.00031879
-260.195,0.000519866
-260.073,0.000245179
-259.951,0.000636607
-259.829,0.000400896
-259.707,0.00103932
-259.585,0.000379879
-259.463,0.000449122
-259.341,0.000442223
-259.219,0.000565294
-259.096,0.00064889
-258.974,0.00102457
-258.852,0.000703198
-258.73,0.000774478
-258.608,0.000412595
-258.486,0.0011019
-258.364,0.000598946
-258.242,0.000597911
-258.12,0.000753805
-257.998,0.000303171
-257.875,0.000750139
-257.753,0.00090511
-257.631,0.000749843
-257.509,8.61269e-005
-257.387,0.000127716
-257.265,0.000107594
-257.143,0.000138182
-257.021,0.000371813
-256.899,0.000373047
-256.777,0.000541971
-256.654,0.000946474
-256.532,0.000985934
-256.41,0.000938048
-256.288,0.00046967
-256.166,0.00119735
-256.044,0.000430038
-255.922,0.00124764
-255.8,0.000667503
-255.678,0.000209606
-255.556,0.00108886
-255.433,0.000477133
-255.311,0.000147708
-255.189,0.000439201
-255.067,0.000995409
-254.945,0.000859789
-254.823,0.00010747
-254.701,0.000424812
-254.579,0.000744477
-254.457,0.000754977
-254.335,0.000836177
-254.212,0.000634182
-254.09,0.00123134
-253.968,0.000865728
-253.846,0.000584658
-253.724,0.0012695
-253.602,0.000292925
-253.48,0.00016019
-253.358,0.000501528
-253.236,0.00168476
-253.114,2.29097e-005
-252.991,0.000503261
-252.869,0.000318855
-252.747,0.000489797
-252.625,0.000240226
-252.503,0.00113566
-252.381,0.000651614
-252.259,0.000423375
-252.137,0.000206426
-252.015,0.000969619
-251.893,0.000746887
-251.77,0.00058014
-251.648,0.00021474
-251.526,0.000775803
-251.404,0.000832794
-251.282,0.00100209
-251.16,0.000696401
-251.038,0.000682334
-250.916,0.000242918
-250.794,0.000623496
-250.672,0.000631868
-250.549,0.000969957
-250.427,0.000696749
-250.305,0.0004758
-250.183,0.0007927
-250.061,0.00060982
-249.939,0.000291816
-249.817,0.000218394
-249.695,0.000557353
-249.573,0.000983985
-249.451,0.000941852
-249.328,0.000580326
-249.206,0.000956932
-249.084,0.000895557
-248.962,0.000353941
-248.84,0.00140279
-248.718,0.000589087
-248.596,0.000487638
-248.474,0.000706464
-248.352,0.000151657
-248.23,0.00061571
-248.107,0.000478601
-247.985,0.000856536
-247.863,0.000473728
-247.741,0.000435294
-247.619,0.000567079
-247.497,0.00039783
-247.375,5.50693e-005
-247.253,0.000311779
-247.131,0.000693982
-247.009,0.000730075
-246.886,0.00114862
-246.764,0.00132665
-246.642,0.000589069
-246.52,0.000562982
-246.398,0.000895735
-246.276,0.000618552
-246.154,0.000215775
-246.032,0.000988783
-245.91,0.000679248
-245.788,0.00152931
-245.665,0.00112096
-245.543,0.000917958
-245.421,0.00153219
-245.299,0.00096169
-245.177,0.00123785
-245.055,0.000382055
-244.933,0.0019082
-244.811,0.000255992
-244.689,0.000792288
-244.567,0.000801414
-244.444,0.000583228
-244.322,0.00103024
-244.2,5.54213e-005
-244.078,0.000591148
-243.956,0.00158502
-243.834,0.000171345
-243.712,0.000871846
-243.59,6.35101e-005
-243.468,0.000859576
-243.346,0.00128741
-243.223,0.000583995
-243.101,0.00078877
-242.979,0.000644046
-242.857,3.46781e-005
-242.735,0.000493826
-242.613,0.000516874
-242.491,0.000997422
-242.369,0.00152484
-242.247,0.000327287
-242.125,0.000578863
-242.002,0.000204798
-241.88,0.000124219
-241.758,0.000549663
-241.636,0.000207422
-241.514,0.00084241
-241.392,0.000247922
-241.27,0.00043875
-241.148,0.00071127
-241.026,0.00136739
-240.904,0.00107465
-240.781,0.00120017
-240.659,0.00160004
-240.537,0.000923139
-240.415,0.000360459
-240.293,0.00045502
-240.171,0.00036009
-240.049,0.000947827
-239.927,0.00045588
-239.805,0.00110308
-239.683,0.00139805
-239.56,0.000431314
-239.438,0.000978474
-239.316,0.000554174
-239.194,0.000489668
-239.072,0.000420566
-238.95,0.00107847
-238.828,0.00043019
-238.706,0.00104381
-238.584,9.77551e-005
-238.462,0.000110001
-238.339,0.000523797
-238.217,0.00155145
-238.095,0.000231765
-237.973,0.00101104
-237.851,0.000979158
-237.729,0.00113586
-237.607,0.00139866
-237.485,0.000696953
-237.363,0.000684901
-237.241,0.000895533
-237.118,0.00100203
-236.996,0.000604361
-236.874,0.00130248
-236.752,0.000116444
-236.63,0.000413577
-236.508,0.000768955
-236.386,0.000976136
-236.264,0.00039842
-236.142,0.000562749
-236.02,0.000842582
-235.897,9.93501e-005
-235.775,0.00010315
-235.653,0.00107424
-235.531,0.00173431
-235.409,0.000512501
-235.287,0.000337159
-235.165,0.000316671
-235.043,0.000466304
-234.921,0.000991562
-234.799,0.000904385
-234.676,0.00117066
-234.554,0.000195689
-234.432,9.83968e-005
-234.31,0.00114385
-234.188,0.00143647
-234.066,0.00102297
-233.944,0.000525153
-233.822,0.00173874
-233.7,0.00145323
-233.578,0.000898534
-233.455,0.00154161
-233.333,0.000615854
-233.211,0.000570991
-233.089,0.000203579
-232.967,0.000781288
-232.845,0.000750725
-232.723,0.00157461
-232.601,0.000519561
-232.479,0.000455397
-232.357,0.0013995
-232.234,0.000349004
-232.112,0.00159534
-231.99,0.000101685
-231.868,0.000456586
-231.746,0.0025786
-231.624,0.000522037
-231.502,0.000651086
-231.38,0.000426172
-231.258,0.000233831
-231.136,0.00176604
-231.013,0.000180856
-230.891,0.000620435
-230.769,0.000920735
-230.647,0.0012718
-230.525,0.00134939
-230.403,0.00169691
-230.281,0.00058791
-230.159,0.000437499
-230.037,0.000141192
-229.915,0.00115782
-229.792,0.00185217
-229.67,0.00145065
-229.548,0.000445905
-229.426,0.00113052
-229.304,0.000166247
-229.182,0.000712048
-229.06,0.00126075
-228.938,0.000519332
-228.816,0.000527393
-228.694,0.00119882
-228.571,0.000633407
-228.449,0.00101253
-228.327,0.000777052
-228.205,0.000644768
-228.083,0.000834798
-227.961,0.00119703
-227.839,0.000144639
-227.717,0.000114122
-227.595,0.00132466
-227.473,0.000672155
-227.35,0.00211451
-227.228,0.000837698
-227.106,0.000791956
-226.984,0.00186634
-226.862,0.000681178
-226.74,0.000523081
-226.618,0.000385884
-226.496,0.00132507
-226.374,0.00170606
-226.252,0.000583498
-226.129,0.00120644
-226.007,0.00139051
-225.885,0.00100287
-225.763,0.00134457
-225.641,0.000614983
-225.519,0.000645589
-225.397,0.000725321
-225.275,0.00115129
-225.153,0.0010602
-225.031,0.000847408
-224.908,0.00149464
-224.786,0.000679258
-224.664,0.00164902
-224.542,0.00156382
-224.42,0.000494932
-224.298,0.000562191
-224.176,0.00145127
-224.054,0.000932499
-223.932,0.000876106
-223.81,0.000877302
-223.687,0.00110242
-223.565,0.00208296
-223.443,0.00110249
-223.321,0.00130574
-223.199,0.00101799
-223.077,0.000478786
-222.955,0.00114484
-222.833,0.00059497
-222.711,0.00215376
-222.589,0.000368877
-222.466,0.000464011
-222.344,0.00129244
-222.222,0.000671164
-222.1,0.00049545
-221.978,0.00155045
-221.856,0.000275522
-221.734,0.000561687
-221.612,7.53601e-005
-221.49,0.000709006
-221.368,0.000939582
-221.245,0.00166961
-221.123,0.00134009
-221.001,0.000202218
-220.879,0.0012708
-220.757,0.00156788
-220.635,0.00101638
-220.513,0.000492818
-220.391,0.00194319
-220.269,0.000810678
-220.147,0.000101861
-220.024,0.00135579
-219.902,0.000551051
-219.78,0.000243253
-219.658,0.000347921
-219.536,0.000502037
-219.414,0.00084595
-219.292,0.00147933
-219.17,0.00140683
-219.048,0.00122525
-218.926,0.00155833
-218.803,0.000593891
-218.681,0.00105396
-218.559,0.00214345
-218.437,0.000559841
-218.315,0.00216083
-218.193,0.00109351
-218.071,0.00134625
-217.949,0.00121324
-217.827,0.0013157
-217.705,0.000419899
-217.582,0.000802511
-217.46,0.000186579
-217.338,0.000405378
-217.216,0.00122247
-217.094,0.000130419
-216.972,0.00117644
-216.85,0.000433925
-216.728,0.000285885
-216.606,0.000649567
-216.484,0.00101606
-216.361,0.000487302
-216.239,0.00125785
-216.117,5.8181e-005
-215.995,0.000205042
-215.873,0.000801596
-215.751,0.00183032
-215.629,0.000457397
-215.507,0.000365103
-215.385,0.00152089
-215.263,0.000864067
-215.14,0.000940831
-215.018,0.00101655
-214.896,0.000978166
-214.774,0.000388588
-214.652,0.00245355
-214.53,0.00158951
-214.408,0.000286399
-214.286,0.000307785
-214.164,0.000689759
-214.042,0.00130974
-213.919,3.28461e-005
-213.797,0.000814318
-213.675,0.00150882
-213.553,0.00250623
-213.431,0.00112909
-213.309,0.000943893
-213.187,0.00134965
-213.065,0.000275142
-212.943,0.00174801
-212.821,0.0008782
-212.698,0.00152876
-212.576,0.00112761
-212.454,0.000301938
-212.332,0.00130794
-212.21,0.00100159
-212.088,0.0020323
-211.966,0.000745295
-211.844,0.000860732
-211.722,0.00151315
-211.6,0.000847753
-211.477,0.00054076
-211.355,0.000302447
-211.233,0.000918782
-211.111,0.00211231
-210.989,0.00151322
-210.867,0.0009518
-210.745,0.0019624
-210.623,0.000654245
-210.501,0.0020678
-210.379,0.00128863
-210.256,0.000882014
-210.134,0.000704018
-210.012,0.000647148
-209.89,0.000879088
-209.768,0.00162099
-209.646,0.000852442
-209.524,0.00177896
-209.402,0.000583552
-209.28,0.000960109
-209.158,0.000911613
-209.035,0.000383787
-208.913,0.00184352
-208.791,0.00140461
-208.669,0.00126282
-208.547,0.00228505
-208.425,0.000488731
-208.303,0.000541921
-208.181,0.000828385
-208.059,0.00123439
-207.937,0.000924357
-207.814,0.000958953
-207.692,0.00257826
-207.57,0.000165743
-207.448,0.00160704
-207.326,0.000800776
-207.204,0.00179979
-207.082,0.000589862
-206.96,0.000863328
-206.838,0.00132477
-206.716,0.00234915
-206.593,0.000836701
-206.471,0.000510458
-206.349,0.000812523
-206.227,0.00254202
-206.105,0.0012793
-205.983,0.00205306
-205.861,0.000967675
-205.739,0.00143329
-205.617,0.00111125
-205.495,0.000760629
-205.372,0.00135627
-205.25,0.00126137
-205.128,0.00280904
-205.006,0.00135272
-204.884,0.000527815
-204.762,0.00111403
-204.64,0.000266395
-204.518,0.000757375
-204.396,0.00202173
-204.274,0.00262574
-204.151,0.00176141
-204.029,0.000997837
-203.907,0.000692172
-203.785,0.000351061
-203.663,0.000900242
-203.541,0.000463422
-203.419,0.00264161
-203.297,0.000246818
-203.175,0.00199488
-203.053,0.00168377
-202.93,0.000916406
-202.808,0.000636458
-202.686,0.000650232
-202.564,0.000479893
-202.442,0.00156034
-202.32,0.000968807
-202.198,0.00146855
-202.076,0.000380972
-201.954,0.00183326
-201.832,0.00130284
-201.709,0.000641566
-201.587,0.00185989
-201.465,0.00101565
-201.343,0.00168664
-201.221,0.000563792
-201.099,0.000890074
-200.977,0.00182067
-200.855,0.000364813
-200.733,0.000548293
-200.611,0.0010757
-200.488,0.00138223
-200.366,0.00264833
-200.244,0.00234127
-200.122,0.000877821
-200,0.00150605
-199.878,0.000777764
-199.756,0.00087255
-199.634,0.00207017
-199.512,0.00221744
-199.39,0.000833226
-199.267,0.0011384
-199.145,0.000852913
-199.023,0.000438376
-198.901,0.00176154
-198.779,0.00151851
-198.657,0.00146729
-198.535,0.00244823
-198.413,0.00203564
-198.291,0.00169468
-198.169,0.00200579
-198.046,0.00138554
-197.924,0.0012919
-197.802,0.000934306
-197.68,0.000318259
-197.558,0.000728158
-197.436,0.001334
-197.314,0.00185341
-197.192,0.00113527
-197.07,0.00140147
-196.948,0.00321174
-196.825,0.00215737
-196.703,0.0011906
-196.581,0.000465412
-196.459,0.00237388
-196.337,0.000623342
-196.215,0.00118234
-196.093,0.000489996
-195.971,0.000660608
-195.849,0.00124597
-195.727,0.00238614
-195.604,0.000217693
-195.482,0.00155268
-195.36,0.000992848
-195.238,0.00135715
-195.116,0.00302356
-194.994,0.000640883
-194.872,0.00184538
-194.75,0.00104568
-194.628,0.000453157
-194.506,0.000660889
-194.383,0.00250013
-194.261,0.00148553
-194.139,0.000660086
-194.017,0.000949306
-193.895,0.00198889
-193.773,0.00102995
-193.651,0.00152351
-193.529,0.00133859
-193.407,0.00103191
-193.285,0.000424163
-193.162,0.00130814
-193.04,0.00222265
-192.918,0.00153561
-192.796,0.00155266
-192.674,0.000631669
-192.552,0.00126221
-192.43,0.00130044
-192.308,0.00100285
-192.186,0.00329668
-192.064,0.00170691
-191.941,0.000503331
-191.819,0.00123738
-191.697,0.00294572
-191.575,0.00182743
-191.453,0.00157746
-191.331,0.000669588
-191.209,0.00105609
-191.087,0.00166841
-190.965,0.00035836
-190.842,0.00213601
-190.72,0.00238921
-190.598,0.000768999
-190.476,0.00177656
-190.354,0.00122597
-190.232,0.000862556
-190.11,0.000811841
-189.988,0.00187906
-189.866,0.00258508
-189.744,0.00258248
-189.622,0.00117623
-189.499,0.000895958
-189.377,0.00127462
-189.255,0.00223143
-189.133,0.00301517
-189.011,0.00150388
-188.889,0.00246442
-188.767,0.00251242
-188.645,0.00065013
-188.523,0.00237318
-188.4,0.0002134
-188.278,8.45369e-005
-188.156,0.00300962
-188.034,0.0021511
-187.912,0.000170121
-187.79,0.00231934
-187.668,0.00118502
-187.546,0.000503635
-187.424,0.00146081
-187.302,0.000398673
-187.18,0.00113932
-187.057,0.00234982
-186.935,0.000604728
-186.813,0.000408153
-186.691,0.000811399
-186.569,0.00124803
-186.447,0.00199834
-186.325,0.00112283
-186.203,0.00257641
-186.081,0.00217525
-185.958,0.000810494
-185.836,0.00160007
-185.714,0.000490342
-185.592,0.00195558
-185.47,0.000175051
-185.348,0.00235899
-185.226,0.002452
-185.104,0.00227864
-184.982,0.00191007
-184.86,0.00157345
-184.737,0.00166441
-184.615,0.00271699
-184.493,0.000160733
-184.371,0.0030287
-184.249,0.0013433
-184.127,0.000633913
-184.005,0.00196928
-183.883,0.00208534
-183.761,0.00234139
-183.639,0.00208358
-183.516,0.000956202
-183.394,0.00179941
-183.272,0.00283514
-183.15,0.00272407
-183.028,0.000409116
-182.906,0.000859296
-182.784,0.00167069
-182.662,0.00243861
-182.54,0.000573593
-182.418,0.00149713
-182.295,0.00116124
-182.173,0.00116711
-182.051,0.00373002
-181.929,0.000789753
-181.807,0.00120494
-181.685,0.00201081
-181.563,0.0016427
-181.441,0.000325397
-181.319,0.00118944
-181.197,0.00107982
-181.074,0.00142895
-180.952,0.00305332
-180.83,0.00126861
-180.708,0.000341653
-180.586,0.00118545
-180.464,0.000725507
-180.342,0.00157917
-180.22,0.000272579
-180.098,0.00226863
-179.976,0.00136572
-179.853,0.000496536
-179.731,0.000887995
-179.609,0.00121311
-179.487,0.00185173
-179.365,0.000626346
-179.243,0.00079948
-179.121,0.00277635
-178.999,0.00176004
-178.877,0.000879643
-178.755,0.000936917
-178.632,0.00159373
-178.51,0.00116506
-178.388,0.00136017
-178.266,0.000860011
-178.144,0.00181516
-178.022,0.0012557
-177.9,0.00123603
-177.778,0.000733769
-177.656,0.00109929
-177.534,0.00300204
-177.411,0.00162677
-177.289,0.00123076
-177.167,0.000893317
-177.045,0.00155477
-176.923,0.00192277
-176.801,0.00195691
-176.679,0.00213677
-176.557,0.00063284
-176.435,0.00176618
-176.313,0.000331977
-176.19,0.00236443
-176.068,0.00098
-175.946,0.00215955
-175.824,0.00137256
-175.702,0.003045
-175.58,0.000525472
-175.458,0.00133062
-175.336,0.00389355
-175.214,0.000137489
-175.092,0.00221848
-174.969,0.00194381
-174.847,0.00251492
-174.725,0.00196835
-174.603,0.000422028
-174.481,0.00138067
-174.359,0.00217087
-174.237,0.00269616
-174.115,0.00113979
-173.993,0.00158451
-173.871,0.000757193
-173.748,0.00180859
-173.626,0.000956457
-173.504,0.00196367
-173.382,0.00184061
-173.26,0.000480019
-173.138,0.000812494
-173.016,0.000974208
-172.894,0.0022075
-172.772,0.00252186
-172.65,0.00121613
-172.527,0.00287117
-172.405,0.00153316
-172.283,0.00162944
-172.161,0.00117421
-172.039,0.00190464
-171.917,0.000309503
-171.795,0.000133642
-171.673,0.00175051
-171.551,0.00271308
-171.429,0.00130806
-171.306,0.000216429
-171.184,0.00108496
-171.062,0.00342228
-170.94,0.00297583
-170.818,0.00118918
-170.696,0.000677776
-170.574,0.000821324
-170.452,0.00140491
-170.33,0.00178252
-170.208,0.00119729
-170.085,0.0026844
-169.963,0.000897295
-169.841,0.00290739
-169.719,0.00292082
-169.597,0.00206903
-169.475,0.000604165
-169.353,0.0021557
-169.231,0.00143511
-169.109,0.00106818
-168.987,0.000758085
-168.864,0.00170239
-168.742,0.00278517
-168.62,0.00205978
-168.498,0.00289991
-168.376,0.0021782
-168.254,0.000838005
-168.132,0.00104867
-168.01,0.00169615
-167.888,0.00129115
-167.766,0.00307171
-167.643,0.00108012
-167.521,0.00171044
-167.399,0.00257986
-167.277,0.0038097
-167.155,0.00114958
-167.033,0.00288049
-166.911,0.00141994
-166.789,0.000334373
-166.667,0.00235028
-166.545,0.00423313
-166.422,0.0031688
-166.3,0.000382298
-166.178,0.00200476
-166.056,0.0023386
-165.934,0.00136652
-165.812,0.00145791
-165.69,0.00173392
-165.568,0.00179656
-165.446,0.00416506
-165.324,0.00176072
-165.201,0.00239369
-165.079,0.00176646
-164.957,0.00125044
-164.835,0.00341147
-164.713,0.00106758
-164.591,0.0016366
-164.469,0.00338957
-164.347,0.000638179
-164.225,0.00118074
-164.103,0.00280218
-163.98,0.00121074
-163.858,0.00117411
-163.736,0.00261581
-163.614,0.000687434
-163.492,0.00364558
-163.37,0.00207469
-163.248,0.00369484
-163.126,0.00412736
-163.004,0.000750188
-162.882,0.000962148
-162.759,0.000633837
-162.637,0.00143157
-162.515,0.00233294
-162.393,0.00145789
-162.271,0.000214713
-162.149,0.00149339
-162.027,0.00337877
-161.905,0.00167733
-161.783,0.00102353
-161.661,0.00333939
-161.538,0.00267696
-161.416,0.00188202
-161.294,8.48394e-005
-161.172,0.000638014
-161.05,0.00325899
-160.928,0.00323815
-160.806,0.00286299
-160.684,0.0017447
-160.562,0.00162013
-160.44,0.00120431
-160.317,0.00154282
-160.195,0.00124182
-160.073,0.00544349
-159.951,0.00125144
-159.829,0.000710765
-159.707,0.00185063
-159.585,0.00302606
-159.463,0.0017049
-159.341,0.00137325
-159.219,0.00260732
-159.096,0.00127283
-158.974,0.00186311
-158.852,0.00105919
-158.73,0.00367984
-158.608,0.00118051
-158.486,0.0031861
-158.364,0.00270249
-158.242,0.00227342
-158.12,0.00138903
-157.998,0.00184589
-157.875,0.00347316
-157.753,0.00095253
-157.631,0.00279333
-157.509,0.000839289
-157.387,0.000512382
-157.265,0.00180101
-157.143,0.00190013
-157.021,0.00169762
-156.899,0.000640249
-156.777,0.00163211
-156.654,0.000801425
-156.532,0.00212787
-156.41,0.0028844
-156.288,0.00106237
-156.166,0.000518224
-156.044,0.00240963
-155.922,0.00142105
-155.8,0.000559544
-155.678,0.00157609
-155.556,0.00275636
-155.433,0.00238818
-155.311,0.00202404
-155.189,0.0029828
-155.067,0.001284
-154.945,0.00259101
-154.823,0.00152272
-154.701,0.000368901
-154.579,0.00424754
-154.457,0.00267657
-154.335,0.00444219
-154.212,0.00284836
-154.09,0.00245633
-153.968,0.000800117
-153.846,0.00236137
-153.724,0.00169624
-153.602,0.00073876
-153.48,0.00218236
-153.358,0.00252608
-153.236,0.00235241
-153.114,0.00196156
-152.991,0.000179856
-152.869,0.00316694
-152.747,0.00258253
-152.625,0.000383965
-152.503,0.00188421
-152.381,0.00121356
-152.259,0.00110772
-152.137,0.00197142
-152.015,0.00407766
-151.893,0.00119321
-151.77,0.00255008
-151.648,0.00273937
-151.526,0.00100047
-151.404,0.000674208
-151.282,0.000622243
-151.16,0.00224874
-151.038,0.00248087
-150.916,0.00322532
-150.794,0.00343167
-150.672,0.00101049
-150.549,0.000501112
-150.427,0.00251708
-150.305,0.00135001
-150.183,0.00185348
-150.061,0.00316315
-149.939,0.00122736
-149.817,0.00313773
-149.695,0.00275441
-149.573,0.00139961
-149.451,0.00353167
-149.328,0.0019648
-149.206,0.000902172
-149.084,0.00188603
-148.962,0.000782309
-148.84,0.00290745
-148.718,0.00210739
-148.596,0.000939236
-148.474,0.00315233
-148.352,0.00212082
-148.23,0.00161178
-148.107,0.000160556
-147.985,0.00159633
-147.863,0.0029402
-147.741,0.00211987
-147.619,0.00175318
-147.497,0.00132912
-147.375,0.00134734
-147.253,0.00129613
-147.131,0.00183411
-147.009,0.00154439
-146.886,0.00397736
-146.764,0.00457703
-146.642,0.00243989
-146.52,0.00212073
-146.398,0.00405747
-146.276,0.00197206
-146.154,0.00227848
-146.032,0.000788358
-145.91,0.00365249
-145.788,0.00265303
-145.665,0.00207563
-145.543,0.00151799
-145.421,0.00416778
-145.299,0.00126657
-145.177,0.0040391
-145.055,0.00133668
-144.933,0.00405622
-144.811,0.00182632
-144.689,0.003742
-144.567,0.00161822
-144.444,0.00300372
-144.322,0.00120028
-144.2,0.00409789
-144.078,0.00258136
-143.956,0.000958401
-143.834,0.00316169
-143.712,0.00443219
-143.59,0.00393864
-143.468,0.00231332
-143.346,0.0022184
-143.223,0.000859803
-143.101,0.00301963
-142.979,0.00195043
-142.857,0.000402234
-142.735,0.00469042
-142.613,0.00174396
-142.491,0.0033355
-142.369,0.000413057
-142.247,0.00318249
-142.125,0.00192881
-142.002,0.00214216
-141.88,0.00205333
-141.758,0.00531484
-141.636,0.00320108
-141.514,0.00403521
-141.392,0.00222627
-141.27,0.00225579
-141.148,0.00365955
-141.026,0.00121692
-140.904,0.00236783
-140.781,0.0038536
-140.659,0.000762
-140.537,0.00281901
-140.415,0.00221501
-140.293,0.00224157
-140.171,0.00564317
-140.049,0.00285678
-139.927,0.00264205
-139.805,0.00110469
-139.683,0.00115918
-139.56,0.00186561
-139.438,0.00285736
-139.316,0.000474294
-139.194,0.00347625
-139.072,0.00317274
-138.95,0.000852592
-138.828,0.00347982
-138.706,0.00336231
-138.584,0.00241334
-138.462,0.0014458
-138.339,0.00125114
-138.217,0.000269504
-138.095,0.00198619
-137.973,0.00157727
-137.851,0.00392302
-137.729,0.00142781
-137.607,0.00184718
-137.485,0.000301284
-137.363,0.000546088
-137.241,0.000784625
-137.118,0.00138313
-136.996,0.00235039
-136.874,0.00151678
-136.752,0.00284712
-136.63,0.0010924
-136.508,0.00151427
-136.386,0.00250189
-136.264,0.0015146
-136.142,0.0037385
-136.02,0.00078724
-135.897,0.00141771
-135.775,0.000904934
-135.653,0.00206325
-135.531,0.00280939
-135.409,0.00126757
-135.287,0.00373372
-135.165,0.00406914
-135.043,0.00237202
-134.921,0.000594275
-134.799,0.00322943
-134.676,0.00205686
-134.554,0.0021601
-134.432,0.00338294
-134.31,0.00628211
-134.188,0.00104956
-134.066,0.00244735
-133.944,0.00463933
-133.822,0.00178662
-133.7,0.00133567
-133.578,0.000760362
-133.455,0.00218543
-133.333,0.00180104
-133.211,0.00288086
-133.089,0.00254268
-132.967,0.00325611
-132.845,0.00325152
-132.723,0.00397712
-132.601,0.00131898
-132.479,0.00295041
-132.357,0.00110669
-132.234,0.00292436
-132.112,0.00431731
-131.99,0.003085
-131.868,0.00276539
-131.746,0.0036893
-131.624,0.00264818
-131.502,0.00407629
-131.38,0.00435757
-131.258,0.00362874
-131.136,0.00214454
-131.013,0.00210685
-130.891,0.00191152
-130.769,0.00138747
-130.647,0.00138002
-130.525,0.00269672
-130.403,0.00182609
-130.281,0.00239494
-130.159,0.00297116
-130.037,0.00576358
-129.915,0.00196922
-129.792,0.001696
-129.67,0.00299001
-129.548,0.00247546
-129.426,0.00209553
-129.304,0.00249815
-129.182,0.00217809
-129.06,0.00151436
-128.938,0.00192579
-128.816,0.00469891
-128.694,0.00357356
-128.571,0.00306947
-128.449,0.000941777
-128.327,0.000835766
-128.205,0.00354918
-128.083,0.00230095
-127.961,0.00464994
-127.839,0.00479581
-127.717,0.00231313
-127.595,0.00362687
-127.473,0.000483153
-127.35,0.00150984
-127.228,0.00526049
-127.106,0.00376846
-126.984,0.00237068
-126.862,0.0030033
-126.74,0.0013965
-126.618,0.00265894
-126.496,0.00214597
-126.374,0.00155835
-126.252,0.00385656
-126.129,0.00159369
-126.007,0.0018848
-125.885,0.00364011
-125.763,0.0019083
-125.641,0.00481556
-125.519,0.00201241
-125.397,0.00102581
-125.275,0.00431094
-125.153,0.00319285
-125.031,0.000632533
-124.908,0.00149047
-124.786,0.00387888
-124.664,0.00414423
-124.542,0.00135367
-124.42,0.00400657
-124.298,0.001576
-124.176,0.000994313
-124.054,0.00330703
-123.932,0.00111507
-123.81,0.00112299
-123.687,0.00276952
-123.565,0.000626732
-123.443,0.00207701
-123.321,0.000978446
-123.199,0.00204439
-123.077,0.00360442
-122.955,0.0019036
-122.833,0.00461194
-122.711,0.00142531
-122.589,0.000450762
-122.466,0.00201491
-122.344,0.00226213
-122.222,0.00160934
-122.1,0.00338807
-121.978,0.00369643
-121.856,0.00375254
-121.734,0.00419534
-121.612,0.00319258
-121.49,0.00144802
-121.368,0.002235
-121.245,0.00553067
-121.123,0.00464613
-121.001,0.00301348
-120.879,0.00375441
-120.757,0.00268597
-120.635,0.00101561
-120.513,0.00164876
-120.391,0.00110777
-120.269,0.00379576
-120.147,0.00345814
-120.024,0.00243283
-119.902,0.000259108
-119.78,0.00490553
-119.658,0.00208426
-119.536,0.00235702
-119.414,0.00277704
-119.292,0.00179584
-119.17,0.00138838
-119.048,0.00167305
-118.926,0.00268718
-118.803,0.00209655
-118.681,0.00430004
-118.559,0.0045564
-118.437,0.000879014
-118.315,0.0030051
-118.193,0.00287174
-118.071,0.00236745
-117.949,0.00449385
-117.827,0.000515475
-117.705,0.00281053
-117.582,0.00118315
-117.46,0.00300158
-117.338,0.00135204
-117.216,0.00347175
-117.094,0.00203389
-116.972,0.00397441
-116.85,0.00339147
-116.728,0.00383937
-116.606,0.00259951
-116.484,0.00307582
-116.361,0.00538877
-116.239,0.00300697
-116.117,0.000639441
-115.995,0.00130113
-115.873,0.00158208
-115.751,0.0014777
-115.629,0.00651618
-115.507,0.00239089
-115.385,0.00161732
-115.263,0.00136641
-115.14,0.00148431
-115.018,0.0026095
-114.896,0.00113773
-114.774,0.00116143
-114.652,0.00128457
-114.53,0.00198443
-114.408,0.00292707
-114.286,0.00299181
-114.164,0.00290262
-114.042,0.00546574
-113.919,0.000597567
-113.797,0.00486642
-113.675,0.00357058
-113.553,0.000341824
-113.431,0.00383685
-113.309,0.00188522
-113.187,0.00241375
-113.065,0.00114686
-112.943,0.00313085
-112.821,0.00213645
-112.698,0.00114426
-112.576,0.004408
-112.454,0.00495575
-112.332,0.00159948
-112.21,0.00493608
-112.088,0.00439947
-111.966,0.00400105
-111.844,0.00389837
-111.722,0.00500059
-111.6,0.00219416
-111.477,0.00333613
-111.355,0.00360828
-111.233,0.00128549
-111.111,0.00110498
-110.989,0.0022247
-110.867,0.00495025
-110.745,0.00274691
-110.623,0.00495618
-110.501,0.00118805
-110.379,0.00503262
-110.256,0.00420162
-110.134,0.00107544
-110.012,0.00382847
-109.89,0.0025097
-109.768,0.00288429
-109.646,0.00541988
-109.524,0.00436575
-109.402,0.00249524
-109.28,0.00131786
-109.158,0.00101917
-109.035,0.00367543
-108.913,0.00167785
-108.791,0.00551034
-108.669,0.00378521
-108.547,0.00252889
-108.425,0.00503256
-108.303,0.00533708
-108.181,0.000924872
-108.059,0.00329968
-107.937,0.00207981
-107.814,0.00270069
-107.692,0.00608664
-107.57,0.00110593
-107.448,0.00162295
-107.326,0.00408343
-107.204,0.00177137
-107.082,0.00148092
-106.96,0.00587092
-106.838,0.00461178
-106.716,0.00444671
-106.593,0.00220933
-106.471,0.000825581
-106.349,0.00282118
-106.227,0.0031069
-106.105,0.00129591
-105.983,0.00369486
-105.861,0.000449755
-105.739,0.00238348
-105.617,0.00344294
-105.495,0.0037757
-105.372,0.00146252
-105.25,0.00217772
-105.128,0.00275379
-105.006,0.00235944
-104.884,0.00201632
-104.762,0.00231248
-104.64,0.00167736
-104.518,0.00366251
-104.396,0.00718358
-104.274,0.00187294
-104.151,0.0025277
-104.029,0.00613134
-103.907,0.00391777
-103.785,0.00130377
-103.663,0.000481482
-103.541,0.00345991
-103.419,0.00328274
-103.297,0.00182018
-103.175,0.00528787
-103.053,0.00379521
-102.93,0.00198548
-102.808,0.00791705
-102.686,0.00532175
-102.564,0.00220407
-102.442,0.00194875
-102.32,0.00304608
-102.198,0.00284789
-102.076,0.0041988
-101.954,0.00369664
-101.832,0.00487025
-101.709,0.00939252
-101.587,0.0039382
-101.465,0.00299658
-101.343,0.00330729
-101.221,0.00250077
-101.099,0.00123687
-100.977,0.00097005
-100.855,0.00264586
-100.733,0.00184787
-100.611,0.00447593
-100.488,0.00176725
-100.366,0.0046233
-100.244,0.00471802
-100.122,0.00220149
-100,0.00358701
-99.8779,0.00309583
-99.7558,0.00411655
-99.6337,0.00482067
-99.5116,0.00246693
-99.3895,0.00169455
-99.2674,0.00449768
-99.1453,0.00710843
-99.0232,0.00202245
-98.9011,0.00396867
-98.779,0.00470769
-98.6569,0.000921926
-98.5348,0.000793419
-98.4127,0.00166887
-98.2906,0.00456281
-98.1685,0.00126499
-98.0464,0.00326508
-97.9243,0.00326969
-97.8022,0.00233286
-97.6801,0.00263943
-97.558,0.00451531
-97.4359,0.00446813
-97.3138,0.00272463
-97.1917,0.00161035
-97.0696,0.00509013
-96.9475,0.00140726
-96.8254,0.00243172
-96.7033,0.00300809
-96.5812,0.00267494
-96.4591,0.00214757
-96.337,0.003294
-96.2149,0.00396295
-96.0928,0.00418787
-95.9707,0.00144852
-95.8486,0.00222472
-95.7265,0.00441836
-95.6044,0.00634705
-95.4823,0.00122649
-95.3602,0.00184989
-95.2381,0.00430141
-95.116,0.0038428
-94.9939,0.002668
-94.8718,0.00251533
-94.7497,0.00119192
-94.6276,0.00253187
-94.5055,0.00362933
-94.3834,0.00106902
-94.2613,0.00288268
-94.1392,0.00347458
-94.0171,0.00288258
-93.895,0.00286054
-93.7729,0.00574556
-93.6508,0.00197932
-93.5287,0.00218851
-93.4066,0.00148435
-93.2845,0.00397955
-93.1624,0.004461
-93.0403,0.00568879
-92.9182,0.00265141
-92.7961,0.00540409
-92.674,0.000933132
-92.5519,0.00222257
-92.4298,0.00348001
-92.3077,0.00157803
-92.1856,0.00315121
-92.0635,0.00140991
-91.9414,0.00206901
-91.8193,0.00180755
-91.6972,0.00472203
-91.5751,0.00312418
-91.453,0.00328612
-91.3309,0.00292132
-91.2088,0.00334575
-91.0867,0.00328616
-90.9646,0.00181857
-90.8425,0.00383274
-90.7204,0.00417036
-90.5983,0.00386418
-90.4762,0.00621444
-90.3541,0.00142688
-90.232,0.000872023
-90.1099,0.00246921
-89.9878,0.000232719
-89.8657,0.00367868
-89.7436,0.00148878
-89.6215,0.00446153
-89.4994,0.00937423
-89.3773,0.00251959
-89.2552,0.00397106
-89.1331,0.00343546
-89.011,0.0013752
-88.8889,0.00220643
-88.7668,0.00271891
-88.6447,0.002451
-88.5226,0.00167247
-88.4005,0.00576919
-88.2784,0.00697219
-88.1563,0.000948814
-88.0342,0.00463247
-87.9121,0.00204617
-87.79,0.00317507
-87.6679,0.00313564
-87.5458,0.00247681
-87.4237,0.0020261
-87.3016,0.00623125
-87.1795,0.00478524
-87.0574,0.00186487
-86.9353,0.0059709
-86.8132,0.00287476
-86.6911,0.00549836
-86.569,0.00349431
-86.4469,0.00229034
-86.3248,0.00200167
-86.2027,0.00720181
-86.0806,0.00424763
-85.9585,0.00215589
-85.8364,0.00468524
-85.7143,0.00112707
-85.5922,0.00376753
-85.4701,0.00396358
-85.348,0.00180791
-85.2259,0.00263783
-85.1038,0.00686488
-84.9817,0.00164305
-84.8596,0.00334199
-84.7375,0.00311696
-84.6154,0.00330104
-84.4933,0.00158979
-84.3712,0.00248006
-84.2491,0.0017835
-84.127,0.00312246
-84.0049,0.00173072
-83.8828,0.00434309
-83.7607,0.00332263
-83.6386,0.00398789
-83.5165,0.00111742
-83.3944,0.00159627
-83.2723,0.00386696
-83.1502,0.00498582
-83.0281,0.000431652
-82.906,0.00291545
-82.7839,0.00447245
-82.6618,0.00390403
-82.5397,0.00537371
-82.4176,0.00130953
-82.2955,0.00225089
-82.1734,0.00191689
-82.0513,0.00215047
-81.9292,0.00443475
-81.8071,0.00239297
-81.685,0.00167944
-81.5629,0.00560708
-81.4408,0.00219134
-81.3187,0.00357079
-81.1966,0.00501365
-81.0745,0.00257329
-80.9524,0.00397212
-80.8303,0.00359003
-80.7082,0.00340299
-80.5861,0.00695759
-80.464,0.00271233
-80.3419,0.00316741
-80.2198,0.00326321
-80.0977,0.00472714
-79.9756,0.00189302
-79.8535,0.00162013
-79.7314,0.00691659
-79.6093,0.00292507
-79.4872,0.00309966
-79.3651,0.00127628
-79.243,0.00270578
-79.1209,0.00193157
-78.9988,0.00148878
-78.8767,0.00274242
-78.7546,0.00174083
-78.6325,0.00282245
-78.5104,0.00334316
-78.3883,0.00426229
-78.2662,0.00261762
-78.1441,0.00259402
-78.022,0.00233131
-77.8999,0.00413501
-77.7778,0.00368196
-77.6557,0.00262972
-77.5336,0.00267233
-77.4115,0.00266914
-77.2894,0.0025107
-77.1673,0.00582907
-77.0452,0.00457149
-76.9231,0.00263695
-76.801,0.00536517
-76.6789,0.00396397
-76.5568,0.00369518
-76.4347,0.00203372
-76.3126,0.00380723
-76.1905,0.00618302
-76.0684,0.00605176
-75.9463,0.0023666
-75.8242,0.00370862
-75.7021,0.00799669
-75.58,0.00166001
-75.4579,0.00578902
-75.3358,0.00399414
-75.2137,0.00673392
-75.0916,0.00510791
-74.9695,0.00177356
-74.8474,0.00400781
-74.7253,0.000599635
-74.6032,0.0072558
-74.4811,0.00720189
-74.359,0.00488775
-74.2369,0.00126205
-74.1148,0.00608169
-73.9927,0.00113962
-73.8706,0.00136812
-73.7485,0.0026079
-73.6264,0.00663279
-73.5043,0.000541381
-73.3822,0.00643088
-73.2601,0.00143405
-73.138,0.00421484
-73.0159,0.00390275
-72.8938,0.00332889
-72.7717,0.00594804
-72.6496,0.00423912
-72.5275,0.00585324
-72.4054,0.00538196
-72.2833,0.00229508
-72.1612,0.0039288
-72.0391,0.0059857
-71.917,0.00539421
-71.7949,0.00505011
-71.6728,0.00196673
-71.5507,0.00320739
-71.4286,0.00530126
-71.3065,0.00358835
-71.1844,0.00670252
-71.0623,0.00125929
-70.9402,0.00498328
-70.8181,0.000718144
-70.696,0.00392401
-70.5739,0.00472169
-70.4518,0.00293684
-70.3297,0.00299546
-70.2076,0.00456808
-70.0855,0.00297062
-69.9634,0.00330278
-69.8413,0.00281586
-69.7192,0.00156079
-69.5971,0.00139934
-69.475,0.00377346
-69.3529,0.00102994
-69.2308,0.00364451
-69.1087,0.00293258
-68.9866,0.00153807
-68.8645,0.00572958
-68.7424,0.00354342
-68.6203,0.00242668
-68.4982,0.00209254
-68.3761,0.00405177
-68.254,0.00217855
-68.1319,0.00649178
-68.0098,0.0036645
-67.8877,0.00418296
-67.7656,0.00454032
-67.6435,0.00414532
-67.5214,0.00233703
-67.3993,0.00289654
-67.2772,0.00272617
-67.1551,0.00206666
-67.033,0.00137176
-66.9109,0.00376935
-66.7888,0.00428843
-66.6667,0.00162026
-66.5446,0.00333495
-66.4225,0.00170228
-66.3004,0.00462214
-66.1783,0.0027043
-66.0562,0.00362516
-65.9341,0.00108335
-65.812,0.0058134
-65.6899,0.00439314
-65.5678,0.00263776
-65.4457,0.00163502
-65.3236,0.00327357
-65.2015,0.004488
-65.0794,0.00545095
-64.9573,0.00505058
-64.8352,0.0006461
-64.7131,0.00519978
-64.591,0.00372565
-64.4689,0.00211973
-64.3468,0.00092913
-64.2247,0.00147512
-64.1026,0.00087793
-63.9805,0.00203781
-63.8584,0.0010644
-63.7363,0.00249645
-63.6142,0.00479198
-63.4921,0.00361838
-63.37,0.00413297
-63.2479,0.00299028
-63.1258,0.0032704
-63.0037,0.00342394
-62.8816,0.00229292
-62.7595,0.00417651
-62.6374,0.00182589
-62.5153,0.00695872
-62.3932,0.00416532
-62.2711,0.00392874
-62.149,0.00165878
-62.0269,0.00567845
-61.9048,0.00291576
-61.7827,0.00503652
-61.6606,0.00126958
-61.5385,0.0035976
-61.4164,0.00321483
-61.2943,0.00587802
-61.1722,0.00201173
-61.0501,0.00329312
-60.928,0.00485018
-60.8059,0.00281217
-60.6838,0.00255817
-60.5617,0.00373175
-60.4396,0.00374286
-60.3175,0.00541138
-60.1954,0.00257253
-60.0733,0.00260309
-59.9512,0.00323101
-59.8291,0.00506644
-59.707,0.000295376
-59.5849,0.000672931
-59.4628,0.0023084
-59.3407,0.00256895
-59.2186,0.00206858
-59.0965,0.00272002
-58.9744,0.00194013
-58.8523,0.000247034
-58.7302,0.00362991
-58.6081,0.00273701
-58.486,0.00542872
-58.3639,0.00418738
-58.2418,0.00262994
-58.1197,0.00186238
-57.9976,0.00372408
-57.8755,0.00303626
-57.7534,0.00544924
-57.6313,0.00163403
-57.5092,0.00281086
-57.3871,0.00644579
-57.265,0.00639027
-57.1429,0.00440287
-57.0208,0.00543169
-56.8987,0.00844292
-56.7766,0.00520746
-56.6545,0.00163044
-56.5324,0.0027889
-56.4103,0.000593399
-56.2882,0.00638922
-56.1661,0.00298047
-56.044,0.00183452
-55.9219,0.00483874
-55.7998,0.00584408
-55.6777,0.00197307
-55.5556,0.00483565
-55.4335,0.00358166
-55.3114,0.00161516
-55.1893,0.00267999
-55.0672,0.0021263
-54.9451,0.00716949
-54.823,0.00353659
-54.7009,0.00559991
-54.5788,0.00424086
-54.4567,0.00376143
-54.3346,0.0054869
-54.2125,0.00258864
-54.0904,0.00190935
-53.9683,0.00601676
-53.8462,0.00435851
-53.7241,0.00766806
-53.602,0.00782584
-53.4799,0.00458904
-53.3578,0.00420259
-53.2357,0.0039572
-53.1136,0.00465862
-52.9915,0.00712774
-52.8694,0.00299858
-52.7473,0.00547495
-52.6252,0.00690186
-52.5031,0.0027448
-52.381,0.0028023
-52.2589,0.00802229
-52.1368,0.00645275
-52.0147,0.0061199
-51.8926,0.00242957
-51.7705,0.00518329
-51.6484,0.00247475
-51.5263,0.00826858
-51.4042,0.000733879
-51.2821,0.0057967
-51.16,0.00240539
-51.0379,0.00290277
-50.9158,0.00201035
-50.7937,0.00441554
-50.6716,0.00352881
-50.5495,0.00406735
-50.4274,0.00239316
-50.3053,0.00326107
-50.1832,0.00811375
-50.0611,0.00115797
-49.939,0.00185497
-49.8169,0.00511283
-49.6948,0.000947335
-49.5727,0.00164793
-49.4506,0.00323895
-49.3285,0.00119235
-49.2064,0.00253853
-49.0843,0.00511338
-48.9622,0.00525314
-48.84,0.0032931
-48.718,0.00694632
-48.5959,0.00284454
-48.4738,0.0048976
-48.3517,0.00261216
-48.2295,0.0021691
-48.1075,0.00759427
-47.9854,0.00580826
-47.8633,0.00585416
-47.7411,0.00391317
-47.619,0.00170967
-47.4969,0.00400675
-47.3749,0.00366818
-47.2528,0.00298513
-47.1306,0.00569841
-47.0085,0.00355628
-46.8864,0.00592417
-46.7644,0.0103742
-46.6423,0.00547488
-46.5201,0.00158239
-46.398,0.00550224
-46.2759,0.00081922
-46.1538,0.00159132
-46.0317,0.00159009
-45.9096,0.00383194
-45.7875,0.00433986
-45.6654,0.00547947
-45.5433,0.0059708
-45.4212,0.00126432
-45.2991,0.00400248
-45.177,0.00378832
-45.0549,0.00280577
-44.9328,0.00128797
-44.8107,0.00260702
-44.6886,0.00451051
-44.5665,0.00447774
-44.4444,0.00184656
-44.3223,0.00379221
-44.2002,0.0028615
-44.0781,0.00659254
-43.956,0.00695113
-43.8339,0.00484909
-43.7118,0.00110636
-43.5897,0.00750085
-43.4676,0.00322695
-43.3455,0.000917233
-43.2234,0.00107606
-43.1013,0.00645022
-42.9792,0.00291594
-42.8571,0.000749311
-42.735,0.0051669
-42.6129,0.00294998
-42.4908,0.00387097
-42.3687,0.00242657
-42.2466,0.000923566
-42.1245,0.000508258
-42.0024,0.00724607
-41.8803,0.00248669
-41.7582,0.00573504
-41.6361,0.00335643
-41.514,0.00693583
-41.3919,0.00257931
-41.2698,0.00279652
-41.1477,0.00202125
-41.0256,0.000642423
-40.9035,0.00504004
-40.7814,0.00613402
-40.6593,0.00269245
-40.5372,0.000671378
-40.4151,0.0047808
-40.293,0.00357692
-40.1709,0.00284327
-40.0488,0.00341948
-39.9267,0.000453367
-39.8046,0.00171333
-39.6825,0.00409982
-39.5604,0.00881019
-39.4383,0.00345461
-39.3162,0.00778978
-39.1941,0.00222369
-39.072,0.00186866
-38.9499,0.0033055
-38.8278,0.00379925
-38.7057,0.00897881
-38.5836,0.00716955
-38.4615,0.00543742
-38.3394,0.00343605
-38.2173,0.00378388
-38.0952,0.00310663
-37.9731,0.00258803
-37.851,0.00427386
-37.7289,0.00482651
-37.6068,0.00188143
-37.4847,0.00356451
-37.3626,0.00440986
-37.2405,0.00671361
-37.1184,0.00210074
-36.9963,0.000582873
-36.8742,0.00245623
-36.7521,0.00096216
-36.63,0.00542763
-36.5079,0.00174985
-36.3858,0.00798997
-36.2637,0.00520425
-36.1416,0.0048884
-36.0195,0.00497459
-35.8974,0.00301029
-35.7753,0.000815318
-35.6532,0.00393219
-35.5311,0.0044541
-35.409,0.00473084
-35.2869,0.00158075
-35.1648,0.00205284
-35.0427,0.00429229
-34.9206,0.00629288
-34.7985,0.00474132
-34.6764,0.00558071
-34.5543,0.00082729
-34.4322,0.00317755
-34.3101,0.00350905
-34.188,0.0047488
-34.0659,0.000254692
-33.9438,0.00683685
-33.8217,0.00413261
-33.6996,0.00174229
-33.5775,0.00408925
-33.4554,0.00357274
-33.3333,0.00308493
-33.2112,0.00184027
-33.0891,0.00386
-32.967,0.00298178
-32.8449,0.00572697
-32.7228,0.00387187
-32.6007,0.000730556
-32.4786,0.00283022
-32.3565,0.00710681
-32.2344,0.00251586
-32.1123,0.00659365
-31.9902,0.00511458
-31.8681,0.000709902
-31.746,0.00245961
-31.6239,0.00184402
-31.5018,0.00105982
-31.3797,0.00154289
-31.2576,0.00341668
-31.1355,0.00768242
-31.0134,0.0037398
-30.8913,0.00537246
-30.7692,0.0112514
-30.6471,0.00312665
-30.525,0.00318848
-30.4029,0.00275054
-30.2808,0.00153676
-30.1587,0.00378408
-30.0366,0.00632126
-29.9145,0.0024351
-29.7924,0.00384634
-29.6703,0.00202885
-29.5482,0.00179646
-29.4261,0.00548503
-29.304,0.00715963
-29.1819,0.00177732
-29.0598,0.00404873
-28.9377,0.0029422
-28.8156,0.0034376
-28.6935,0.00267577
-28.5714,0.00322819
-28.4493,0.00321201
-28.3272,0.00538612
-28.2051,0.00427912
-28.083,0.0058252
-27.9609,0.00463788
-27.8388,0.0010961
-27.7167,0.00282663
-27.5946,0.00251338
-27.4725,0.0043358
-27.3504,0.00370571
-27.2283,0.00325768
-27.1062,0.00565207
-26.9841,0.00423825
-26.862,0.00678585
-26.7399,0.00721979
-26.6178,0.00276154
-26.4957,0.00306535
-26.3736,0.00239753
-26.2515,0.00233886
-26.1294,0.00337486
-26.0073,0.00229169
-25.8852,0.00292709
-25.7631,0.00711613
-25.641,0.00337188
-25.5189,0.00507214
-25.3968,0.00592314
-25.2747,0.00840678
-25.1526,0.00190299
-25.0305,0.00463051
-24.9084,0.000537793
-24.7863,0.00256231
-24.6642,0.00297128
-24.5421,0.00795451
-24.42,0.00203546
-24.2979,0.003498
-24.1758,0.00466617
-24.0537,0.00242985
-23.9316,0.00407898
-23.8095,0.0039211
-23.6874,0.00373596
-23.5653,0.00791289
-23.4432,0.00215403
-23.3211,0.00145414
-23.199,0.00193039
-23.0769,0.00485483
-22.9548,0.00214455
-22.8327,0.00670524
-22.7106,0.00222305
-22.5885,0.00163572
-22.4664,0.00269446
-22.3443,0.00199005
-22.2222,0.00221248
-22.1001,0.00432748
-21.978,0.00789182
-21.8559,0.00388618
-21.7338,0.00627895
-21.6117,0.00624114
-21.4896,0.00631014
-21.3675,0.00695541
-21.2454,0.00335507
-21.1233,0.00787023
-21.0012,0.00657564
-20.8791,0.00264892
-20.757,0.00321192
-20.6349,0.00935051
-20.5128,0.00586797
-20.3907,0.00470492
-20.2686,0.00207318
-20.1465,0.00262255
-20.0244,0.00346982
-19.9023,0.0041709
-19.7802,0.00791337
-19.6581,0.00113729
-19.536,0.00640699
-19.4139,0.00594429
-19.2918,0.00144623
-19.1697,0.00246831
-19.0476,0.00446
-18.9255,0.0048988
-18.8034,0.00432066
-18.6813,0.00203128
-18.5592,0.00699432
-18.4371,0.00300615
-18.315,0.00326102
-18.1929,0.00579451
-18.0708,0.00545765
-17.9487,0.0113487
-17.8266,0.00326602
-17.7045,0.00156299
-17.5824,0.00219304
-17.4603,0.006454
-17.3382,0.00141139
-17.2161,0.00714131
-17.094,0.00380426
-16.9719,0.00483622
-16.8498,0.00649396
-16.7277,0.00298458
-16.6056,0.000683281
-16.4835,0.003522
-16.3614,0.00796459
-16.2393,0.00249454
-16.1172,0.00535917
-15.9951,0.0026695
-15.873,0.00270541
-15.7509,0.0019056
-15.6288,0.0048301
-15.5067,0.0012536
-15.3846,0.00244554
-15.2625,0.0068737
-15.1404,0.0069451
-15.0183,0.000430237
-14.8962,0.00495925
-14.7741,0.00312547
-14.652,0.00466994
-14.5299,0.00467249
-14.4078,0.00737089
-14.2857,0.00506123
-14.1636,0.00598845
-14.0415,0.0028995
-13.9194,0.00439799
-13.7973,0.00219954
-13.6752,0.00222
-13.5531,0.00536457
-13.431,0.00429371
-13.3089,0.00247025
-13.1868,0.00433557
-13.0647,0.00545938
-12.9426,0.00210009
-12.8205,0.00401165
-12.6984,0.00733367
-12.5763,0.00536581
-12.4542,0.00560684
-12.3321,0.00123525
-12.21,0.00562981
-12.0879,0.00448827
-11.9658,0.00506507
-11.8437,0.00634907
-11.7216,0.00361119
-11.5995,0.00775242
-11.4774,0.00157133
-11.3553,0.00268075
-11.2332,0.00684745
-11.1111,0.00350727
-10.989,0.0053965
-10.8669,0.00504256
-10.7448,0.000328644
-10.6227,0.00448057
-10.5006,0.00419585
-10.3785,0.00298256
-10.2564,0.00376921
-10.1343,0.00584794
-10.0122,0.0106723
-9.89011,0.0049142
-9.76801,0.00261162
-9.64591,0.00599162
-9.52381,0.00403172
-9.40171,0.00741173
-9.27961,0.00396759
-9.15751,0.00487573
-9.03541,0.00581351
-8.91331,0.00304945
-8.79121,0.00537904
-8.66911,0.00652289
-8.54701,0.0087327
-8.42491,0.00434345
-8.30281,0.00544852
-8.18071,0.00125617
-8.05861,0.00439328
-7.93651,0.00367297
-7.81441,0.00279973
-7.69231,0.00335437
-7.57021,0.00269265
-7.44811,0.00304967
-7.32601,0.00137947
-7.20391,0.00447592
-7.08181,0.0101997
-6.95971,0.00239599
-6.83761,0.00554582
-6.71551,0.00272035
-6.59341,0.00386198
-6.47131,0.00263629
-6.34921,0.000893138
-6.22711,0.00513126
-6.10501,0.00342806
-5.98291,0.00325321
-5.86081,0.00350706
-5.73871,0.00327597
-5.61661,0.00386627
-5.49451,0.00598442
-5.37241,0.00410715
-5.25031,0.00182677
-5.12821,0.00178854
-5.00611,0.009362
-4.88401,0.00541478
-4.76191,0.00288262
-4.6398,0.00439052
-4.5177,0.00373841
-4.3956,0.00278838
-4.2735,0.00450396
-4.1514,0.00270558
-4.0293,0.000724678
-3.9072,0.00462497
-3.7851,0.00576612
-3.663,0.000850398
-3.5409,0.0010094
-3.4188,0.00208839
-3.2967,0.0013208
-3.1746,0.00488188
-3.0525,0.000697296
-2.9304,0.00461948
-2.8083,0.00165202
-2.6862,0.00837834
-2.5641,0.00234433
-2.442,0.00177505
-2.3199,0.00406032
-2.1978,0.0061106
-2.0757,0.00335486
-1.9536,0.00144866
-1.8315,0.00622988
-1.7094,0.00173885
-1.5873,0.00550729
-1.4652,0.00771545
-1.3431,0.000840834
-1.221,0.00629518
-1.0989,0.0084828
-0.976801,0.00572492
-0.854701,0.00574819
-0.732601,0.00750692
-0.610501,0.00381243
-0.488401,0.00145457
-0.3663,0.00252174
-0.2442,0.00276395
-0.1221,0.00495218
0,0.00385012
0.1221,0.00137817
0.2442,0.00447627
0.3663,0.00287042
0.488401,0.00861823
0.610501,0.00605495
0.732601,0.000712237
0.854701,0.00175686
0.976801,0.00879574
1.0989,0.00842603
1.221,0.00244292
1.3431,0.00209788
1.4652,0.00341273
1.5873,0.00499837
1.7094,0.0019159
1.8315,0.00218422
1.9536,0.00406741
2.0757,0.00192745
2.1978,0.00226656
2.3199,0.00196228
2.442,0.00457546
2.5641,0.00259995
2.6862,0.00378996
2.8083,0.00373761
2.9304,0.00182447
3.0525,0.00392117
3.1746,0.00129576
3.2967,0.00170247
3.4188,0.00575305
3.5409,0.00439438
3.663,0.00257622
3.7851,0.00773061
3.9072,0.00312321
4.0293,0.00264464
4.1514,0.00288432
4.2735,0.0035092
4.3956,0.00366423
4.5177,0.00268265
4.6398,0.00908155
4.76191,0.00671403
4.88401,0.00546197
5.00611,0.00409065
5.12821,0.00508749
5.25031,0.00209658
5.37241,0.00320145
5.49451,0.00256721
5.61661,0.00147976
5.73871,0.00115276
5.86081,0.00660806
5.98291,0.00795439
6.10501,0.00996898
6.22711,0.0063231
6.34921,0.00415567
6.47131,0.00267039
6.59341,0.00511442
6.71551,0.0065468
6.83761,0.00467146
6.95971,0.00428362
7.08181,0.00239844
7.20391,0.00107135
7.32601,0.0012149
7.44811,0.0029715
7.57021,0.00385761
7.69231,0.00447434
7.81441,0.00369696
7.93651,0.00825084
8.05861,0.000455586
8.18071,0.00166189
8.30281,0.00473699
8.42491,0.00480442
8.54701,0.00499811
8.66911,0.00422374
8.79121,0.00638041
8.91331,0.0023453
9.03541,0.00588671
9.15751,0.00336908
9.27961,0.00171548
9.40171,0.00265522
9.52381,0.00327236
9.64591,0.0014878
9.76801,0.00550739
9.89011,0.00272341
10.0122,0.00547566
10.1343,0.00418934
10.2564,0.00318351
10.3785,0.00382867
10.5006,0.00217915
10.6227,0.00268276
10.7448,0.00648467
10.8669,0.00320862
10.989,0.00231879
11.1111,0.00668071
11.2332,0.002484
11.3553,0.00391564
11.4774,0.00321194
11.5995,0.00322208
11.7216,0.00563836
11.8437,0.00465406
11.9658,0.0057935
12.0879,0.00638687
12.21,0.0011884
12.3321,0.00176708
12.4542,0.00380206
12.5763,0.0097463
12.6984,0.00469443
12.8205,0.00580348
12.9426,0.00258552
13.0647,0.00428462
13.1868,0.00747429
13.3089,0.00229289
13.431,0.00460946
13.5531,0.00532267
13.6752,0.00179894
13.7973,0.00361432
13.9194,0.00408126
14.0415,0.000955492
14.1636,0.00440849
14.2857,0.00145741
14.4078,0.00441697
14.5299,0.00283955
14.652,0.00422096
14.7741,0.00625927
14.8962,0.00773671
15.0183,0.00788252
15.1404,0.00272253
15.2625,0.00546835
15.3846,0.00569149
15.5067,0.00250404
15.6288,0.00280612
15.7509,0.000730567
15.873,0.00674824
15.9951,0.00554402
16.1172,0.00287772
16.2393,0.00294292
16.3614,0.00228533
16.4835,0.00349122
16.6056,0.00421104
16.7277,0.0025903
16.8498,0.00294376
16.9719,0.00664725
17.094,0.0042748
17.2161,0.00499418
17.3382,0.00286467
17.4603,0.00492796
17.5824,0.00282589
17.7045,0.00537059
17.8266,0.00613776
17.9487,0.00382289
18.0708,0.00528037
18.1929,0.00325382
18.315,0.0032588
18.4371,0.00251472
18.5592,0.00535342
18.6813,0.00165245
18.8034,0.00470242
18.9255,0.00390955
19.0476,0.00400861
19.1697,0.00265408
19.2918,0.00362337
19.4139,0.00505078
19.536,0.00132403
19.6581,0.00207629
19.7802,0.00568333
19.9023,0.00307464
20.0244,0.00436546
20.1465,0.000761364
20.2686,0.00447368
20.3907,0.00257329
20.5128,0.00317893
20.6349,0.00233238
20.757,0.0050333
20.8791,0.00299549
21.0012,0.00576817
21.1233,0.00234585
21.2454,0.00712402
21.3675,0.00207834
21.4896,0.00583005
21.6117,0.00357453
21.7338,0.00264565
21.8559,0.00621616
21.978,0.00866547
22.1001,0.00137978
22.2222,0.00391529
22.3443,0.00258282
22.4664,0.00343544
22.5885,0.00636114
22.7106,0.00325361
22.8327,0.00483495
22.9548,0.00152688
23.0769,0.00313882
23.199,0.00345523
23.3211,0.00302981
23.4432,0.00181837
23.5653,0.00148258
23.6874,0.00249915
23.8095,0.00568591
23.9316,0.00496218
24.0537,0.00497935
24.1758,0.00890531
24.2979,0.00499643
24.42,0.00382296
24.5421,0.00398361
24.6642,0.00529373
24.7863,0.00488357
24.9084,0.00395625
25.0305,0.00085617
25.1526,0.00140947
25.2747,0.010996
25.3968,0.00100155
25.5189,0.00378493
25.641,0.00116174
25.7631,0.00601207
25.8852,0.000758007
26.0073,0.00243282
26.1294,0.00527189
26.2515,0.00107082
26.3736,0.00356794
26.4957,0.00154349
26.6178,0.00315623
26.7399,0.00253525
26.862,0.00339325
26.9841,0.0107563
27.1062,0.000590729
27.2283,0.00328284
27.3504,0.00289737
27.4725,0.0052259
27.5946,0.00454493
27.7167,0.00729371
27.8388,0.00277137
27.9609,0.0042278
28.083,0.00374677
28.2051,0.00248761
28.3272,0.00636222
28.4493,0.00545294
28.5714,0.00730001
28.6935,0.0039494
28.8156,0.00804653
28.9377,0.00655959
29.0598,0.00541922
29.1819,0.00323085
29.304,0.0045468
29.4261,0.00409431
29.5482,0.00472633
29.6703,0.0045512
29.7924,0.00877578
29.9145,0.00422909
30.0366,0.00297782
30.1587,0.00321628
30.2808,0.00533919
30.4029,0.00537339
30.525,0.00392889
30.6471,0.00247303
30.7692,0.00399915
30.8913,0.00457395
31.0134,0.00351119
31.1355,0.00682158
31.2576,0.00300284
31.3797,0.00335818
31.5018,0.00745559
31.6239,0.00178814
31.746,0.00218302
31.8681,0.00689551
31.9902,0.00319903
32.1123,0.00125101
32.2344,0.00597576
32.3565,0.00351518
32.4786,0.00448447
32.6007,0.00463955
32.7228,0.00409658
32.8449,0.00363369
32.967,0.00601843
33.0891,0.00261175
33.2112,0.00598626
33.3333,0.00615397
33.4554,0.00142407
33.5775,0.00238907
33.6996,0.0059756
33.8217,0.0030879
33.9438,0.00141756
34.0659,0.00482006
34.188,0.00441833
34.3101,0.00164405
34.4322,0.00238433
34.5543,0.00236676
34.6764,0.00476961
34.7985,0.00516141
34.9206,0.00442988
35.0427,0.00440417
35.1648,0.0066086
35.2869,0.00301503
35.409,0.00519228
35.5311,0.00249447
35.6532,0.00507095
35.7753,0.00152111
35.8974,0.00355646
36.0195,0.00804183
36.1416,0.00907196
36.2637,0.00272438
36.3858,0.00809299
36.5079,0.00166584
36.63,0.00490763
36.7521,0.00453514
36.8742,0.00489049
36.9963,0.00545645
37.1184,0.00593572
37.2405,0.000799553
37.3626,0.00609723
37.4847,0.0027574
37.6068,0.00128545
37.7289,0.00442469
37.851,0.00234851
37.9731,0.00184064
38.0952,0.00207741
38.2173,0.00147508
38.3394,0.00370265
38.4615,0.00243966
38.5836,0.00316299
38.7057,0.00494479
38.8278,0.00431066
38.9499,0.00361756
39.072,0.00446723
39.1941,0.00152474
39.3162,0.00111115
39.4383,0.00481623
39.5604,0.00313411
39.6825,0.00234886
39.8046,0.0015765
39.9267,0.0073002
40.0488,0.00449983
40.1709,0.00593884
40.293,0.00517252
40.4151,0.00521327
40.5372,0.00486704
40.6593,0.0041113
40.7814,0.00584974
40.9035,0.00403629
41.0256,0.00146264
41.1477,0.00518059
41.2698,0.0075578
41.3919,0.00543123
41.514,0.00684226
41.6361,0.00478975
41.7582,0.00286095
41.8803,0.00404596
42.0024,0.00875501
42.1245,0.00241267
42.2466,0.00460346
42.3687,0.00058971
42.4908,0.00354832
42.6129,0.0027359
42.735,0.00293611
42.8571,0.00939074
42.9792,0.00524843
43.1013,0.00387136
43.2234,0.00143387
43.3455,0.00705889
43.4676,0.00115659
43.5897,0.00601197
43.7118,0.00226844
43.8339,0.000186385
43.956,0.00267075
44.0781,0.00216869
44.2002,0.00122626
44.3223,0.00353902
44.4444,0.00319895
44.5665,0.00168853
44.6886,0.0024418
44.8107,0.0021863
44.9328,0.00630331
45.0549,0.00165484
45.177,0.00591224
45.2991,0.00303557
45.4212,0.00285405
45.5433,0.00159019
45.6654,0.00354881
45.7875,0.00152338
45.9096,0.00284096
46.0317,0.00348905
46.1538,0.00864084
46.2759,0.00494927
46.398,0.00496205
46.5201,0.0041302
46.6423,0.00427064
46.7644,0.00558195
46.8864,0.00521079
47.0085,0.000161443
47.1306,0.00368632
47.2528,0.00273529
47.3749,0.00325918
47.4969,0.00488571
47.619,0.001707
47.7411,0.00607384
47.8633,0.00131324
47.9854,0.00489382
48.1075,0.00253264
48.2295,0.000545993
48.3517,0.00223732
48.4738,0.00420167
48.5959,0.00628993
48.718,0.000357277
48.84,0.00306764
48.9622,0.00141136
49.0843,0.00502645
49.2064,0.00332847
49.3285,0.00613498
49.4506,0.00433071
49.5727,0.00517021
49.6948,0.00414044
49.8169,0.0115979
49.939,0.00546243
50.0611,0.00289208
50.1832,0.00377603
50.3053,0.00112965
50.4274,0.00449077
50.5495,0.00230615
50.6716,0.00953538
50.7937,0.00335745
50.9158,0.00534757
51.0379,0.00343446
51.16,0.00308316
51.2821,0.00289505
51.4042,0.000299386
51.5263,0.00270113
51.6484,0.00367084
51.7705,0.00491179
51.8926,0.0057189
52.0147,0.0047199
52.1368,0.00259724
52.2589,0.00318757
52.381,0.00347482
52.5031,0.00317226
52.6252,0.00102443
52.7473,0.00139104
52.8694,0.00501135
52.9915,0.00055058
53.1136,0.00414254
53.2357,0.00132373
53.3578,0.00476876
53.4799,0.00457513
53.602,0.00509209
53.7241,0.004588
53.8462,0.00665634
53.9683,0.00238936
54.0904,0.00297729
54.2125,0.00297238
54.3346,0.0090657
54.4567,0.00164576
54.5788,0.0082141
54.7009,0.00624251
54.823,0.00331025
54.9451,0.00428928
55.0672,0.0124707
55.1893,0.00556661
55.3114,0.00643517
55.4335,0.00454482
55.5556,0.00479943
55.6777,0.00578022
55.7998,0.00148063
55.9219,0.00503056
56.044,0.00385986
56.1661,0.00322055
56.2882,0.00172415
56.4103,0.00184303
56.5324,0.00482914
56.6545,0.00220344
56.7766,0.0059422
56.8987,0.00626784
57.0208,0.00172958
57.1429,0.00316589
57.265,0.00469044
57.3871,0.0069913
57.5092,0.00159865
57.6313,0.00184513
57.7534,0.00370428
57.8755,0.00289519
57.9976,0.00706834
58.1197,0.00277202
58.2418,0.00190762
58.3639,0.00447285
58.486,0.00533851
58.6081,0.00445075
58.7302,0.000205095
58.8523,0.00314003
58.9744,0.00310585
59.0965,0.00364544
59.2186,0.00897491
59.3407,0.00283631
59.4628,0.00396934
59.5849,0.00217306
59.707,0.00476429
59.8291,0.00188541
59.9512,0.00626994
60.0733,0.00273902
60.1954,0.00381577
60.3175,0.000285531
60.4396,0.00641855
60.5617,0.00416597
60.6838,0.00347682
60.8059,0.00397222
60.928,0.00228401
61.0501,0.00219371
61.1722,0.00270842
61.2943,0.00547091
61.4164,0.00334605
61.5385,0.00272359
61.6606,0.00649408
61.7827,0.00225533
61.9048,0.0016382
62.0269,0.00254032
62.149,0.00115838
62.2711,0.00763737
62.3932,0.00261892
62.5153,0.00215505
62.6374,0.00530415
62.7595,0.00194809
62.8816,0.00409313
63.0037,0.00361959
63.1258,0.00487289
63.2479,0.00584569
63.37,0.00471252
63.4921,0.00491378
63.6142,0.0079234
63.7363,0.00246868
63.8584,0.00108392
63.9805,0.00495617
64.1026,0.00431679
64.2247,0.0023143
64.3468,0.00332265
64.4689,0.00116162
64.591,0.00462029
64.7131,0.000756785
64.8352,0.00316522
64.9573,0.0066955
65.0794,0.00241063
65.2015,0.00148188
65.3236,0.00118144
65.4457,0.00296505
65.5678,0.00149983
65.6899,0.00545995
65.812,0.000122902
65.9341,0.00340667
66.0562,0.00420633
66.1783,0.00564032
66.3004,0.00166441
66.4225,0.000711965
66.5446,0.0058689
66.6667,0.000649286
66.7888,0.00406888
66.9109,0.00322927
67.033,0.00267746
67.1551,0.00150662
67.2772,0.00356414
67.3993,0.00439634
67.5214,0.00929799
67.6435,0.00308725
67.7656,0.00877322
67.8877,0.00391792
68.0098,0.00383922
68.1319,0.00653451
68.254,0.00333943
68.3761,0.00305906
68.4982,0.00400531
68.6203,0.00121317
68.7424,0.00165213
68.8645,0.00181987
68.9866,0.00396864
69.1087,0.00445591
69.2308,0.00399805
69.3529,0.00423426
69.475,0.00198927
69.5971,0.00196881
69.7192,0.0070888
69.8413,0.00718177
69.9634,0.0013313
70.0855,0.00235354
70.2076,0.00430429
70.3297,0.00336977
70.4518,0.00417991
70.5739,0.00859227
70.696,0.00228284
70.8181,0.00103008
70.9402,0.000857764
71.0623,0.000739681
71.1844,0.00363676
71.3065,0.00146041
71.4286,0.00374454
71.5507,0.00172417
71.6728,0.00371407
71.7949,0.00279431
71.917,0.00204432
72.0391,0.00174859
72.1612,0.00228307
72.2833,0.00427285
72.4054,0.00242113
72.5275,0.00255549
72.6496,0.00170842
72.7717,0.00719754
72.8938,0.00130164
73.0159,0.0042442
73.138,0.00252816
73.2601,0.00337494
73.3822,0.00211573
73.5043,0.00421495
73.6264,0.00254594
73.7485,0.00544034
73.8706,0.00129129
73.9927,0.00208725
74.1148,0.00157146
74.2369,0.00348446
74.359,0.00202409
74.4811,0.00333321
74.6032,0.00127972
74.7253,0.00268316
74.8474,0.00583237
74.9695,0.00333389
75.0916,0.00177846
75.2137,0.00500755
75.3358,0.00522546
75.4579,0.00342023
75.58,0.0107381
75.7021,0.00569782
75.8242,0.00303442
75.9463,0.00428119
76.0684,0.00187093
76.1905,0.00430385
76.3126,0.00232177
76.4347,0.00346562
76.5568,0.00106402
76.6789,0.00541691
76.801,0.00357628
76.9231,0.00388701
77.0452,0.00658135
77.1673,0.00353823
77.2894,0.0022265
77.4115,0.00321229
77.5336,0.00360381
77.6557,0.00277593
77.7778,0.00481969
77.8999,0.0032289
78.022,0.00415581
78.1441,0.000828115
78.2662,0.00495484
78.3883,0.00197774
78.5104,0.00178948
78.6325,0.00533597
78.7546,0.00130656
78.8767,0.00100386
78.9988,0.00460587
79.1209,0.00410142
79.243,0.004448
79.3651,0.00203912
79.4872,0.00387599
79.6093,0.00750348
79.7314,0.00593616
79.8535,0.000707056
79.9756,0.00451627
80.0977,0.00299784
80.2198,0.00430846
80.3419,0.00121393
80.464,0.00229034
80.5861,0.00204407
80.7082,0.00302374
80.8303,0.00138152
80.9524,0.00285565
81.0745,0.00113517
81.1966,0.0014718
81.3187,0.00199956
81.4408,0.00518329
81.5629,0.00811437
81.685,0.00549517
81.8071,0.00408867
81.9292,0.00070301
82.0513,0.00331812
82.1734,0.00380606
82.2955,0.00139217
82.4176,0.00145427
82.5397,0.000726494
82.6618,0.0021402
82.7839,0.00621999
82.906,0.0058123
83.0281,0.00590123
83.1502,0.00527767
83.2723,0.00333233
83.3944,0.00403403
83.5165,0.00657596
83.6386,0.00282534
83.7607,0.00470268
83.8828,0.00524752
84.0049,0.00523501
84.127,0.00531506
84.2491,0.00257649
84.3712,0.000686685
84.4933,0.00181247
84.6154,0.00287515
84.7375,0.00281656
84.8596,0.00621148
84.9817,0.000891398
85.1038,0.00354796
85.2259,0.00321173
85.348,0.00383227
85.4701,0.00184335
85.5922,0.00187296
85.7143,0.00183798
85.8364,0.00367373
85.9585,0.00480964
86.0806,0.00352964
86.2027,0.000680239
86.3248,0.00444138
86.4469,0.00395802
86.569,0.00585663
86.6911,0.00402485
86.8132,0.00259402
86.9353,0.00471694
87.0574,0.00252425
87.1795,0.00225227
87.3016,0.000886024
87.4237,0.00318645
87.5458,0.00567217
87.6679,0.000480179
87.79,0.00113715
87.9121,0.00497983
88.0342,0.00333062
88.1563,9.11406e-005
88.2784,0.0094946
88.4005,0.0015112
88.5226,0.0031647
88.6447,0.00134201
88.7668,0.00131426
88.8889,0.00415053
89.011,0.00354556
89.1331,0.00155895
89.2552,0.00610859
89.3773,0.0030921
89.4994,0.00304561
89.6215,0.00757551
89.7436,0.00982711
89.8657,0.00709244
89.9878,0.034732
90.1099,0.0157644
90.232,0.00860048
90.3541,0.0055779
90.4762,0.00579131
90.5983,0.00640297
90.7204,0.0022694
90.8425,0.00525588
90.9646,0.00618196
91.0867,0.00214912
91.2088,0.00423742
91.3309,0.00211123
91.453,0.00186994
91.5751,0.00330418
91.6972,0.00239281
91.8193,0.00210039
91.9414,0.00153265
92.0635,0.00361114
92.1856,0.00856469
92.3077,0.00402732
92.4298,0.00165923
92.5519,0.00100079
92.674,0.000576913
92.7961,0.00304393
92.9182,0.00367274
93.0403,0.00242355
93.1624,0.00168851
93.2845,0.000705958
93.4066,0.00344588
93.5287,0.00345894
93.6508,0.00263242
93.7729,0.00150094
93.895,0.00331894
94.0171,0.00339828
94.1392,0.00222422
94.2613,0.00510555
94.3834,0.00164047
94.5055,0.00191642
94.6276,0.0027818
94.7497,0.00163606
94.8718,0.0027337
94.9939,0.00565641
95.116,0.0019249
95.2381,0.00199927
95.3602,0.00397662
95.4823,0.00136995
95.6044,0.000125614
95.7265,0.00295459
95.8486,0.00599661
95.9707,0.00345596
96.0928,0.000872181
96.2149,0.00316173
96.337,0.00456671
96.4591,0.00186027
96.5812,0.00199
96.7033,0.000773873
96.8254,0.003955
96.9475,0.00408526
97.0696,0.00423816
97.1917,0.00211037
97.3138,0.0052599
97.4359,0.00221124
97.558,0.00307481
97.6801,0.00275987
97.8022,0.00140791
97.9243,0.00473622
98.0464,0.00237184
98.1685,0.0021725
98.2906,0.00309613
98.4127,0.000565259
98.5348,0.00339865
98.6569,0.00536502
98.779,0.000768828
98.9011,0.000249135
99.0232,0.00145241
99.1453,0.00346012
99.2674,0.00157851
99.3895,0.002636
99.5116,0.00322982
99.6337,0.0017625
99.7558,0.00241168
99.8779,0.00283597
100,0.00656212
100.122,0.00410382
100.244,0.00607846
100.366,0.00327603
100.488,0.00222342
100.611,0.00440294
100.733,0.00416077
100.855,0.00448572
100.977,0.00416891
101.099,0.00410807
101.221,0.000610135
101.343,0.00410747
101.465,0.00165784
101.587,0.00374934
101.709,0.00390655
101.832,0.00256226
101.954,0.00202357
102.076,0.00171868
102.198,0.00269854
102.32,0.00624602
102.442,0.00140276
102.564,0.0027796
102.686,0.00313057
102.808,0.00127581
102.93,0.00409708
103.053,0.00311574
103.175,0.000607702
103.297,0.0025805
103.419,0.00153335
103.541,0.00249521
103.663,0.00371473
103.785,0.00399256
103.907,0.000583655
104.029,0.00297962
104.151,0.000702088
104.274,0.00181058
104.396,0.00177796
104.518,0.00312604
104.64,0.0033572
104.762,0.00235054
104.884,0.00162084
105.006,0.00329884
105.128,0.00241017
105.25,0.00166647
105.372,0.00368653
105.495,0.00417096
105.617,0.00424823
105.739,0.000651594
105.861,0.00185324
105.983,0.00304697
106.105,0.00251654
106.227,0.00151439
106.349,0.000797024
106.471,0.00177587
106.593,0.00419525
106.716,0.00158507
106.838,0.00252107
106.96,0.00485812
107.082,0.00286086
107.204,0.00483555
107.326,0.00178445
107.448,0.00264633
107.57,0.00339143
107.692,0.00425001
107.814,0.00181778
107.937,0.00224518
108.059,0.00387842
108.181,0.00251219
108.303,0.000417071
108.425,0.00450084
108.547,0.00368874
108.669,0.00101578
108.791,0.00682894
108.913,0.00296307
109.035,0.00105718
109.158,0.00342754
109.28,0.00447409
109.402,0.0044205
109.524,0.0037511
109.646,0.000846746
109.768,0.00324369
109.89,0.00288073
110.012,0.00319892
110.134,0.00369662
110.256,0.00502485
110.379,0.00350629
110.501,0.00147317
110.623,0.00109027
110.745,0.00139348
110.867,0.00350352
110.989,0.00277052
111.111,0.00714021
111.233,0.003481
111.355,0.000666263
111.477,0.00337662
111.6,9.39776e-005
111.722,0.00577551
111.844,0.00336801
111.966,0.00429565
112.088,0.00192946
112.21,0.00391173
112.332,0.00129125
112.454,0.0022297
112.576,0.0018946
112.698,0.00246651
112.821,0.00252621
112.943,0.0015438
113.065,0.00275975
113.187,0.00503124
113.309,0.00170363
113.431,0.00268533
113.553,0.00265897
113.675,0.00112182
113.797,0.00192517
113.919,0.0015201
114.042,0.00361537
114.164,0.0035082
114.286,0.00504051
114.408,0.000518414
114.53,0.00378291
114.652,0.000802202
114.774,0.00528436
114.896,0.00202779
115.018,0.00389545
115.14,0.00443963
115.263,0.0023527
115.385,0.00232075
115.507,0.00339102
115.629,0.00113012
115.751,0.00336643
115.873,0.00205024
115.995,0.00527259
116.117,0.00347889
116.239,0.000222334
116.361,0.000748764
116.484,0.00389614
116.606,0.000799835
116.728,0.00325228
116.85,0.00298197
116.972,0.00446761
117.094,0.00428591
117.216,0.00208089
117.338,0.00205515
117.46,0.00308839
117.582,0.00527547
117.705,0.00436978
117.827,0.00175322
117.949,0.00342204
118.071,0.00317941
118.193,0.00241982
118.315,0.0020929
118.437,0.00137576
118.559,0.00101069
118.681,0.00431535
118.803,0.000520183
118.926,0.00412137
119.048,0.00243376
119.17,0.00236525
119.292,0.000850853
119.414,0.00200771
119.536,0.000572306
119.658,0.00719146
119.78,0.00570806
119.902,0.00331223
120.024,0.00196231
120.147,0.00312835
120.269,0.00158865
120.391,0.00202398
120.513,0.00210118
120.635,0.0041202
120.757,0.00253136
120.879,0.0042817
121.001,0.0046087
121.123,0.00406351
121.245,0.000262717
121.368,0.00302817
121.49,0.00145626
121.612,0.00103806
121.734,0.00188312
121.856,0.00413452
121.978,0.00374972
122.1,0.00259067
122.222,0.0028057
122.344,0.00558451
122.466,0.00197948
122.589,0.0022749
122.711,0.00226731
122.833,0.00184346
122.955,0.00351957
123.077,0.000843682
123.199,0.00143032
123.321,0.00364947
123.443,0.00399221
123.565,0.00141801
123.687,0.000991984
123.81,0.00341885
123.932,0.000633458
124.054,0.00147407
124.176,0.00202467
124.298,0.00129279
124.42,0.00278417
124.542,0.00566179
124.664,0.00481868
124.786,0.00107849
124.908,0.0016737
125.031,0.00268741
125.153,0.00227892
125.275,0.00244693
125.397,0.000351601
125.519,0.00130763
125.641,0.00147003
125.763,0.00262104
125.885,0.000823019
126.007,0.00191064
126.129,0.00507017
126.252,0.00124067
126.374,0.00188539
126.496,0.00257804
126.618,0.00108382
126.74,0.000700288
126.862,0.00171643
126.984,0.0039273
127.106,0.00218697
127.228,0.00459406
127.35,0.00665285
127.473,0.00126724
127.595,0.000876384
127.717,0.00226256
127.839,0.00394173
127.961,0.00381962
128.083,0.00213174
128.205,0.000627259
128.327,0.0021094
128.449,0.00362995
128.571,0.00243255
128.694,0.00502188
128.816,0.00203873
128.938,0.0028331
129.06,0.00104642
129.182,0.00176072
129.304,0.00231549
129.426,0.00256005
129.548,0.000697096
129.67,0.00223933
129.792,0.00287254
129.915,0.00395706
130.037,0.0028425
130.159,0.00310054
130.281,0.00179262
130.403,0.00385157
130.525,0.00546688
130.647,0.00356928
130.769,0.00237911
130.891,0.00356813
131.013,0.00383197
131.136,0.00213557
131.258,0.000326907
131.38,0.000965571
131.502,0.00309541
131.624,0.00161766
131.746,0.00455393
131.868,0.00447201
131.99,0.000254072
132.112,0.00319601
132.234,0.00177776
132.357,0.000790813
132.479,0.00145089
132.601,0.00185542
132.723,0.00218646
132.845,0.00497749
132.967,0.00163319
133.089,0.00192832
133.211,0.00133944
133.333,0.00147034
133.455,0.00164456
133.578,0.00122666
133.7,0.00153599
133.822,0.00259617
133.944,0.00165835
134.066,0.00467654
134.188,0.00180316
134.31,0.00187199
134.432,0.00284729
134.554,0.000735549
134.676,0.00432246
134.799,0.002822
134.921,0.00184721
135.043,0.00154208
135.165,0.00302257
135.287,0.0031961
135.409,0.000940605
135.531,0.00432332
135.653,0.00266674
135.775,0.00165103
135.897,0.00238206
136.02,0.000932213
136.142,0.00550211
136.264,0.00213317
136.386,0.00232488
136.508,0.00337417
136.63,0.00218755
136.752,0.00395107
136.874,0.0013916
136.996,0.00840581
137.118,0.00249933
137.241,0.00707043
137.363,0.00132644
137.485,0.00397167
137.607,0.00119138
137.729,0.00543101
137.851,0.0023687
137.973,0.00240893
138.095,0.000772155
138.217,0.00247302
138.339,0.00220256
138.462,0.00142659
138.584,0.00106748
138.706,0.00202473
138.828,0.00045491
138.95,0.0037569
139.072,0.00293435
139.194,0.00209474
139.316,0.00335305
139.438,0.000672436
139.56,0.0037382
139.683,0.00384432
139.805,0.00557062
139.927,0.00334999
140.049,0.00246678
140.171,0.00185491
140.293,0.00262345
140.415,0.000483912
140.537,0.00264042
140.659,0.00230174
140.781,0.00141359
140.904,0.000937862
141.026,0.0034529
141.148,0.00217713
141.27,0.00167877
141.392,0.00351118
141.514,0.000629839
141.636,0.0046997
141.758,0.00261687
141.88,0.00546369
142.002,0.00539452
142.125,0.0046189
142.247,0.00349051
142.369,0.00249357
142.491,0.00391728
142.613,0.00201574
142.735,0.00145848
142.857,0.00577271
142.979,0.00240876
143.101,0.00132371
143.223,0.00254718
143.346,0.00159935
143.468,0.00204599
143.59,0.00101384
143.712,0.00138205
143.834,0.00239541
143.956,0.00203753
144.078,0.00162345
144.2,0.00314077
144.322,0.00200163
144.444,0.000784639
144.567,0.00285568
144.689,0.00219187
144.811,0.00186922
144.933,0.00301965
145.055,0.0033889
145.177,0.00270165
145.299,0.00163472
145.421,0.00231144
145.543,0.00163016
145.665,0.000264404
145.788,0.0042086
145.91,0.00293231
146.032,0.00201519
146.154,0.00125302
146.276,0.00261324
146.398,0.00287729
146.52,0.00282002
146.642,0.00145515
146.764,0.00169752
146.886,0.0022464
147.009,0.00172827
147.131,0.00228905
147.253,0.0022792
147.375,0.00231359
147.497,0.00110573
147.619,0.00149401
147.741,0.00363559
147.863,0.000478553
147.985,0.00498434
148.107,0.00341745
148.23,0.00188445
148.352,0.00205752
148.474,0.000312046
148.596,0.00189391
148.718,0.00586416
148.84,0.00143431
148.962,0.0027623
149.084,0.00417599
149.206,0.00196868
149.328,0.000499407
149.451,0.000938228
149.573,0.00054197
149.695,0.000583541
149.817,0.00439621
149.939,0.00388419
150.061,0.000574927
150.183,0.00272695
150.305,0.00161118
150.427,0.000500925
150.549,0.000588626
150.672,0.00154308
150.794,0.00112904
150.916,0.00208212
151.038,0.0018538
151.16,0.00138612
151.282,0.00198222
151.404,0.00193004
151.526,0.000780629
151.648,0.00079014
151.77,0.00304916
151.893,0.00384041
152.015,0.003372
152.137,0.00325339
152.259,0.00186574
152.381,0.00290578
152.503,0.00359455
152.625,0.00119434
152.747,0.00261306
152.869,0.00191924
152.991,0.00191014
153.114,0.00326268
153.236,0.00180441
153.358,0.00119274
153.48,0.00397407
153.602,0.00297405
153.724,0.00180854
153.846,0.00478476
153.968,0.00143456
154.09,0.00188711
154.212,0.000724659
154.335,0.00176568
154.457,0.00191082
154.579,0.00421549
154.701,0.0023769
154.823,0.00262515
154.945,0.00242852
155.067,0.000671436
155.189,0.00340189
155.311,0.00168404
155.433,0.00255506
155.556,0.0015203
155.678,0.00450002
155.8,0.00290935
155.922,0.00285254
156.044,0.00252005
156.166,0.00277839
156.288,0.00246195
156.41,0.0010989
156.532,0.00159305
156.654,0.00186331
156.777,0.00242601
156.899,0.00145043
157.021,0.00175405
157.143,0.00353779
157.265,0.00115538
157.387,0.0027699
157.509,0.00301657
157.631,0.000829738
157.753,0.00212735
157.875,0.00123535
157.998,0.000822182
158.12,0.000747105
158.242,0.00222805
158.364,0.0037264
158.486,0.00151376
158.608,0.00349166
158.73,0.00271605
158.852,0.00221326
158.974,0.00456904
159.096,0.00474105
159.219,0.0043548
159.341,0.000568267
159.463,0.00232635
159.585,0.00257287
159.707,0.0030413
159.829,0.00249054
159.951,0.00149032
160.073,0.000182003
160.195,0.000970046
160.317,0.00297994
160.44,0.00178124
160.562,0.00249505
160.684,0.00284724
160.806,0.00181023
160.928,0.00159378
161.05,0.00151852
161.172,0.00194283
161.294,0.000832839
161.416,0.000323703
161.538,0.000675974
161.661,0.00212911
161.783,0.00178527
161.905,0.00246033
162.027,0.00266047
162.149,0.00351902
162.271,0.00208772
162.393,0.00200612
162.515,0.000492018
162.637,0.00182593
162.759,0.00105111
162.882,0.000979988
163.004,0.00214948
163.126,0.00184944
163.248,0.00173739
163.37,0.00302183
163.492,0.00378493
163.614,0.00216298
163.736,0.00269006
163.858,0.00267236
163.98,0.000666217
164.103,0.00237054
164.225,0.000987662
164.347,0.00169093
164.469,0.00105722
164.591,0.000866023
164.713,0.002025
164.835,0.0025683
164.957,0.00213453
165.079,0.00379302
165.201,0.00222689
165.324,0.00291534
165.446,0.000918026
165.568,0.00137858
165.69,0.00258376
165.812,0.00023898
165.934,0.000447016
166.056,0.000748143
166.178,0.0017953
166.3,0.00210586
166.422,0.00336483
166.545,0.00245159
166.667,0.00321455
166.789,0.00089013
166.911,0.00358726
167.033,0.00443866
167.155,0.00285998
167.277,0.000745602
167.399,0.00117036
167.521,0.00267475
167.643,0.00171128
167.766,0.000294674
167.888,0.000865798
168.01,0.00262847
168.132,0.000687379
168.254,0.00226336
168.376,0.00252504
168.498,0.000752478
168.62,0.00169314
168.742,0.00163124
168.864,0.000613264
168.987,0.0013656
169.109,0.00273676
169.231,0.00163327
169.353,0.000349286
169.475,0.000764178
169.597,0.00233742
169.719,0.00187545
169.841,0.00226072
169.963,0.00219446
170.085,0.00212944
170.208,0.00175728
170.33,0.00211666
170.452,0.000780648
170.574,0.00137476
170.696,0.00295506
170.818,0.00325463
170.94,0.00155095
171.062,0.00169163
171.184,0.00376426
171.306,0.00113219
171.429,0.0011334
171.551,0.00130244
171.673,0.00230367
171.795,0.000709407
171.917,0.000428203
172.039,0.00240887
172.161,0.00161125
172.283,0.00141231
172.405,0.00261308
172.527,0.00177011
172.65,0.000489297
172.772,0.00261382
172.894,0.00182117
173.016,0.000794858
173.138,0.00259031
173.26,0.0015719
173.382,0.00233095
173.504,0.00359934
173.626,0.000346268
173.748,0.00263855
173.871,0.000663156
173.993,0.00169573
174.115,0.00203181
174.237,0.00186303
174.359,0.000920709
174.481,0.00238286
174.603,0.00178325
174.725,0.00245385
174.847,0.0014286
174.969,0.00312042
175.092,0.00142054
175.214,0.00201701
175.336,0.00395886
175.458,0.00109455
175.58,0.00455084
175.702,0.00187417
175.824,0.00213097
175.946,0.0016985
176.068,0.00154899
176.19,0.00237905
176.313,0.000651659
176.435,0.00141964
176.557,0.00118603
176.679,0.0027164
176.801,0.00202494
176.923,0.000940158
177.045,0.00271728
177.167,0.000590387
177.289,0.00181166
177.411,0.00153028
177.534,0.000507934
177.656,0.00181201
177.778,0.00317934
177.9,0.000858075
178.022,0.00161146
178.144,0.00150172
178.266,0.00301833
178.388,0.00147183
178.51,0.00243677
178.632,0.00150043
178.755,0.0045253
178.877,0.00313423
178.999,0.000832691
179.121,0.000136813
179.243,0.00184036
179.365,0.00359024
179.487,0.00112813
179.609,0.00204776
179.731,0.00182444
179.853,0.00195173
179.976,0.000721503
180.098,0.0017375
180.22,0.000928493
180.342,0.00414299
180.464,0.00159323
180.586,0.000461893
180.708,0.00125763
180.83,0.00174937
180.952,0.00269257
181.074,0.00011278
181.197,0.00160902
181.319,0.000267067
181.441,0.00308975
181.563,0.0024546
181.685,0.00329685
181.807,0.000659609
181.929,0.00113123
182.051,0.00203284
182.173,0.00211061
182.295,0.00200927
182.418,0.00239615
182.54,0.00131953
182.662,0.00324411
182.784,0.00175622
182.906,0.00118403
183.028,0.00104811
183.15,0.00174386
183.272,0.00132194
183.394,0.00163625
183.516,0.00239673
183.639,0.0016689
183.761,0.00158035
183.883,0.00220468
184.005,0.00264479
184.127,0.00120878
184.249,0.00175938
184.371,0.00115256
184.493,0.00136151
184.615,0.00222906
184.737,0.00234753
184.86,0.00213196
184.982,0.000999072
185.104,0.00133918
185.226,0.0011596
185.348,0.00343098
185.47,0.000812751
185.592,0.00190679
185.714,0.00256401
185.836,0.00122177
185.958,0.00204997
186.081,0.00093689
186.203,0.00129436
186.325,0.00289568
186.447,0.00168203
186.569,0.00185575
186.691,0.000147201
186.813,0.000364513
186.935,0.00152178
187.057,0.000996964
187.18,0.00145707
187.302,0.00142765
187.424,0.000305699
187.546,0.000826982
187.668,0.00138996
187.79,0.000153313
187.912,0.00124322
188.034,0.00161568
188.156,0.00128924
188.278,0.00227121
188.4,0.00262989
188.523,0.00154362
188.645,0.00127266
188.767,0.00108576
188.889,0.000832834
189.011,0.00227225
189.133,0.00342927
189.255,0.00171885
189.377,0.00223487
189.499,0.00153564
189.622,0.00104058
189.744,0.0013973
189.866,0.00116473
189.988,0.00338422
190.11,0.000990664
190.232,0.00220041
190.354,0.00131515
190.476,0.00139181
190.598,0.000852763
190.72,0.00221046
190.842,0.00261124
190.965,0.000149054
191.087,0.00103306
191.209,0.000809717
191.331,0.00107156
191.453,0.00169153
191.575,0.000765341
191.697,0.0013517
191.819,0.00131301
191.941,0.00320511
192.064,0.000811258
192.186,0.00149652
192.308,0.00176987
192.43,0.0010366
192.552,0.000390186
192.674,0.000287128
192.796,0.00111495
192.918,0.000672165
193.04,0.00095894
193.162,0.00261516
193.285,0.00126939
193.407,0.00113929
193.529,0.000544459
193.651,0.00235585
193.773,0.00154303
193.895,0.00140011
194.017,0.00142751
194.139,0.00293092
194.261,0.00295375
194.383,0.00157187
194.506,0.00249464
194.628,0.000763865
194.75,0.00164414
194.872,0.000732074
194.994,0.0013602
195.116,0.00233093
195.238,0.000281973
195.36,0.000919196
195.482,0.00322895
195.604,0.000912834
195.727,0.00159468
195.849,0.00251018
195.971,0.000851267
196.093,0.00267472
196.215,0.00101282
196.337,0.00191154
196.459,0.00157543
196.581,0.00184126
196.703,0.000849174
196.825,0.00110399
196.948,0.00205983
197.07,0.00123475
197.192,0.00159347
197.314,0.0019763
197.436,0.00154826
197.558,0.00105716
197.68,0.0019457
197.802,0.00360144
197.924,0.00111269
198.046,0.00150316
198.169,0.00189807
198.291,0.00300394
198.413,0.000716385
198.535,0.00176568
198.657,0.000440271
198.779,0.000809098
198.901,0.00150792
199.023,0.0008771
199.145,0.000252396
199.267,0.0010552
199.39,0.00234175
199.512,0.000996093
199.634,0.000927346
199.756,0.00134705
199.878,0.00107218
200,0.00209234
200.122,0.000887676
200.244,0.000834599
200.366,0.00153148
200.488,0.000456465
200.611,0.00167092
200.733,0.00222284
200.855,0.000712409
200.977,0.000833797
201.099,0.00160893
201.221,0.00106835
201.343,0.000136855
201.465,0.00198732
201.587,0.00218755
201.709,0.00133355
201.832,0.00233186
201.954,0.00105005
202.076,0.00127677
202.198,0.00272276
202.32,0.00129125
202.442,0.00165471
202.564,0.000435704
202.686,0.000959199
202.808,0.00123282
202.93,0.00208387
203.053,0.00153844
203.175,0.00147091
203.297,0.000860349
203.419,0.00046495
203.541,0.00222159
203.663,0.000753014
203.785,0.000458678
203.907,0.00202624
204.029,0.000691599
204.151,0.0015596
204.274,0.0015671
204.396,0.00160046
204.518,0.00168796
204.64,0.000510619
204.762,0.00108018
204.884,0.000284854
205.006,0.000471559
205.128,0.000864926
205.25,0.00093384
205.372,0.00121731
205.495,0.00240659
205.617,0.00129898
205.739,0.00181734
205.861,0.00128581
205.983,0.00274531
206.105,0.00174363
206.227,0.00160224
206.349,0.00134577
206.471,0.000140882
206.593,0.000683586
206.716,0.00145922
206.838,0.00102437
206.96,0.000539513
207.082,0.000830615
207.204,0.0015166
207.326,0.00207467
207.448,0.000796634
207.57,0.00236985
207.692,0.00061162
207.814,0.00101562
207.937,0.00201335
208.059,0.00202523
208.181,0.000677442
208.303,0.00175493
208.425,0.000979202
208.547,0.000573637
208.669,0.00060809
208.791,0.00151483
208.913,0.00129134
209.035,0.000702087
209.158,0.000639526
209.28,0.00250425
209.402,0.00139091
209.524,0.0022279
209.646,0.000481553
209.768,0.000399846
209.89,0.00157104
210.012,0.00211283
210.134,0.00259819
210.256,0.00161406
210.379,0.00201135
210.501,0.00107633
210.623,0.00159476
210.745,0.00118912
210.867,0.00133524
210.989,0.000506014
211.111,0.00165846
211.233,0.00238399
211.355,0.0013881
211.477,0.000387187
211.6,0.00212787
211.722,0.00196015
211.844,0.00112331
211.966,0.00189156
212.088,0.000845119
212.21,0.000344719
212.332,0.00116432
212.454,0.000643756
212.576,0.00059692
212.698,0.00144475
212.821,0.000754801
212.943,0.00288909
213.065,0.00062953
213.187,0.000920966
213.309,0.00254798
213.431,0.00170816
213.553,0.00220281
213.675,0.00165045
213.797,0.00290331
213.919,0.00141477
214.042,0.00161841
214.164,0.00117396
214.286,0.00178304
214.408,0.00120746
214.53,0.00145234
214.652,0.00120705
214.774,0.00114912
214.896,0.00190428
215.018,0.00101972
215.14,0.000956455
215.263,0.0025158
215.385,0.000461274
215.507,0.00226118
215.629,0.00157995
215.751,0.000616756
215.873,0.000569862
215.995,0.00106048
216.117,0.00180307
216.239,0.000864157
216.361,0.000456651
216.484,0.00110775
216.606,0.000463249
216.728,0.00135413
216.85,0.00105924
216.972,0.0011292
217.094,0.00152736
217.216,0.00129617
217.338,9.33003e-005
217.46,0.000992149
217.582,0.00185714
217.705,0.000868437
217.827,0.00140545
217.949,0.00122936
218.071,0.000544258
218.193,0.00320701
218.315,0.00119294
218.437,0.00222384
218.559,0.000952681
218.681,0.00133784
218.803,0.0017164
218.926,0.00126
219.048,0.00140442
219.17,0.00160863
219.292,0.000857369
219.414,0.000459886
219.536,0.00123073
219.658,0.000890166
219.78,0.000896843
219.902,0.0011778
220.024,0.000462559
220.147,0.000423771
220.269,0.00149098
220.391,0.000448195
220.513,0.0018239
220.635,0.000647249
220.757,0.00109302
220.879,0.00150132
221.001,0.00153357
221.123,0.000626418
221.245,0.000862414
221.368,0.000696169
221.49,0.00151142
221.612,0.00138155
221.734,0.000770611
221.856,0.00116979
221.978,0.000707564
222.1,0.000682161
222.222,0.000948717
222.344,0.00135612
222.466,0.000252599
222.589,0.000232967
222.711,0.00130509
222.833,0.000640174
222.955,0.00118174
223.077,0.0021778
223.199,0.000765122
223.321,0.00153958
223.443,0.000869987
223.565,0.00132722
223.687,0.00125801
223.81,0.000701177
223.932,0.00128646
224.054,0.000965312
224.176,0.00312669
224.298,0.000391139
224.42,0.00168634
224.542,0.00194825
224.664,0.00105517
224.786,0.000843755
224.908,0.00160015
225.031,0.000475445
225.153,0.00150585
225.275,0.000713166
225.397,0.00097982
225.519,0.00125899
225.641,0.000998632
225.763,0.000387367
225.885,0.000857712
226.007,0.000802554
226.129,0.00160431
226.252,0.000728709
226.374,0.00114926
226.496,0.00066584
226.618,0.00185109
226.74,0.00191278
226.862,0.00144674
226.984,0.00232982
227.106,4.15162e-005
227.228,0.000954302
227.35,0.000600573
227.473,0.00149522
227.595,0.00064175
227.717,0.000938696
227.839,0.000478638
227.961,0.00117375
228.083,0.00102184
228.205,0.000974102
228.327,0.00144182
228.449,0.00190925
228.571,0.00173949
228.694,0.00142138
228.816,0.000178742
228.938,0.000436272
229.06,0.00140147
229.182,0.000881062
229.304,0.00126251
229.426,0.00150942
229.548,0.000530103
229.67,0.000286028
229.792,0.000675509
229.915,0.000930563
230.037,0.000998498
230.159,0.000739951
230.281,0.00121411
230.403,0.000790378
230.525,0.000900336
230.647,0.000202695
230.769,4.20808e-005
230.891,0.00143493
231.013,0.00150354
231.136,0.000180843
231.258,0.00133303
231.38,0.000527092
231.502,0.00103782
231.624,0.00156106
231.746,0.000421278
231.868,0.00163526
231.99,0.000960257
232.112,0.00121269
232.234,0.00048307
232.357,0.000797632
232.479,0.000930398
232.601,0.0001661
232.723,0.000861817
232.845,0.00103723
232.967,0.000575441
233.089,0.00120103
233.211,0.00124333
233.333,0.00075248
233.455,0.00104472
233.578,0.00171843
233.7,0.000603062
233.822,0.00174513
233.944,0.00125383
234.066,0.00113843
234.188,0.000470714
234.31,0.00117327
234.432,0.000943004
234.554,0.000560946
234.676,0.000383814
234.799,0.00175136
234.921,0.00103299
235.043,0.00083962
235.165,0.00141465
235.287,0.00030554
235.409,0.000563802
235.531,0.000849908
235.653,0.000736891
235.775,0.000118351
235.897,0.000503888
236.02,0.00161769
236.142,0.000802791
236.264,0.000564752
236.386,0.000699575
236.508,0.000353647
236.63,0.00092336
236.752,0.00160059
236.874,0.00129501
236.996,0.000889487
237.118,0.000652461
237.241,0.00239473
237.363,0.00111234
237.485,0.000593854
237.607,0.000870567
237.729,0.000554869
237.851,0.00222406
237.973,0.000316414
238.095,0.00105984
238.217,0.000151152
238.339,0.000775374
238.462,0.000546775
238.584,0.000868931
238.706,0.000896395
238.828,0.00114626
238.95,0.000336292
239.072,0.00200771
239.194,0.000349729
239.316,0.00125829
239.438,0.000498
239.56,0.000335321
239.683,0.00187337
239.805,0.000435987
239.927,0.000631486
240.049,0.000188982
240.171,0.000773838
240.293,0.000551782
240.415,0.0014222
240.537,0.000712586
240.659,0.001334
240.781,0.001108
240.904,0.000293517
241.026,0.000615503
241.148,0.00145451
241.27,0.000988708
241.392,0.000388043
241.514,0.00116283
241.636,0.000521009
241.758,0.00190838
241.88,0.000154977
242.002,0.000795888
242.125,0.000496756
242.247,0.00134269
242.369,0.000815376
242.491,0.000993238
242.613,0.00105578
242.735,0.000339308
242.857,0.00105767
242.979,0.000722815
243.101,0.000545927
243.223,0.000777326
243.346,0.000399062
243.468,0.000904402
243.59,0.000499322
243.712,0.000806424
243.834,0.00103233
243.956,0.000517379
244.078,0.00130027
244.2,0.000512927
244.322,0.00149075
244.444,0.000968578
244.567,0.00136865
244.689,0.000432995
244.811,0.000670344
244.933,0.000768085
245.055,0.000502379
245.177,0.000170002
245.299,0.0012129
245.421,0.00195474
245.543,0.00010135
245.665,0.00141828
245.788,0.000984113
245.91,0.000444625
246.032,0.00116189
246.154,0.00123882
246.276,0.000858321
246.398,0.000306764
246.52,0.00147918
246.642,0.000200896
246.764,0.0011765
246.886,0.000399363
247.009,0.0011506
247.131,0.000686324
247.253,0.000426632
247.375,0.000640894
247.497,0.000764142
247.619,0.000417752
247.741,0.00179174
247.863,0.00132891
247.985,0.000243481
248.107,0.000364818
248.23,0.000835549
248.352,0.000990825
248.474,0.00260161
248.596,0.000952942
248.718,0.000629269
248.84,0.00039564
248.962,0.000459812
249.084,0.00037757
249.206,0.000912862
249.328,0.000690419
249.451,0.000731105
249.573,0.00104044
249.695,0.000596997
249.817,0.0010591
249.939,0.00102383
250.061,0.00320089
250.183,0.000501863
250.305,0.000579799
250.427,0.00132784
250.549,0.000345673
250.672,0.000985322
250.794,0.000627018
250.916,0.000590327
251.038,4.2635e-005
251.16,0.00123718
251.282,0.00129661
251.404,0.000981099
251.526,0.000831745
251.648,0.000511752
251.77,0.000753369
251.893,0.000541571
252.015,0.000552866
252.137,0.00105046
252.259,0.000209669
252.381,0.000636486
252.503,0.000359164
252.625,0.000322365
252.747,0.000663311
252.869,0.000389012
252.991,0.000156585
253.114,0.000944496
253.236,0.000536704
253.358,0.00112663
253.48,0.00122856
253.602,0.000841616
253.724,0.000210633
253.846,0.00172072
253.968,0.000933499
254.09,0.000724122
254.212,0.000679536
254.335,0.00139498
254.457,0.00123155
254.579,0.000948927
254.701,0.00111205
254.823,0.000740911
254.945,0.000774019
255.067,0.000162082
255.189,0.0012163
255.311,0.000782063
255.433,0.000669377
255.556,0.00091407
255.678,0.000376953
255.8,0.0010205
255.922,0.000182494
256.044,0.000606956
256.166,0.000684786
256.288,0.000234098
256.41,0.00132284
256.532,0.000272235
256.654,0.000468497
256.777,0.000448821
256.899,0.00111175
257.021,0.00101347
257.143,0.00071849
257.265,0.000615348
257.387,0.00076463
257.509,0.00135712
257.631,0.00112964
257.753,0.000701638
257.875,0.000541337
257.998,0.000483633
258.12,0.000211594
258.242,0.00087018
258.364,0.00100873
258.486,0.000135225
258.608,0.000618833
258.73,0.000660731
258.852,0.000787884
258.974,0.000661253
259.096,0.000344992
259.219,0.000735355
259.341,0.000438596
259.463,0.000249064
259.585,0.000617163
259.707,0.00036178
259.829,0.000839905
259.951,0.000481714
260.073,0.00108681
260.195,0.000666719
260.317,0.000187687
260.44,0.000733542
260.562,0.000707343
260.684,0.000564105
260.806,0.000348543
260.928,0.000400645
261.05,0.000555381
261.172,0.000360196
261.294,0.0012634
261.416,0.00103803
261.538,0.00023925
261.661,0.000915758
261.783,0.000798938
261.905,0.000541035
262.027,0.000497182
262.149,0.000626961
262.271,0.00142505
262.393,0.000366117
262.515,0.000902161
262.637,0.00132899
262.759,0.000290542
262.882,0.000699812
263.004,0.000774628
263.126,0.00078937
263.248,0.00105667
263.37,0.000831113
263.492,0.000293119
263.614,0.000318797
263.736,0.000146966
263.858,0.000990164
263.98,0.000728443
264.103,0.000864077
264.225,1.84188e-005
264.347,0.000872534
264.469,0.000572677
264.591,0.000301344
264.713,0.000694144
264.835,0.000623486
264.957,0.000271231
265.079,0.000242854
265.201,0.000202867
265.324,0.000663623
265.446,0.000532333
265.568,0.000771317
265.69,0.000948896
265.812,0.000530303
265.934,0.000352557
266.056,0.00072332
266.178,0.000369951
266.3,0.000261713
266.422,0.00040177
266.545,0.000138421
266.667,0.000305623
266.789,0.000801558
266.911,0.00117687
267.033,0.000994309
267.155,0.00106652
267.277,0.00121927
267.399,0.000344494
267.521,0.000193689
267.643,0.000784982
267.766,0.00075205
267.888,0.000794747
268.01,0.00019189
268.132,0.00146647
268.254,0.000237879
268.376,0.000557881
268.498,0.000747249
268.62,2.17737e-005
268.742,0.000765916
268.864,0.000654951
268.987,0.00019744
269.109,0.000853965
269.231,0.000400247
269.353,0.000790991
269.475,0.000865343
269.597,0.000792513
269.719,0.000203864
269.841,0.000296398
269.963,0.000718643
270.085,0.0005598
270.208,0.000699266
270.33,0.000354836
270.452,0.00015678
270.574,0.000550177
270.696,0.000379024
270.818,0.000123082
270.94,0.000637274
271.062,0.000898553
271.184,8.25084e-005
271.306,0.000733065
271.429,0.000361613
271.551,0.000524907
271.673,0.000267861
271.795,0.000645766
271.917,0.00125136
272.039,0.000345536
272.161,0.000617783
272.283,0.000162318
272.405,0.000828499
272.527,0.000442035
272.65,0.000280562
272.772,0.000900433
272.894,0.000731125
273.016,0.000796762
273.138,0.00125378
273.26,0.000512427
273.382,0.000676705
273.504,0.000190223
273.626,0.000444064
273.748,0.000431932
273.871,0.000421839
273.993,0.000105692
274.115,0.000371117
274.237,0.000327161
274.359,0.000858507
274.481,0.000513131
274.603,0.000728517
274.725,0.000605112
274.847,0.00048759
274.969,0.000124408
275.092,0.00060136
275.214,0.000621899
275.336,0.000510292
275.458,0.000580118
275.58,0.000856016
275.702,0.000808739
275.824,0.00035697
275.946,0.000437609
276.068,0.000427111
276.19,0.000718297
276.313,8.27585e-005
276.435,0.000975836
276.557,0.000555928
276.679,0.00108922
276.801,0.00051985
276.923,0.000127518
277.045,0.00030617
277.167,0.000393052
277.289,0.000297194
277.411,0.00061795
277.534,0.00041267
277.656,0.00024608
277.778,0.000477178
277.9,0.000574149
278.022,0.000552939
278.144,0.000311049
278.266,0.000378886
278.388,0.000644089
278.51,0.00045823
278.633,0.000250371
278.755,0.000306308
278.877,0.00054412
278.999,0.000265037
279.121,4.74844e-005
279.243,0.00031441
279.365,0.000210852
279.487,0.000549832
279.609,0.000528171
279.731,0.000568858
279.853,0.000377231
279.976,0.000151867
280.098,0.000691216
280.22,0.000360167
280.342,6.99523e-005
280.464,6.29958e-005
280.586,6.96798e-005
280.708,0.000613841
280.83,0.000576018
280.952,0.000360162
281.074,0.000526437
281.197,0.000218778
281.319,0.00013801
281.441,0.000431288
281.563,0.00105966
281.685,0.000498852
281.807,0.000905383
281.929,0.00015464
282.051,0.000704853
282.173,0.000621572
282.296,8.73744e-005
282.418,0.000301695
282.54,0.000485342
282.662,0.000991608
282.784,0.000374507
282.906,0.000484921
283.028,0.000335115
283.15,0.000218125
283.272,0.000409091
283.394,0.000294465
283.517,0.000531431
283.639,0.000675564
283.761,0.000411364
283.883,0.000529816
284.005,0.000476474
284.127,0.000203605
284.249,0.000557126
284.371,0.000173448
284.493,0.000204215
284.615,0.000964184
284.737,0.000184411
284.86,5.84251e-005
284.982,0.000206397
285.104,3.29782e-005
285.226,0.000371611
285.348,0.00037309
285.47,0.000655188
285.592,0.000366366
285.714,0.000125242
285.836,0.000441963
285.958,0.000315457
286.081,0.000751429
286.203,0.000430348
286.325,0.00108605
286.447,0.000517507
286.569,0.000579251
286.691,0.000360583
286.813,0.000643745
286.935,0.000563481
287.057,0.000962575
287.18,4.00204e-005
287.302,0.000592063
287.424,0.000247888
287.546,0.000415053
287.668,0.00079252
287.79,0.000294384
287.912,0.00065616
288.034,0.000171405
288.156,0.000409448
288.278,0.000375105
288.401,0.000625379
288.523,0.000810988
288.645,0.000363957
288.767,0.000663988
288.889,0.000280387
289.011,0.000462696
289.133,0.000197864
289.255,0.000449891
289.377,0.000559055
289.499,0.00053173
289.621,0.000455091
289.744,0.000381785
289.866,0.00014159
289.988,0.000408303
290.11,0.000169472
290.232,0.000446481
290.354,0.000365907
290.476,0.00013341
290.598,0.000846053
290.72,0.000722691
290.842,0.000223379
290.965,0.000212823
291.087,0.000124816
291.209,0.000620064
291.331,0.00016499
291.453,0.000162616
291.575,0.000663718
291.697,0.000328046
291.819,0.000667724
291.941,0.000933729
292.064,0.000428817
292.186,0.000349331
292.308,0.000231637
292.43,0.000267174
292.552,0.000545634
292.674,0.000120563
292.796,0.000499687
292.918,0.000336373
293.04,0.000432165
293.162,0.000355351
293.285,0.000414616
293.407,0.000258825
293.529,0.000125537
293.651,0.000402175
293.773,0.000332881
293.895,0.000257778
294.017,0.000378717
294.139,0.00105559
294.261,0.00054097
294.383,0.000223419
294.506,0.000553934
294.628,0.000452621
294.75,0.000156263
294.872,0.000468517
294.994,0.00039282
295.116,0.000431511
295.238,0.000105646
295.36,0.000456782
295.482,1.95902e-005
295.604,0.000351979
295.727,0.00014911
295.849,0.00078301
295.971,0.000529334
296.093,0.000544676
296.215,0.000187256
296.337,0.000168714
296.459,5.50729e-005
296.581,0.00042971
296.703,0.000338765
296.825,0.000779706
296.948,0.00018509
297.07,0.000292884
297.192,0.000316659
297.314,0.00085445
297.436,0.000253702
297.558,4.89982e-005
297.68,0.00041724
297.802,0.000172503
297.924,0.00022864
298.046,0.000301331
298.169,0.000279124
298.291,0.000171921
298.413,0.000143688
298.535,0.000547862
298.657,0.000438789
298.779,0.00022052
298.901,0.000171031
299.023,0.000376109
299.145,0.000240487
299.267,0.000456004
299.39,0.000449108
299.512,1.71006e-005
299.634,0.00037538
299.756,0.000396507
299.878,0.000112152
300,0.000239829
300.122,0.000517762
300.244,0.000380409
300.366,0.000581678
300.488,0.000377588
300.611,0.000189394
300.733,0.000289371
300.855,0.000316776
300.977,0.000365352
301.099,0.000209596
301.221,0.0006503
301.343,0.000138011
301.465,0.000296208
301.587,0.000175103
301.709,0.00012419
301.832,0.000146828
301.954,0.000180916
302.076,0.000160586
302.198,0.000161332
302.32,0.000234202
302.442,0.000265982
302.564,0.000463434
302.686,0.000462847
302.808,0.000254149
302.93,0.000405323
303.053,0.000406232
303.175,0.000199797
303.297,0.000176109
303.419,0.000386791
303.541,0.00019719
303.663,0.000327314
303.785,0.000186275
303.907,0.000311779
304.029,0.000510343
304.151,0.000367865
304.274,0.000164041
304.396,0.000398956
304.518,0.000423218
304.64,0.000429902
304.762,0.000368485
304.884,0.000201749
305.006,0.000102475
305.128,0.000528657
305.25,0.000120463
305.372,0.000359794
305.495,0.00019885
305.617,0.000122059
305.739,0.000272231
305.861,9.02609e-005
305.983,0.000657575
306.105,0.000438383
306.227,0.000470705
306.349,0.000177115
306.471,0.000216957
306.593,4.46514e-005
306.716,0.00045945
306.838,6.44634e-005
306.96,0.000150884
307.082,0.000261053
307.204,0.000210716
307.326,0.000594555
307.448,0.000164934
307.57,0.0001389
307.692,0.000448961
307.814,0.000273791
307.937,0.000101637
308.059,0.000410965
308.181,6.51398e-005
308.303,0.00014088
308.425,0.000374766
308.547,0.000160658
308.669,0.000218267
308.791,0.000409734
308.913,0.000141092
309.035,0.000141166
309.158,0.000449401
309.28,0.000477881
309.402,0.000378624
309.524,0.000169215
309.646,0.000347698
309.768,0.000460412
309.89,0.000417557
310.012,0.000344981
310.134,0.000385919
310.256,0.000188927
310.379,0.000271938
310.501,7.18707e-005
310.623,0.000132755
310.745,0.000499965
310.867,0.000349696
310.989,0.000260578
311.111,0.000291017
311.233,0.000229797
311.355,0.000242508
311.477,0.000345075
311.6,0.000210305
311.722,0.00046982
311.844,0.000151881
311.966,0.000260713
312.088,9.73511e-005
312.21,8.25108e-005
312.332,0.000461209
312.454,0.000350226
312.576,5.73915e-005
312.698,0.000371845
312.821,0.000238322
312.943,0.000370121
313.065,0.000219549
313.187,3.50389e-005
313.309,0.000366483
313.431,0.0001474
313.553,0.000369202
313.675,0.000157845
313.797,0.000379563
313.919,0.000182927
314.042,0.000254598
314.164,3.11273e-005
314.286,0.000124355
314.408,0.000526226
314.53,7.63009e-005
314.652,0.000321865
314.774,0.000378231
314.896,0.000122242
315.018,0.000299403
315.14,7.7292e-005
315.263,0.000226059
315.385,0.000203402
315.507,0.000207736
315.629,0.000125187
315.751,8.44706e-005
315.873,0.000205711
315.995,0.000232099
316.117,0.000171487
316.239,0.000175992
316.361,0.00022581
316.484,0.000246716
316.606,0.000174776
316.728,0.000165137
316.85,0.000166942
316.972,0.000289434
317.094,0.00037817
317.216,0.000249187
317.338,6.87358e-005
317.46,0.000469599
317.582,0.000165464
317.705,0.000169834
317.827,4.93282e-005
317.949,3.05693e-005
318.071,0.000169658
318.193,0.000250167
318.315,0.000292418
318.437,0.000227258
318.559,0.000251101
318.681,0.000144729
318.803,0.00050356
318.926,0.000275013
319.048,0.000482643
319.17,0.000291299
319.292,0.000100367
319.414,1.17537e-005
319.536,0.000225604
319.658,0.000143383
319.78,0.00017322
319.902,0.000134
320.024,4.12282e-005
320.147,0.000188006
320.269,0.000569435
320.391,0.000173222
320.513,0.000103111
320.635,0.000196844
320.757,4.5521e-005
320.879,0.000331909
321.001,0.000213471
321.123,0.000337421
321.245,4.83677e-005
321.368,0.000237796
321.49,0.000103023
321.612,0.000223842
321.734,0.000230903
321.856,0.000289253
321.978,0.0002448
322.1,0.000241988
322.222,0.000228441
322.344,0.000323586
322.466,0.000218844
322.589,0.000170865
322.711,0.00016136
322.833,0.000248736
322.955,0.00012224
323.077,0.000535387
323.199,0.000110885
323.321,0.000267311
323.443,0.000337179
323.565,0.000300894
323.687,0.000126849
323.81,7.15694e-005
323.932,0.000265523
324.054,5.92259e-005
324.176,0.000132433
324.298,4.88791e-005
324.42,0.000269316
324.542,3.62979e-005
324.664,0.000223791
324.786,0.000394948
324.908,0.00037652
325.031,0.000215751
325.153,0.000387604
325.275,0.000194676
325.397,0.000187671
325.519,0.000413312
325.641,0.00042116
325.763,0.00021812
325.885,0.000158826
326.007,0.000174343
326.129,0.000198943
326.252,0.000260372
326.374,0.00017529
326.496,0.000169944
326.618,0.000321414
326.74,0.000326231
326.862,0.000392183
326.984,0.000234576
327.106,0.0001835
327.228,7.55482e-005
327.35,0.000111922
327.473,0.000117571
327.595,0.000291187
327.717,0.000139044
327.839,0.000105841
327.961,8.04116e-005
328.083,6.04851e-005
328.205,0.000239634
328.327,7.03745e-005
328.449,3.03758e-005
328.571,0.000235835
328.694,0.000258348
328.816,0.000279839
328.938,0.000145928
329.06,0.000279653
329.182,5.19504e-005
329.304,4.21065e-005
329.426,0.000126256
329.548,0.000165062
329.67,0.000329459
329.792,0.000219539
329.915,2.43765e-005
330.037,0.00016716
330.159,2.63525e-005
330.281,0.000241389
330.403,0.000225436
330.525,0.000135724
330.647,0.000187983
330.769,8.09833e-005
330.891,5.28143e-005
331.013,0.00016391
331.136,0.000228485
331.258,0.000144569
331.38,0.000111073
331.502,0.000374183
331.624,8.39969e-005
331.746,5.66702e-005
331.868,0.000266703
331.99,0.000145515
332.112,0.000141658
332.234,0.000250984
332.357,0.000462756
332.479,0.000134689
332.601,0.000143466
332.723,5.61695e-005
332.845,0.00026748
332.967,0.000135328
333.089,3.39249e-005
333.211,4.46419e-005
333.333,0.000180955
333.455,0.000112211
333.578,0.000150101
333.7,0.000104077
333.822,0.000254817
333.944,0.000440896
334.066,4.90983e-005
334.188,0.000250543
334.31,9.53363e-005
334.432,0.000223753
334.554,0.000113766
334.676,0.000244369
334.799,9.68784e-005
334.921,0.000209763
335.043,0.000178558
335.165,0.000146042
335.287,8.25269e-005
335.409,6.40369e-005
335.531,0.00026346
335.653,0.000205346
335.775,0.000160222
335.897,2.13401e-005
336.02,0.000147072
336.142,9.33643e-005
336.264,8.17898e-005
336.386,0.0001452
336.508,0.000162957
336.63,6.40214e-005
336.752,0.000110962
336.874,0.000212672
336.996,0.000340797
337.118,8.08523e-005
337.241,9.41781e-005
337.363,0.000185532
337.485,0.000175062
337.607,0.000112959
337.729,0.000175784
337.851,0.000261863
337.973,0.000145142
338.095,0.00014677
338.217,0.000220226
338.339,0.000199251
338.462,0.000149265
338.584,6.27906e-005
338.706,0.000121912
338.828,0.00013459
338.95,0.000337624
339.072,0.000115175
339.194,0.000246203
339.316,0.000205838
339.438,0.000143242
339.56,0.000223105
339.683,0.000275055
339.805,0.000409813
339.927,0.000331944
340.049,0.00131813
340.171,0.000676414
340.293,0.00023137
340.415,0.0002376
340.537,0.000154686
340.659,0.000126621
340.781,9.62577e-005
340.904,0.000119489
341.026,8.72591e-005
341.148,0.000257545
341.27,0.000111474
341.392,2.39242e-005
341.514,0.000147182
341.636,0.000127827
341.758,0.000102938
341.88,0.000144038
342.002,0.000139681
342.125,0.00019136
342.247,0.000111807
342.369,7.91494e-005
342.491,4.85893e-005
342.613,0.000141709
342.735,0.000228524
342.857,0.000156464
342.979,0.000154971
343.101,9.12811e-005
343.223,0.000138136
343.346,0.00017826
343.468,0.000188539
343.59,0.000197123
343.712,3.37818e-005
343.834,0.000106235
343.956,0.000207124
344.078,0.000287581
344.2,0.00027332
344.322,0.000145898
344.444,9.85678e-005
344.567,0.000208136
344.689,0.000271083
344.811,0.000150201
344.933,0.000132794
345.055,0.000119308
345.177,0.000215986
345.299,0.000121767
345.421,0.000107298
345.543,6.95116e-005
345.665,0.000102117
345.788,0.000176142
345.91,9.75508e-005
346.032,8.68323e-005
346.154,0.000159893
346.276,0.000149029
346.398,1.06914e-005
346.52,0.000132625
346.642,0.000177296
346.764,0.000138191
346.886,5.53517e-005
347.009,9.64423e-005
347.131,6.70739e-005
347.253,0.000117348
347.375,0.000179516
347.497,0.000156572
347.619,0.00013329
347.741,9.82104e-005
347.863,0.000129774
347.985,0.00016998
348.107,0.00012893
348.23,0.000225066
348.352,0.000108086
348.474,0.000190417
348.596,0.000138077
348.718,0.000167688
348.84,0.000105141
348.962,0.000287978
349.084,0.000208749
349.206,0.000206746
349.328,4.78352e-005
349.451,0.000159405
349.573,8.75274e-005
349.695,0.000155275
349.817,6.76945e-005
349.939,7.04265e-005
350.061,0.000128691
350.183,0.000185799
350.305,5.16754e-005
350.427,6.42599e-005
350.549,2.24233e-005
350.672,0.000143595
350.794,6.75955e-005
350.916,7.17057e-005
351.038,0.000144316
351.16,3.8343e-005
351.282,0.000126944
351.404,6.44495e-005
351.526,8.98378e-005
351.648,9.03808e-005
351.77,5.8092e-005
351.893,0.000145307
352.015,0.000116053
352.137,0.000176834
352.259,5.78639e-005
352.381,9.05007e-005
352.503,6.34741e-005
352.625,7.84294e-005
352.747,9.76602e-005
352.869,8.35457e-005
352.991,0.00011451
353.114,0.000141252
353.236,0.000224348
353.358,0.000311043
353.48,8.12186e-005
353.602,0.000166815
353.724,0.000195758
353.846,2.54821e-005
353.968,4.36259e-005
354.09,0.000186283
354.212,0.000136332
354.335,4.491e-005
354.457,0.000181521
354.579,0.000176231
354.701,0.000164056
354.823,0.000233769
354.945,4.79883e-005
355.067,9.84813e-005
355.189,8.96886e-005
355.311,0.000126377
355.433,3.75076e-005
355.556,0.000107534
355.678,0.000177733
355.8,0.000114627
355.922,3.59794e-005
356.044,9.64582e-005
356.166,9.09528e-005
356.288,9.74586e-005
356.41,8.59654e-005
356.532,2.14897e-005
356.654,0.000136829
356.777,5.31916e-005
356.899,7.23249e-005
357.021,0.000132856
357.143,4.38416e-005
357.265,6.01064e-005
357.387,0.000111374
357.509,6.29735e-005
357.631,0.000242617
357.753,7.35721e-005
357.875,0.000102996
357.998,0.000193362
358.12,7.31715e-005
358.242,0.000157658
358.364,9.54215e-005
358.486,6.18917e-005
358.608,4.3691e-005
358.73,4.97977e-005
358.852,8.53719e-005
358.974,9.75373e-005
359.096,6.2903e-005
359.219,9.76654e-005
359.341,8.73065e-005
359.463,0.000122344
359.585,7.62348e-005
359.707,7.08681e-005
359.829,0.000152385
359.951,7.85132e-005
360.073,0.000163597
360.195,0.00017692
360.317,3.92638e-005
360.44,0.00012952
360.562,0.000136623
360.684,0.000118989
360.806,0.000103349
360.928,5.77674e-006
361.05,4.41089e-005
361.172,0.000152797
361.294,7.84393e-005
361.416,7.6055e-005
361.538,0.000106931
361.661,0.000108694
361.783,5.36174e-005
361.905,5.52681e-005
362.027,0.00025773
362.149,0.00015429
362.271,5.40536e-005
362.393,0.000127864
362.515,0.000141184
362.637,5.71564e-005
362.759,0.00010223
362.882,0.000133396
363.004,6.52035e-005
363.126,7.16643e-005
363.248,4.51645e-005
363.37,5.69329e-005
363.492,7.87006e-005
363.614,0.000140277
363.736,6.13842e-005
363.858,0.000126105
363.98,0.00018909
364.103,5.82867e-005
364.225,8.14845e-005
364.347,0.000137356
364.469,5.26532e-005
364.591,4.52406e-005
364.713,7.77677e-005
364.835,0.000100177
364.957,0.000122041
365.079,5.75036e-005
365.201,0.000101183
365.324,0.000154023
365.446,7.9351e-005
365.568,0.000167429
365.69,4.21806e-005
365.812,0.000107339
365.934,9.37621e-005
366.056,2.76165e-005
366.178,9.77895e-005
366.3,9.01128e-005
366.422,0.000187562
366.545,0.000148645
366.667,0.000137811
366.789,8.75696e-005
366.911,0.00010973
367.033,4.86842e-005
367.155,2.80076e-005
367.277,0.000104138
367.399,4.07568e-005
367.521,0.000146891
367.643,6.28871e-005
367.766,6.21972e-005
367.888,6.97084e-005
368.01,0.000152988
368.132,0.000125633
368.254,6.44973e-005
368.376,8.72696e-005
368.498,6.33841e-005
368.62,0.000156988
368.742,8.63906e-005
368.865,9.54089e-005
368.987,0.000180086
369.109,8.03419e-005
369.231,4.90852e-005
369.353,3.48394e-005
369.475,5.23022e-005
369.597,3.92175e-005
369.719,7.53871e-005
369.841,0.000110217
369.963,2.24164e-005
370.085,7.4385e-005
370.208,4.88184e-005
370.33,0.000124563
370.452,0.000144578
370.574,6.23182e-005
370.696,0.000110569
370.818,0.000137909
370.94,0.000148229
371.062,7.86962e-005
371.184,5.68793e-005
371.306,1.95278e-005
371.429,8.0958e-005
371.551,6.05346e-005
371.673,9.00442e-005
371.795,5.07714e-005
371.917,3.5069e-005
372.039,8.578e-005
372.161,0.000109557
372.283,5.34506e-005
372.405,2.99181e-005
372.527,2.44484e-005
372.65,5.24686e-005
372.772,8.87745e-005
372.894,5.52308e-005
373.016,3.26293e-005
373.138,9.66241e-005
373.26,0.000166788
373.382,0.000122339
373.504,1.55988e-005
373.626,6.33389e-005
373.749,0.000107418
373.871,6.39466e-005
373.993,0.000119888
374.115,9.32341e-005
374.237,0.00014743
374.359,6.51582e-005
374.481,1.28769e-005
374.603,9.15311e-005
374.725,8.07457e-005
374.847,0.00010212
374.969,0.000116023
375.092,8.34412e-005
375.214,1.88675e-005
375.336,4.62391e-005
375.458,3.04871e-005
375.58,3.34387e-005
375.702,7.27087e-005
375.824,6.31115e-005
375.946,9.83925e-006
376.068,8.60573e-005
376.19,7.63475e-005
376.313,0.000193891
376.435,0.000138848
376.557,0.000134842
376.679,5.93965e-005
376.801,0.000116506
376.923,5.54034e-005
377.045,0.000107391
377.167,9.70233e-005
377.289,8.43224e-005
377.411,5.61479e-005
377.534,5.99177e-005
377.656,0.000103272
377.778,2.89224e-005
377.9,9.30467e-005
378.022,5.91282e-005
378.144,6.87264e-005
378.266,7.19294e-005
378.388,0.000109526
378.51,0.000110551
378.633,0.000130869
378.755,7.43946e-005
378.877,4.46849e-005
378.999,4.27295e-005
379.121,0.000113781
379.243,5.20603e-005
379.365,6.24561e-005
379.487,4.03418e-005
379.609,8.95187e-005
379.731,4.35012e-005
379.853,6.7649e-005
379.976,3.07306e-005
380.098,0.000109912
380.22,5.9787e-005
380.342,6.80729e-005
380.464,7.42247e-005
380.586,4.35917e-005
380.708,7.38396e-005
380.83,5.364e-005
380.952,9.20717e-005
381.074,4.29261e-005
381.197,8.36274e-005
381.319,0.000131024
381.441,4.06883e-005
381.563,2.84378e-005
381.685,3.93745e-005
381.807,1.52901e-005
381.929,0.000132692
382.051,9.6991e-005
382.173,3.7434e-005
382.296,5.28396e-005
382.418,6.35291e-005
382.54,0.000172092
382.662,7.40307e-005
382.784,5.68756e-005
382.906,3.89541e-005
383.028,3.70505e-005
383.15,5.65895e-005
383.272,6.17834e-005
383.394,0.000107131
383.517,0.000122238
383.639,5.5798e-005
383.761,7.51774e-005
383.883,2.40924e-005
384.005,2.54726e-005
384.127,9.22414e-005
384.249,0.000100047
384.371,5.66999e-005
384.493,0.000105501
384.615,1.46445e-005
384.738,7.16085e-005
384.86,8.03943e-005
384.982,2.88997e-005
385.104,8.42468e-005
385.226,7.72611e-006
385.348,8.19543e-005
385.47,8.27322e-005
385.592,0.000118871
385.714,7.68028e-005
385.836,9.16602e-005
385.958,2.03438e-005
386.081,6.99848e-005
386.203,5.13167e-005
386.325,0.000111955
386.447,7.08419e-005
386.569,0.000111408
386.691,4.86999e-005
386.813,5.8547e-005
386.935,4.91904e-005
387.057,0.000103349
387.18,9.03145e-005
387.302,6.23628e-005
387.424,7.63862e-005
387.546,6.64577e-005
387.668,2.34947e-005
387.79,9.50476e-005
387.912,3.62441e-005
388.034,4.42795e-005
388.156,6.2495e-005
388.278,3.97034e-005
388.401,0.000111686
388.523,0.00010217
388.645,3.0206e-005
388.767,3.49197e-005
388.889,0.000160877
389.011,5.47377e-005
389.133,8.44361e-005
389.255,0.000163772
389.377,5.77308e-005
389.499,6.60276e-005
389.622,5.78314e-005
389.744,4.38445e-005
389.866,0.000113893
389.988,6.05622e-005
390.11,8.39373e-005
390.232,0.000128262
390.354,4.68026e-005
390.476,2.40316e-005
390.598,2.84479e-005
390.72,8.96055e-005
390.842,1.65787e-005
390.965,4.73113e-005
391.087,0.0001262
391.209,4.45679e-005
391.331,9.02923e-005
391.453,4.35886e-005
391.575,8.90442e-006
391.697,4.32524e-005
391.819,6.60615e-005
391.941,4.96994e-005
392.064,7.6009e-005
392.186,7.1279e-005
392.308,4.01948e-005
392.43,0.000155629
392.552,5.66422e-005
392.674,8.83602e-005
392.796,3.90799e-005
392.918,0.000100138
393.04,3.43881e-005
393.162,5.57025e-005
393.285,8.91964e-005
393.407,9.53655e-005
393.529,3.06567e-006
393.651,0.000116968
393.773,0.000107846
393.895,6.82764e-005
394.017,7.49997e-005
394.139,4.10838e-005
394.261,8.99557e-005
394.383,5.31321e-005
394.506,0.000100564
394.628,7.47784e-005
394.75,7.80323e-005
394.872,9.28358e-005
394.994,5.37374e-005
395.116,7.71853e-005
395.238,6.79509e-005
395.36,6.59545e-005
395.482,2.17685e-005
395.604,0.000125268
395.727,8.23482e-005
395.849,1.00046e-005
395.971,6.00028e-005
396.093,6.4019e-005
396.215,0.00011179
396.337,1.75457e-005
396.459,7.66307e-006
396.581,6.74762e-005
396.703,8.08028e-005
396.825,8.07076e-005
396.948,6.52951e-005
397.07,5.13975e-005
397.192,2.50078e-005
397.314,6.61511e-005
397.436,4.49439e-005
397.558,0.000152302
397.68,4.59272e-005
397.802,4.07993e-005
397.924,9.96241e-005
398.046,0.000115886
398.169,6.65092e-005
398.291,0.00010482
398.413,2.69677e-005
398.535,0.000100254
398.657,9.29146e-005
398.779,6.77549e-005
398.901,0.000116682
399.023,3.89606e-005
399.145,4.06684e-005
399.267,4.33592e-005
399.39,4.59832e-005
399.512,5.9061e-005
399.634,8.66422e-005
399.756,4.8516e-005
399.878,0.000101618
400,7.81365e-005
400.122,2.25859e-005
400.244,0.000117913
400.366,6.01247e-005
400.488,5.85417e-005
400.611,4.03907e-006
400.733,8.27445e-005
400.855,2.30458e-005
400.977,6.65686e-005
401.099,1.52804e-005
401.221,1.40867e-005
401.343,6.08618e-005
401.465,2.26978e-005
401.587,3.71892e-005
401.709,8.02921e-005
401.832,8.75318e-005
401.954,4.27972e-005
402.076,4.28856e-005
402.198,0.000102772
402.32,0.000112724
402.442,7.46449e-005
402.564,0.000205784
402.686,8.55897e-005
402.808,4.33883e-005
402.93,9.26123e-005
403.053,0.000103289
403.175,2.86146e-006
403.297,0.000160061
403.419,2.46076e-005
403.541,0.000156646
403.663,0.000110713
403.785,0.000121111
403.907,0.000109589
404.029,7.87031e-005
404.151,9.07602e-005
404.274,3.80939e-005
404.396,0.000145724
404.518,8.07643e-005
404.64,4.33716e-005
404.762,2.30092e-005
404.884,5.96108e-005
405.006,8.74065e-005
405.128,8.14488e-005
405.25,9.01335e-005
405.372,0.000168986
405.495,8.68056e-005
405.617,5.54777e-005
405.739,5.75556e-005
405.861,6.10707e-005
405.983,9.2576e-005
406.105,8.43723e-005
406.227,0.000130946
406.349,2.94319e-005
406.471,4.52944e-006
406.593,5.2817e-005
406.716,9.55587e-005
406.838,1.79049e-005
406.96,7.39311e-005
407.082,5.3282e-005
407.204,0.000102634
407.326,4.21448e-005
407.448,2.9823e-005
407.57,4.51199e-005
407.692,5.53795e-005
407.814,6.07574e-005
407.937,5.82563e-005
408.059,9.39987e-005
408.181,1.56001e-006
408.303,9.39726e-005
408.425,5.4369e-005
408.547,9.29984e-005
408.669,9.50294e-005
408.791,0.000121821
408.913,3.56094e-005
409.035,5.57199e-005
409.158,3.25521e-005
409.28,4.37687e-005
409.402,7.03957e-005
409.524,8.41779e-005
409.646,7.7112e-005
409.768,1.80049e-005
409.89,0.000100182
410.012,8.55237e-005
410.134,3.66579e-005
410.256,3.09708e-005
410.379,9.71964e-005
410.501,4.89358e-005
410.623,9.16663e-005
410.745,7.14512e-005
410.867,7.08016e-005
410.989,7.49133e-006
411.111,4.25162e-005
411.233,1.87892e-005
411.355,3.19046e-005
411.477,5.06609e-005
411.6,4.02009e-005
411.722,0.000126054
411.844,9.27325e-005
411.966,0.000165417
412.088,4.34776e-005
412.21,4.0694e-005
412.332,0.000113305
412.454,8.09145e-005
412.576,7.5926e-005
412.698,0.000112902
412.821,9.31393e-005
412.943,6.42021e-005
413.065,8.99512e-005
413.187,9.29236e-005
413.309,0.000147519
413.431,6.90397e-005
413.553,0.000122935
413.675,1.06848e-005
413.797,5.80157e-005
413.919,5.6564e-005
414.042,0.000121899
414.164,3.16889e-005
414.286,7.22714e-005
414.408,6.13881e-005
414.53,1.83699e-005
414.652,4.34287e-006
414.774,2.15212e-005
414.896,5.48633e-006
415.018,1.89779e-005
415.14,1.60255e-005
415.263,2.14624e-005
415.385,5.73674e-005
415.507,8.82639e-005
415.629,3.59522e-005
415.751,2.75432e-005
415.873,8.57864e-005
415.995,7.16328e-005
416.117,3.39601e-005
416.239,3.11597e-005
416.361,2.10851e-005
416.484,3.04232e-005
416.606,0.000147933
416.728,5.47631e-005
416.85,0.000121309
416.972,3.42045e-005
417.094,6.08467e-006
417.216,8.30453e-005
417.338,6.29474e-005
417.46,1.96565e-005
417.582,3.29182e-005
417.705,5.60302e-005
417.827,0.000101917
417.949,5.77812e-005
418.071,3.86512e-005
418.193,6.90143e-005
418.315,9.95074e-005
418.437,8.70422e-006
418.559,8.12817e-005
418.681,7.70381e-005
418.803,3.08748e-005
418.926,0.000109223
419.048,2.66182e-005
419.17,5.18705e-005
419.292,8.62419e-005
419.414,3.77712e-005
419.536,5.01128e-005
419.658,8.8702e-005
419.78,5.00346e-005
419.902,4.02827e-005
420.024,0.000113277
420.147,3.83019e-005
420.269,7.5211e-005
420.391,8.72784e-005
420.513,0.00011121
420.635,0.000110021
420.757,0.000149139
420.879,5.29671e-005
421.001,8.39041e-005
421.123,4.60153e-005
421.245,0.000127455
421.368,7.21104e-005
421.49,6.36527e-005
421.612,0.000138336
421.734,8.90483e-005
421.856,7.6089e-005
421.978,3.52135e-005
422.1,7.99732e-005
422.222,3.36097e-005
422.344,7.43265e-005
422.466,4.36911e-005
422.589,7.33543e-005
422.711,8.47879e-005
422.833,0.000109624
422.955,5.20696e-005
423.077,0.000133391
423.199,9.50881e-005
423.321,5.13394e-005
423.443,5.14933e-005
423.565,0.000150126
423.687,9.83117e-006
423.81,6.17993e-005
423.932,3.80132e-005
424.054,7.76886e-005
424.176,5.97043e-005
424.298,7.97184e-005
424.42,4.21943e-005
424.542,1.65186e-005
424.664,5.89218e-005
424.786,9.80028e-005
424.908,7.43167e-005
425.031,4.50112e-005
425.153,4.2774e-005
425.275,3.0357e-005
425.397,3.85684e-005
425.519,5.04162e-005
425.641,0.000146123
425.763,9.19179e-005
425.885,6.02352e-005
426.007,4.95223e-005
426.129,1.00557e-005
426.252,7.57746e-005
426.374,3.74531e-005
426.496,1.08666e-005
426.618,5.76134e-005
426.74,0.000117676
426.862,9.12092e-005
426.984,0.000137901
427.106,4.3014e-005
427.228,2.79025e-005
427.35,6.91717e-005
427.473,0.00014145
427.595,8.72743e-005
427.717,7.08631e-005
427.839,2.06398e-005
427.961,2.33126e-005
428.083,4.12756e-005
428.205,7.49461e-005
428.327,2.64481e-005
428.449,7.11365e-005
428.571,8.52874e-005
428.694,9.8264e-005
428.816,4.89765e-005
428.938,7.88865e-005
429.06,5.69681e-005
429.182,6.23405e-005
429.304,0.000134417
429.426,7.03162e-005
429.548,1.3883e-005
429.67,3.82657e-005
429.792,0.000118759
429.915,0.000112042
430.037,2.16315e-005
430.159,5.45754e-005
430.281,9.57763e-005
430.403,4.54372e-006
430.525,9.52524e-005
430.647,8.72634e-005
430.769,5.11557e-005
430.891,7.47312e-005
431.013,2.17155e-005
431.136,9.11062e-005
431.258,5.67267e-005
431.38,6.56665e-005
431.502,4.23063e-005
431.624,0.000134279
431.746,5.61718e-005
431.868,8.98109e-005
431.99,4.91415e-005
432.112,8.25452e-005
432.234,4.87967e-005
432.357,2.59173e-005
432.479,1.34601e-005
432.601,0.000135588
432.723,7.81969e-005
432.845,9.27619e-005
432.967,7.41888e-005
433.089,5.71687e-005
433.211,8.91337e-005
433.333,3.89672e-005
433.455,6.69826e-005
433.578,2.48154e-005
433.7,8.47553e-005
433.822,2.34265e-005
433.944,8.6042e-005
434.066,1.50767e-005
434.188,5.38458e-005
434.31,1.32262e-005
434.432,7.53108e-005
434.554,0.000124211
434.676,7.7505e-005
434.799,3.39304e-005
434.921,0.000107164
435.043,3.34624e-005
435.165,3.38762e-005
435.287,5.49977e-005
435.409,9.96159e-005
435.531,8.81987e-005
435.653,0.000100613
435.775,6.20733e-005
435.897,9.73201e-005
436.02,3.2453e-005
436.142,7.58047e-005
436.264,9.34184e-005
436.386,2.56166e-005
436.508,3.90736e-005
436.63,3.74086e-005
436.752,2.94949e-005
436.874,1.79776e-005
436.996,4.88876e-005
437.118,6.09868e-005
437.241,2.02987e-005
437.363,4.42273e-005
437.485,1.2521e-005
437.607,1.68144e-005
437.729,0.000121563
437.851,4.99392e-005
437.973,4.79493e-005
438.095,8.57116e-005
438.217,0.000150415
438.339,0.000105383
438.462,2.15452e-005
438.584,0.000126579
438.706,4.31407e-005
438.828,7.67284e-005
438.95,8.4354e-005
439.072,9.85131e-005
439.194,9.54509e-005
439.316,8.61237e-005
439.438,6.16725e-005
439.56,2.29027e-005
439.683,1.81332e-005
439.805,7.30311e-005
439.927,1.4158e-005
440.049,6.13434e-006
440.171,5.76686e-005
440.293,2.49971e-005
440.415,8.26641e-005
440.537,3.43609e-005
440.659,1.35454e-005
440.781,0.000138843
440.904,1.15397e-005
441.026,6.70655e-005
441.148,8.58037e-005
441.27,9.35791e-005
441.392,2.10193e-006
441.514,0.000139268
441.636,6.34679e-005
441.758,4.12971e-005
441.88,5.15316e-005
442.002,2.9513e-005
442.125,0.000127263
442.247,9.78009e-005
442.369,3.79643e-005
442.491,8.26692e-005
442.613,2.95725e-005
442.735,0.000133002
442.857,6.39015e-005
442.979,8.60291e-005
443.101,4.98771e-005
443.223,0.000107033
443.346,7.12285e-005
443.468,4.85073e-005
443.59,9.81124e-005
443.712,6.93633e-005
443.834,7.63929e-005
443.956,4.18634e-005
444.078,0.000129485
444.2,5.74755e-005
444.322,3.0814e-005
444.444,7.23055e-005
444.567,3.57467e-005
444.689,4.58851e-005
444.811,0.00012094
444.933,9.18523e-005
445.055,8.32066e-005
445.177,0.000113069
445.299,8.45912e-005
445.421,7.7748e-005
445.543,5.03906e-005
445.665,9.10438e-005
445.788,8.43522e-005
445.91,7.46331e-005
446.032,9.01888e-005
446.154,8.81907e-005
446.276,6.54544e-005
446.398,6.66759e-005
446.52,5.46572e-005
446.642,9.45242e-005
446.764,2.44042e-005
446.886,9.37112e-005
447.009,0.000138051
447.131,0.000106336
447.253,5.25737e-005
447.375,0.000111669
447.497,9.36646e-005
447.619,3.92143e-005
447.741,5.48767e-005
447.863,6.55686e-005
447.985,7.8814e-005
448.107,6.30073e-005
448.23,4.1166e-005
448.352,6.6138e-005
448.474,1.47767e-005
448.596,3.49489e-005
448.718,0.000122092
448.84,9.06337e-005
448.962,8.44021e-005
449.084,7.40248e-005
449.206,5.27341e-005
449.328,0.000111208
449.451,3.18638e-005
449.573,2.9089e-005
449.695,3.8539e-005
449.817,0.000167356
449.939,2.91397e-005
450.061,0.000115377
450.183,4.02274e-005
450.305,0.000119347
450.427,4.0125e-005
450.549,2.49024e-005
450.672,9.21332e-005
450.794,0.000182851
450.916,5.10345e-005
451.038,5.52699e-005
451.16,4.75718e-005
451.282,7.24647e-006
451.404,1.44307e-005
451.526,2.13084e-005
451.648,4.48048e-005
451.77,7.58828e-005
451.893,4.81023e-005
452.015,8.99686e-005
452.137,4.78346e-005
452.259,2.57046e-005
452.381,2.57435e-005
452.503,8.68876e-005
452.625,1.6412e-005
452.747,4.47032e-005
452.869,4.47954e-005
452.991,6.28844e-005
453.114,0.000171455
453.236,6.02972e-005
453.358,9.03213e-005
453.48,0.000109423
453.602,7.20281e-005
453.724,7.09129e-005
453.846,6.63068e-005
453.968,0.000112606
454.09,2.46726e-005
454.212,5.01413e-005
454.335,2.54605e-005
454.457,6.10754e-005
454.579,1.03265e-005
454.701,4.328e-005
454.823,8.64206e-005
454.945,0.000133434
455.067,2.18338e-005
455.189,4.49672e-005
455.311,0.00013957
455.433,9.57802e-005
455.556,0.000106693
455.678,4.13538e-005
455.8,7.57003e-006
455.922,0.000106572
456.044,5.85129e-005
456.166,4.23502e-005
456.288,3.24435e-005
456.41,5.28498e-005
456.532,4.67736e-005
456.654,0.000110043
456.777,0.000111401
456.899,6.20694e-005
457.021,8.68001e-005
457.143,1.31476e-005
457.265,7.18792e-005
457.387,5.5496e-005
457.509,0.000115289
457.631,0.000123755
457.753,7.34942e-005
457.875,3.98773e-005
457.998,0.000160601
458.12,0.000107865
458.242,5.65309e-005
458.364,0.000102707
458.486,8.4688e-005
458.608,5.68962e-005
458.73,0.000136768
458.852,7.47188e-005
458.974,9.0933e-005
459.096,6.43211e-005
459.219,5.04374e-005
459.341,9.16357e-005
459.463,0.000138714
459.585,8.85776e-005
459.707,8.66722e-005
459.829,4.0674e-005
459.951,4.8675e-005
460.073,6.14307e-005
460.195,7.58563e-005
460.317,0.000113051
460.44,0.000126713
460.562,3.84088e-005
460.684,0.000117037
460.806,4.53027e-005
460.928,9.86163e-006
461.05,7.52713e-005
461.172,4.38831e-005
461.294,8.62102e-005
461.416,8.18964e-005
461.538,9.86017e-005
461.661,2.27473e-005
461.783,4.61248e-005
461.905,2.69253e-005
462.027,6.98063e-005
462.149,0.000107774
462.271,9.02291e-005
462.393,0.000115435
462.515,2.62615e-005
462.637,7.72992e-005
462.759,8.45004e-005
462.882,5.19497e-005
463.004,7.77434e-005
463.126,0.000111747
463.248,0.000107093
463.37,8.30959e-005
463.492,0.000124919
463.614,4.63909e-005
463.736,0.000105604
463.858,9.14701e-005
463.98,9.2046e-006
464.103,2.49104e-005
464.225,9.20787e-005
464.347,5.23759e-005
464.469,0.000121715
464.591,4.09028e-005
464.713,6.19059e-005
464.835,3.46034e-005
464.957,1.13062e-005
465.079,0.00014519
465.201,9.97695e-005
465.324,7.20114e-005
465.446,6.70508e-005
465.568,8.38181e-005
465.69,5.42019e-005
465.812,6.85695e-005
465.934,3.36243e-005
466.056,1.3716e-005
466.178,3.42627e-005
466.3,7.3962e-005
466.422,0.000114174
466.545,0.000114091
466.667,8.73371e-005
466.789,0.000120469
466.911,3.87127e-005
467.033,4.28141e-005
467.155,0.000134262
467.277,9.5518e-005
467.399,7.32077e-005
467.521,3.75249e-005
467.643,0.00010355
467.766,6.414e-005
467.888,0.000113077
468.01,3.21695e-005
468.132,4.4541e-005
468.254,9.82651e-005
468.376,5.74014e-005
468.498,2.70074e-005
468.62,4.09434e-005
468.742,7.79478e-005
468.865,7.96691e-005
468.987,8.22783e-005
469.109,8.80636e-006
469.231,4.12532e-005
469.353,0.000126092
469.475,7.25265e-005
469.597,3.44178e-005
469.719,5.66397e-005
469.841,6.85672e-005
469.963,3.86301e-005
470.085,6.62312e-005
470.208,8.55477e-005
470.33,4.64891e-005
470.452,2.39855e-005
470.574,5.31694e-005
470.696,0.000120038
470.818,7.87614e-005
470.94,2.85482e-005
471.062,5.5212e-005
471.184,9.62572e-005
471.306,2.33038e-005
471.429,0.00011419
471.551,9.93749e-005
471.673,8.76764e-005
471.795,4.72571e-005
471.917,4.41365e-005
472.039,3.68987e-005
472.161,5.56883e-005
472.283,9.17603e-005
472.405,2.80473e-005
472.527,3.8568e-005
472.65,2.52726e-005
472.772,3.304e-005
472.894,3.51955e-005
473.016,2.12362e-005
473.138,7.87637e-005
473.26,7.43387e-005
473.382,1.18525e-005
473.504,1.28564e-005
473.626,6.20002e-005
473.749,0.000156043
473.871,8.53016e-005
473.993,4.92191e-005
474.115,8.09666e-005
474.237,0.000110366
474.359,3.73443e-005
474.481,5.3237e-005
474.603,7.47131e-005
474.725,9.45233e-005
474.847,8.2897e-005
474.97,4.50665e-005
475.092,8.55187e-005
475.214,0.000136997
475.336,5.14707e-005
475.458,0.000113667
475.58,0.000107252
475.702,0.000126841
475.824,3.92763e-005
475.946,4.20196e-005
476.068,4.93177e-005
476.19,6.52634e-005
476.313,6.1767e-005
476.435,8.8434e-005
476.557,4.82206e-005
476.679,7.41156e-005
476.801,9.69689e-005
476.923,9.59611e-005
477.045,1.54529e-005
477.167,9.62914e-005
477.289,9.56675e-005
477.411,0.00012123
477.534,0.00011731
477.656,5.52951e-005
477.778,3.80818e-005
477.9,0.000107158
478.022,5.18961e-005
478.144,3.34686e-005
478.266,4.27781e-005
478.388,6.54724e-005
478.51,0.000106151
478.633,4.49507e-005
478.755,8.62513e-005
478.877,1.75239e-005
478.999,6.51726e-005
479.121,7.44475e-005
479.243,5.39606e-005
479.365,3.64605e-005
479.487,4.31712e-005
479.609,0.00012849
479.731,0.000103346
479.854,2.15847e-005
479.976,5.5803e-005
480.098,1.69078e-005
480.22,3.13175e-005
480.342,0.000124594
480.464,0.000144843
480.586,8.22259e-005
480.708,7.40345e-005
480.83,4.37288e-005
480.952,4.58966e-005
481.074,7.37526e-005
481.197,9.23944e-005
481.319,5.50703e-005
481.441,6.92393e-005
481.563,1.25723e-005
481.685,9.19948e-005
481.807,5.08053e-005
481.929,6.03175e-005
482.051,9.8579e-005
482.173,0.000112278
482.296,1.98766e-005
482.418,5.97922e-005
482.54,2.09267e-005
482.662,5.08484e-005
482.784,6.95245e-005
482.906,8.32513e-005
483.028,2.65232e-005
483.15,5.5262e-005
483.272,5.63851e-005
483.394,0.000106745
483.517,0.000134541
483.639,0.000109516
483.761,5.95295e-005
483.883,8.03976e-005
484.005,4.16485e-005
484.127,3.33551e-005
484.249,0.000103901
484.371,3.75088e-005
484.493,4.68409e-005
484.615,5.9013e-005
484.738,7.33717e-005
484.86,5.09968e-005
484.982,9.79996e-005
485.104,1.68161e-005
485.226,0.000122563
485.348,3.55649e-005
485.47,6.05435e-005
485.592,0.00011993
485.714,6.12992e-005
485.836,6.98339e-005
485.958,3.29014e-005
486.081,0.000108012
486.203,1.67885e-005
486.325,2.64263e-005
486.447,0.000116364
486.569,4.75953e-005
486.691,8.26451e-005
486.813,7.00865e-005
486.935,9.56873e-005
487.057,8.49975e-005
487.18,7.2446e-005
487.302,5.8796e-005
487.424,5.29302e-005
487.546,0.000107009
487.668,6.66839e-005
487.79,2.03328e-005
487.912,0.000159034
488.034,0.00010757
488.156,0.000131673
488.278,5.79477e-005
488.401,3.33021e-005
488.523,0.000113714
488.645,3.23709e-005
488.767,0.000100033
488.889,8.50121e-005
489.011,5.75793e-005
489.133,0.000108454
489.255,6.44646e-005
489.377,6.75464e-005
489.499,5.88454e-005
489.622,7.2561e-005
489.744,4.41695e-005
489.866,5.67292e-005
489.988,4.04439e-005
490.11,8.78589e-005
490.232,8.87611e-005
490.354,5.31881e-005
490.476,7.39662e-005
490.598,4.59819e-005
490.72,4.299e-005
490.843,0.000111256
490.965,1.46253e-005
491.087,8.47846e-005
491.209,6.8567e-005
491.331,5.95726e-005
491.453,9.83977e-005
491.575,3.84892e-005
491.697,8.51314e-005
491.819,0.000152686
491.941,5.79845e-005
492.064,7.05228e-005
492.186,8.25693e-005
492.308,5.19697e-005
492.43,0.000105828
492.552,3.49346e-005
492.674,4.85146e-005
492.796,7.17617e-005
492.918,2.41864e-005
493.04,4.50434e-005
493.162,6.4194e-005
493.285,0.000110492
493.407,6.86529e-005
493.529,1.08201e-005
493.651,6.13525e-005
493.773,2.86728e-005
493.895,3.15465e-005
494.017,4.9734e-005
494.139,9.54e-005
494.261,3.26401e-005
494.383,0.000150896
494.506,1.84978e-005
494.628,0.00010245
494.75,7.96451e-006
494.872,7.77716e-005
494.994,6.82078e-005
495.116,2.61137e-005
495.238,5.42358e-005
495.36,4.80792e-005
495.482,0.000111201
495.604,9.71757e-005
495.727,5.95206e-005
495.849,5.46378e-005
495.971,1.93815e-005
496.093,4.07e-005
496.215,5.43663e-006
496.337,9.95898e-005
496.459,6.8485e-005
496.581,8.02248e-005
496.703,0.000115913
496.825,6.5212e-005
496.948,8.04532e-005
497.07,4.53549e-005
497.192,7.96331e-005
497.314,2.53714e-005
497.436,3.65955e-005
497.558,6.00165e-005
497.68,9.53437e-005
497.802,0.000138641
497.924,9.38178e-005
498.046,5.08743e-005
498.169,4.1286e-005
498.291,3.55831e-005
498.413,0.00011257
498.535,4.47681e-005
498.657,0.000135341
498.779,9.81569e-005
498.901,3.33843e-005
499.023,4.51278e-005
499.145,7.07521e-005
499.267,3.51791e-005
499.39,4.23683e-005
499.512,1.62327e-005
499.634,0.000121433
499.756,3.16563e-005
499.878,2.32881e-005
500,7.57999e-005
