286.712,2.1178,287.358,1.9608,287.278,1.76048,287.218,1.57372,287.24,1.319,287.379,0.959137,287.57,0.539597,287.709,0.130997,287.739,-0.174095,287.631,-0.337547,287.444,-0.44178,287.296,-0.619545,287.253,-0.909218,287.263,-1.26692,287.269,-1.64881,287.258,-1.97658
282.18,-4.13087,283.049,-4.46579,283.067,-4.78164,283.046,-5.05469,283.114,-5.33365,283.178,-5.59643,283.1,-5.90384,282.951,-6.34859,282.904,-6.76304,283.027,-6.99362,283.228,-7.11707,283.367,-7.22267,283.353,-7.3722,283.216,-7.66307,283.116,-8.07931,283.16,-8.45836
279.021,-18.3377,279.799,-18.7186,279.78,-19.0649,279.726,-19.375,279.659,-19.716,279.613,-20.1432,279.584,-20.5705,279.495,-20.8464,279.417,-20.9896,279.515,-21.1306,279.713,-21.3705,279.866,-21.655,279.931,-21.9072,279.905,-22.1439,279.812,-22.4006,279.726,-22.6291
278.696,5.69911,279.4,5.43862,279.444,5.08503,279.521,4.73026,279.568,4.42412,279.644,4.17429,279.795,3.91431,279.906,3.63783,279.889,3.39735,279.847,3.185,279.907,2.96386,280.082,2.72977,280.229,2.46577,280.224,2.1535,280.168,1.83504,280.208,1.59509
278.715,-15.6017,279.459,-15.9274,279.466,-16.0709,279.477,-16.1278,279.508,-16.2633,279.515,-16.5298,279.534,-16.8934,279.621,-17.288,279.742,-17.6192,279.881,-17.925,280.011,-18.2653,280.018,-18.5751,279.88,-18.7536,279.766,-18.8658,279.823,-19.0699,280.012,-19.3547
278.78,-4.41321,279.59,-4.84489,279.696,-5.30543,279.788,-5.76709,279.932,-6.08601,280.069,-6.18507,280.068,-6.22636,279.954,-6.33856,279.926,-6.55287,280.007,-6.91109,280.057,-7.3647,280.057,-7.69534,280.114,-7.87922,280.233,-8.11382,280.38,-8.46475,280.453,-8.7959
279.15,-8.58176,279.919,-8.94827,279.901,-9.27134,279.884,-9.57855,279.933,-9.8403,280.072,-10.0921,280.205,-10.3796,280.314,-10.6676,280.429,-10.9115,280.482,-11.1788,280.432,-11.469,280.371,-11.7489,280.416,-12.0169,280.494,-12.2202,280.536,-12.3617,280.606,-12.5401
278.597,-13.3327,279.303,-13.6336,279.404,-13.9401,279.494,-14.1972,279.488,-14.3971,279.411,-14.6114,279.32,-14.8395,279.272,-15.0981,279.338,-15.3832,279.48,-15.6543,279.562,-15.9511,279.565,-16.2777,279.592,-16.5433,279.698,-16.7834,279.806,-17.0512,279.823,-17.3003
277.438,1.86463,278.241,1.54569,278.319,1.23748,278.358,1.00499,278.435,0.796432,278.527,0.516998,278.57,0.219604,278.609,-0.02034,278.651,-0.241371,278.653,-0.532906,278.68,-0.84198,278.758,-1.08875,278.804,-1.33867,278.784,-1.59589,278.746,-1.79151,278.683,-2.02795
275.81,-6.09499,276.692,-6.2422,276.819,-6.4837,276.841,-6.82099,276.832,-7.22203,276.86,-7.66153,276.89,-8.07464,276.88,-8.40986,276.833,-8.69608,276.815,-8.93966,276.835,-9.14439,276.872,-9.33649,276.923,-9.4893,276.98,-9.62441,277.031,-9.88744,277.056,-10.2387
274.702,-3.13663,275.372,-3.39378,275.392,-3.77018,275.46,-4.14662,275.49,-4.4368,275.505,-4.67937,275.571,-4.9847,275.642,-5.36024,275.676,-5.70477,275.786,-5.94832,275.987,-6.10775,276.09,-6.25439,276.003,-6.48288,275.852,-6.78761,275.782,-7.09136,275.825,-7.33475
273.548,-3.89341,274.253,-4.18464,274.199,-4.4587,274.147,-4.71384,274.218,-4.98134,274.445,-5.28345,274.674,-5.60267,274.779,-5.89462,274.82,-6.14419,274.836,-6.38895,274.801,-6.66748,274.732,-6.94267,274.68,-7.15435,274.709,-7.35759,274.794,-7.63976,274.824,-7.96593
273.113,-8.02058,273.784,-8.28736,273.743,-8.49445,273.782,-8.79368,273.9,-9.17235,273.975,-9.44855,273.862,-9.55984,273.675,-9.66406,273.656,-9.83653,273.784,-10.0877,273.879,-10.4659,273.911,-10.8833,273.964,-11.1867,274.081,-11.3788,274.17,-11.5976,274.141,-11.8893
272.429,-3.62253,273.153,-3.9108,273.121,-4.2319,273.16,-4.52585,273.327,-4.77105,273.435,-5.0568,273.388,-5.43523,273.31,-5.79137,273.293,-6.00859,273.338,-6.16412,273.461,-6.36399,273.631,-6.57444,273.732,-6.76018,273.699,-6.97944,273.641,-7.28078,273.711,-7.61285
271.601,-6.80936,272.549,-7.17278,272.63,-7.48753,272.607,-7.72549,272.595,-7.9483,272.604,-8.20107,272.651,-8.46591,272.75,-8.7066,272.821,-9.01538,272.838,-9.39269,272.872,-9.66831,272.925,-9.8,272.922,-9.97569,272.904,-10.232,272.955,-10.4463,273.004,-10.6667
271.206,-4.5083,271.942,-4.73267,271.999,-5.03949,272.04,-5.4173,271.963,-5.79054,271.825,-6.12796,271.83,-6.44403,271.999,-6.74232,272.19,-6.96472,272.355,-7.11863,272.498,-7.30715,272.54,-7.57165,272.48,-7.84537,272.388,-8.01513,272.348,-8.09837,272.463,-8.25007
270.262,-2.39456,270.921,-2.63828,270.944,-2.94921,271.048,-3.30791,271.221,-3.62237,271.373,-3.87397,271.397,-4.12035,271.326,-4.37099,271.264,-4.63287,271.264,-4.99426,271.327,-5.33962,271.404,-5.50996,271.431,-5.6601,271.432,-5.92928,271.463,-6.18034,271.507,-6.32315
269.639,-6.90042,270.37,-7.15736,270.377,-7.45978,270.434,-7.85664,270.581,-8.2563,270.719,-8.57797,270.751,-8.83865,270.685,-9.03565,270.627,-9.23206,270.61,-9.50856,270.59,-9.79124,270.541,-9.98616,270.515,-10.1868,270.585,-10.4987,270.729,-10.7816,270.837,-10.9032
268.751,-9.20481,269.491,-9.45282,269.499,-9.69069,269.482,-10.0054,269.504,-10.3554,269.551,-10.6255,269.59,-10.8347,269.633,-11.0601,269.701,-11.3242,269.813,-11.6155,269.958,-11.9239,270.058,-12.205,270.029,-12.4044,269.871,-12.5784,269.738,-12.8472,269.725,-13.1961
267.712,-6.21276,268.483,-6.29646,268.502,-6.5192,268.4,-6.91087,268.396,-7.43832,268.604,-7.9691,268.836,-8.2843,268.897,-8.3996,268.849,-8.54052,268.804,-8.78235,268.809,-9.06769,268.882,-9.4423,268.972,-9.88906,269.007,-10.169,269.026,-10.1946,269.068,-10.1719
267.323,-4.55531,268.176,-4.95595,268.256,-5.28124,268.24,-5.53445,268.305,-5.77614,268.432,-6.0049,268.422,-6.20135,268.256,-6.40973,268.107,-6.67224,268.1,-6.96525,268.229,-7.2493,268.365,-7.53061,268.455,-7.76749,268.502,-7.94759,268.504,-8.15435,268.491,-8.45757
266.308,-10.062,267.22,-10.3637,267.338,-10.6015,267.295,-10.9219,267.24,-11.358,267.278,-11.742,267.378,-11.9923,267.487,-12.1594,267.507,-12.2921,267.45,-12.4134,267.4,-12.5882,267.411,-12.876,267.454,-13.1989,267.447,-13.4792,267.361,-13.7099,267.314,-13.9092
265.818,-0.920128,266.455,-1.31922,266.511,-1.74462,266.664,-2.1701,266.824,-2.49535,266.882,-2.65813,266.864,-2.74274,266.862,-2.84859,266.932,-3.04498,267.029,-3.36823,267.104,-3.70592,267.106,-3.94127,267.077,-4.12794,267.112,-4.34644,267.231,-4.58105,267.326,-4.80027
265.349,-8.83644,266.063,-9.23421,266.071,-9.52299,266.001,-9.74508,265.898,-9.98837,265.895,-10.2563,265.991,-10.5466,266.087,-10.8475,266.145,-11.1152,266.141,-11.312,266.103,-11.4716,266.13,-11.6217,266.241,-11.788,266.34,-11.9927,266.384,-12.2202,266.38,-12.417
264.446,-2.38941,265.191,-2.77653,265.23,-3.01649,265.222,-3.16855,265.18,-3.38092,265.218,-3.6907,265.339,-4.0197,265.412,-4.29156,265.448,-4.47623,265.545,-4.60979,265.662,-4.76584,265.753,-4.94561,265.832,-5.12778,265.908,-5.37544,265.948,-5.70232,265.904,-6.07983
263.82,-4.02448,264.516,-4.38829,264.459,-4.67908,264.382,-4.92194,264.37,-5.18077,264.384,-5.42861,264.372,-5.60796,264.397,-5.81831,264.535,-6.12943,264.714,-6.46443,264.803,-6.79135,264.816,-7.11649,264.863,-7.36114,264.975,-7.48829,265.038,-7.59522,264.979,-7.7789
262.867,-7.86111,263.672,-8.17168,263.571,-8.53481,263.367,-8.9028,263.336,-9.20808,263.544,-9.47188,263.707,-9.76236,263.64,-10.0779,263.525,-10.3416,263.56,-10.5399,263.737,-10.7837,263.926,-11.0992,264.011,-11.3401,263.986,-11.4454,263.928,-11.5444,263.875,-11.7359
261.786,-0.691338,262.527,-1.021,262.63,-1.41881,262.737,-1.76603,262.802,-2.05956,262.807,-2.36509,262.799,-2.63262,262.815,-2.84883,262.912,-3.01841,263.029,-3.13626,263.073,-3.27161,263.069,-3.48331,263.132,-3.71101,263.298,-3.96149,263.475,-4.30269,263.478,-4.70659
261.389,-4.25623,262.055,-4.49411,262.029,-4.72553,262.045,-4.99574,262.139,-5.26153,262.26,-5.58525,262.345,-6.02637,262.406,-6.43941,262.447,-6.68371,262.437,-6.84942,262.411,-7.07338,262.44,-7.36356,262.508,-7.64034,262.556,-7.89462,262.587,-8.12022,262.602,-8.30877
260.057,-6.76987,260.863,-7.02859,260.99,-7.31137,261.017,-7.58226,261.04,-7.85192,261.149,-8.19076,261.27,-8.53249,261.303,-8.83139,261.292,-9.12314,261.296,-9.41157,261.292,-9.65929,261.297,-9.89806,261.378,-10.1386,261.507,-10.3357,261.611,-10.4973,261.6,-10.6661
259.736,-4.97906,260.37,-5.25086,260.404,-5.49046,260.535,-5.8127,260.749,-6.14577,260.903,-6.41975,260.899,-6.624,260.787,-6.87095,260.702,-7.24786,260.7,-7.60268,260.703,-7.79892,260.625,-7.93683,260.552,-8.15984,260.616,-8.45862,260.782,-8.73984,260.911,-8.95497
259.146,-2.14697,259.722,-2.34821,259.672,-2.70301,259.757,-3.09539,259.99,-3.33858,260.156,-3.48938,260.09,-3.75312,259.957,-4.15234,259.975,-4.51696,260.127,-4.76855,260.291,-4.94576,260.436,-5.05916,260.584,-5.16639,260.66,-5.35475,260.588,-5.62339,260.451,-5.89407
258.629,-5.11063,259.238,-5.4316,259.326,-5.75633,259.487,-6.04249,259.548,-6.29653,259.522,-6.49194,259.525,-6.6627,259.536,-6.89656,259.553,-7.16366,259.65,-7.418,259.838,-7.68786,260.012,-7.92504,260.042,-8.06371,259.939,-8.22751,259.897,-8.48117,260.012,-8.74308
257.803,-4.24234,258.497,-4.54561,258.491,-4.81223,258.404,-5.02583,258.355,-5.23349,258.424,-5.4839,258.575,-5.72587,258.74,-5.9127,258.819,-6.08214,258.793,-6.31355,258.78,-6.6655,258.797,-7.07355,258.803,-7.40982,258.832,-7.61306,258.883,-7.69911,258.893,-7.75909
256.941,-5.2865,257.744,-5.86714,257.928,-6.32853,257.973,-6.53281,257.95,-6.61927,257.938,-6.86537,257.934,-7.24132,257.964,-7.48273,258.038,-7.59035,258.135,-7.78012,258.187,-8.08659,258.193,-8.40701,258.194,-8.6942,258.197,-8.96989,258.209,-9.21866,258.264,-9.34415
255.982,-7.26411,256.73,-7.62177,256.748,-7.92709,256.78,-8.24178,256.838,-8.64081,256.871,-9.06792,256.928,-9.30054,257.036,-9.30131,257.087,-9.32063,257.008,-9.58239,256.973,-10.0199,257.126,-10.4379,257.374,-10.7159,257.554,-10.8634,257.558,-11.0206,257.34,-11.3198
255.658,-3.39204,256.26,-3.64684,256.317,-3.95895,256.323,-4.23063,256.232,-4.43551,256.182,-4.73102,256.238,-5.10239,256.327,-5.35729,256.397,-5.45619,256.434,-5.53284,256.39,-5.67719,256.354,-5.96409,256.498,-6.34449,256.735,-6.67059,256.827,-6.90128,256.791,-7.10872
254.592,-11.2849,255.304,-11.4728,255.304,-11.5883,255.195,-11.8545,255.119,-12.2839,255.142,-12.7336,255.182,-13.0372,255.245,-13.2491,255.364,-13.4837,255.512,-13.7064,255.66,-13.8931,255.763,-14.0599,255.772,-14.1845,255.757,-14.3213,255.831,-14.5931,255.927,-14.9089
253.976,-0.298279,254.636,-0.764587,254.69,-1.16763,254.754,-1.38168,254.795,-1.47231,254.815,-1.6252,254.801,-1.90823,254.807,-2.2774,254.939,-2.64001,255.158,-2.93525,255.328,-3.15097,255.359,-3.33311,255.309,-3.53859,255.284,-3.74145,255.293,-3.99422,255.286,-4.34343
253.492,-3.52261,254.259,-3.85402,254.351,-4.21295,254.297,-4.5792,254.144,-4.96432,254.097,-5.26855,254.232,-5.41199,254.431,-5.54906,254.52,-5.81669,254.453,-6.17043,254.354,-6.54539,254.356,-6.86021,254.459,-7.06829,254.599,-7.25557,254.669,-7.46468,254.602,-7.61075
252.885,-3.42644,253.534,-3.72038,253.456,-4.07869,253.371,-4.43232,253.388,-4.77673,253.479,-5.15892,253.562,-5.56278,253.618,-5.86214,253.659,-6.01954,253.713,-6.14284,253.777,-6.30598,253.831,-6.50349,253.85,-6.79824,253.853,-7.15869,253.937,-7.43871,254.094,-7.59318
251.843,-0.735199,252.516,-0.96814,252.66,-1.36127,252.752,-1.75619,252.812,-2.03354,252.957,-2.20625,253.142,-2.40282,253.246,-2.70532,253.256,-3.05994,253.246,-3.38986,253.27,-3.72099,253.28,-4.02467,253.268,-4.20402,253.306,-4.30085,253.393,-4.47191,253.389,-4.76617
251.712,-5.62202,252.336,-5.84437,252.333,-6.08681,252.382,-6.32001,252.515,-6.52058,252.642,-6.7366,252.673,-7.01096,252.605,-7.33179,252.517,-7.64069,252.433,-7.90646,252.388,-8.17159,252.464,-8.43725,252.632,-8.65388,252.712,-8.86152,252.621,-9.14587,252.527,-9.47243
250.929,-3.32503,251.55,-3.69234,251.586,-4.04124,251.704,-4.30968,251.813,-4.5256,251.833,-4.82253,251.845,-5.19951,251.923,-5.53845,252,-5.73955,252.021,-5.84588,251.963,-5.98827,251.836,-6.2702,251.743,-6.59892,251.781,-6.81651,251.859,-6.93504,251.888,-7.08953
250.094,-5.94556,250.744,-6.26712,250.846,-6.39883,250.983,-6.45663,251.065,-6.64536,251.087,-7.03883,251.138,-7.48936,251.223,-7.84048,251.249,-8.10918,251.229,-8.40243,251.267,-8.78114,251.37,-9.17147,251.481,-9.41721,251.498,-9.46917,251.354,-9.49889,251.214,-9.64753
249.229,-7.26816,249.878,-7.58009,249.878,-7.8598,249.941,-8.12041,250.064,-8.38921,250.117,-8.66712,250.09,-8.93236,250.03,-9.19334,249.986,-9.40662,250.045,-9.55887,250.152,-9.75241,250.191,-10.0389,250.232,-10.3447,250.34,-10.5659,250.428,-10.7189,250.482,-10.8475
248.795,-4.85536,249.39,-5.14363,249.29,-5.44746,249.21,-5.80672,249.225,-6.22843,249.318,-6.62025,249.434,-6.90762,249.568,-7.14108,249.687,-7.3577,249.758,-7.52025,249.774,-7.6368,249.774,-7.78519,249.779,-8.02178,249.788,-8.26927,249.786,-8.42915,249.807,-8.62023
248.182,1.27792,248.869,0.98465,248.879,0.783714,248.89,0.562599,248.945,0.334335,249.007,0.15538,249.01,-0.051384,248.946,-0.321648,248.897,-0.557877,248.935,-0.752174,248.998,-1.01277,249.014,-1.38047,249.02,-1.7422,249.137,-1.99046,249.382,-2.11573,249.604,-2.20454
247.246,-8.80421,247.899,-9.18105,247.903,-9.51296,247.943,-9.77308,248.076,-10.0171,248.184,-10.2976,248.218,-10.5881,248.237,-10.8881,248.23,-11.2321,248.256,-11.5877,248.371,-11.8242,248.47,-11.9186,248.432,-11.9702,248.337,-12.1027,248.347,-12.3216,248.484,-12.5744
246.78,0.19413,247.204,-0.03302,247.087,-0.320915,247.212,-0.693726,247.472,-1.06158,247.66,-1.30598,247.706,-1.4659,247.712,-1.64539,247.703,-1.9033,247.678,-2.22381,247.715,-2.58545,247.812,-2.9267,247.847,-3.2225,247.788,-3.46764,247.717,-3.57953,247.689,-3.56816
245.656,-6.01534,246.359,-6.46333,246.458,-6.86296,246.44,-7.24748,246.331,-7.60899,246.285,-7.88467,246.398,-8.11147,246.548,-8.35873,246.586,-8.58376,246.532,-8.75289,246.524,-8.94314,246.614,-9.19275,246.717,-9.43159,246.737,-9.6385,246.66,-9.82733,246.57,-10.0217
245.113,-6.34087,245.751,-6.70087,245.759,-6.95673,245.75,-7.25283,245.773,-7.63053,245.801,-7.91634,245.824,-8.05774,245.869,-8.16454,245.9,-8.2874,245.879,-8.48096,245.876,-8.7616,245.92,-9.09719,245.939,-9.43014,245.952,-9.72236,246.037,-9.90707,246.162,-9.98525
244.481,-1.93885,245.1,-2.01991,245.131,-2.0993,245.136,-2.34335,245.186,-2.75041,245.319,-3.16393,245.44,-3.48765,245.481,-3.71394,245.491,-3.90215,245.525,-4.08028,245.552,-4.26115,245.604,-4.47015,245.718,-4.74261,245.804,-5.06827,245.798,-5.37836,245.746,-5.62605
243.686,-4.92754,244.282,-5.23072,244.401,-5.59354,244.508,-5.88985,244.569,-6.16938,244.633,-6.49364,244.729,-6.7818,244.835,-7.00917,244.907,-7.22483,244.92,-7.46304,244.909,-7.68058,244.926,-7.84277,244.965,-8.03925,244.951,-8.31699,244.93,-8.59751,245.042,-8.85814
243.303,-3.7982,244.036,-4.03404,244.183,-4.12854,244.23,-4.23442,244.226,-4.44395,244.246,-4.72286,244.296,-5.08119,244.319,-5.47159,244.26,-5.75057,244.193,-5.92208,244.241,-6.08416,244.397,-6.2852,244.497,-6.52807,244.42,-6.74763,244.296,-6.94078,244.286,-7.13722
242.648,-5.41226,243.197,-5.71757,243.256,-6.15698,243.385,-6.58727,243.492,-6.89629,243.571,-7.08374,243.631,-7.22013,243.675,-7.41169,243.703,-7.65932,243.703,-7.87447,243.696,-8.09545,243.723,-8.4151,243.738,-8.73932,243.702,-8.97005,243.664,-9.16566,243.637,-9.42562
241.775,-4.87147,242.442,-5.17298,242.462,-5.5494,242.372,-5.84866,242.267,-6.06212,242.282,-6.26341,242.416,-6.47143,242.557,-6.70959,242.612,-6.9506,242.662,-7.1838,242.774,-7.42641,242.844,-7.62498,242.802,-7.71969,242.703,-7.78947,242.619,-8.00432,242.641,-8.3438
241.145,-7.36987,241.722,-7.48106,241.715,-7.54311,241.677,-7.77692,241.659,-8.18472,241.665,-8.51572,241.684,-8.73843,241.769,-9.00788,241.901,-9.28048,241.989,-9.3795,242.014,-9.36633,242.049,-9.46716,242.166,-9.77688,242.291,-10.1401,242.303,-10.463,242.231,-10.7497
239.899,-1.23305,240.64,-1.66547,240.862,-1.87722,240.956,-1.94805,240.971,-2.03167,241.03,-2.1839,241.146,-2.43524,241.266,-2.69004,241.326,-2.86464,241.341,-3.07648,241.334,-3.45114,241.304,-3.81789,241.295,-4.00596,241.406,-4.098,241.558,-4.28815,241.595,-4.55447
239.872,-3.3166,240.462,-3.61508,240.441,-3.83413,240.436,-4.0722,240.494,-4.41194,240.559,-4.77438,240.567,-5.0197,240.551,-5.16488,240.59,-5.30516,240.671,-5.48643,240.689,-5.69952,240.641,-5.9581,240.629,-6.19675,240.67,-6.35631,240.737,-6.48466,240.758,-6.68104
239.059,-9.44382,239.807,-9.53977,239.84,-9.685,239.741,-9.98047,239.636,-10.3889,239.634,-10.7437,239.686,-10.9909,239.734,-11.2272,239.789,-11.5402,239.901,-11.893,240.028,-12.1706,240.101,-12.3142,240.096,-12.3626,240.07,-12.4298,240.073,-12.6313,240.081,-12.9073
238.405,-0.0992584,239.139,-0.559883,239.257,-0.954369,239.244,-1.1983,239.183,-1.37761,239.201,-1.59071,239.281,-1.8058,239.353,-2.03201,239.391,-2.3185,239.502,-2.62572,239.673,-2.87963,239.778,-3.06138,239.811,-3.18858,239.891,-3.3189,240.007,-3.46751,240.009,-3.66682
238.133,-6.4169,238.725,-6.5375,238.778,-6.7794,238.851,-7.13073,238.892,-7.42906,238.883,-7.65841,238.883,-7.91267,238.936,-8.18748,238.993,-8.41265,239,-8.49683,238.934,-8.5476,238.853,-8.76372,238.836,-9.08367,238.884,-9.32525,238.923,-9.51115,238.907,-9.71563
237.532,-3.3435,238.152,-3.50622,238.161,-3.7357,238.119,-4.03809,238.05,-4.35676,238.041,-4.6094,238.109,-4.85236,238.176,-5.14495,238.17,-5.44759,238.178,-5.69292,238.309,-5.9304,238.51,-6.19696,238.605,-6.41618,238.535,-6.54298,238.452,-6.66782,238.376,-6.86101
236.482,-13.1786,237.027,-13.4212,236.971,-13.7015,236.948,-13.9956,237.003,-14.2599,237.096,-14.567,237.181,-14.9954,237.23,-15.4288,237.176,-15.6488,237.008,-15.7066,236.87,-15.7876,236.836,-15.9687,236.839,-16.1956,236.845,-16.4291,236.904,-16.6556,237.063,-16.825
235.516,-0.815811,236.151,-1.10779,236.196,-1.45829,236.196,-1.76875,236.226,-2.00491,236.332,-2.21645,236.456,-2.45451,236.516,-2.72131,236.51,-2.92648,236.47,-3.07428,236.454,-3.25019,236.487,-3.43359,236.55,-3.59981,236.623,-3.84092,236.775,-4.21548,236.963,-4.60829
235.063,-9.37424,235.765,-9.60491,235.883,-9.78333,235.967,-10.0919,236.002,-10.4799,235.942,-10.8436,235.86,-11.1678,235.877,-11.4274,235.947,-11.6133,236.01,-11.7997,236.122,-12.0116,236.24,-12.2493,236.22,-12.4705,236.097,-12.6531,236.018,-12.8143,236.032,-12.9572
234.704,2.57976,235.345,2.2747,235.265,2.08713,235.167,1.96117,235.162,1.82056,235.259,1.63827,235.348,1.38337,235.331,1.10161,235.298,0.854713,235.405,0.673912,235.601,0.530632,235.699,0.3769,235.669,0.17437,235.637,-0.0417862,235.658,-0.227577,235.688,-0.451012
234.252,-10.1664,234.879,-10.4334,234.799,-10.7058,234.671,-10.9569,234.631,-11.1355,234.742,-11.2837,234.919,-11.5094,235.005,-11.8118,234.922,-12.0798,234.765,-12.2972,234.739,-12.5106,234.832,-12.7488,234.926,-12.9966,235.019,-13.2316,235.118,-13.3875,235.175,-13.4739
233.033,2.13149,233.727,1.88444,233.881,1.68775,233.982,1.54547,234.015,1.36954,234.051,1.13084,234.103,0.885857,234.165,0.701622,234.252,0.556015,234.35,0.36409,234.348,0.057991,234.224,-0.312111,234.14,-0.647736,234.178,-0.908783,234.285,-1.07378,234.382,-1.11514
232.511,-9.47197,232.883,-9.77203,232.884,-10.0794,233.008,-10.3196,233.067,-10.5206,233.016,-10.7217,232.968,-10.957,233.043,-11.2618,233.209,-11.651,233.325,-12.0253,233.34,-12.2881,233.349,-12.4253,233.415,-12.4953,233.461,-12.5758,233.443,-12.7324,233.397,-12.9593
231.741,-2.82503,232.306,-2.90572,232.29,-3.05089,232.245,-3.35201,232.252,-3.74883,232.324,-4.03433,232.365,-4.16315,232.393,-4.36949,232.496,-4.73655,232.659,-5.11179,232.774,-5.40443,232.766,-5.59996,232.631,-5.73621,232.447,-5.88301,232.365,-6.04821,232.45,-6.17145
231.253,-0.442589,231.703,-0.781677,231.73,-1.0886,231.834,-1.2936,231.864,-1.50648,231.859,-1.8113,231.859,-2.17049,231.847,-2.49608,231.888,-2.74038,232.028,-2.90437,232.183,-2.99828,232.285,-3.06853,232.32,-3.18956,232.284,-3.35353,232.215,-3.48251,232.187,-3.53261
230.417,-4.98944,231.073,-5.19588,231.087,-5.52847,231.194,-5.79404,231.358,-5.8483,231.43,-5.86897,231.392,-6.03388,231.312,-6.27017,231.248,-6.45352,231.235,-6.61796,231.201,-6.86794,231.116,-7.20139,231.097,-7.52972,231.227,-7.82122,231.402,-8.07112,231.535,-8.2484
229.735,-3.16536,230.312,-3.48208,230.392,-3.74062,230.556,-4.03329,230.751,-4.38735,230.838,-4.68444,230.785,-4.85264,230.721,-5.00525,230.744,-5.24197,230.807,-5.52058,230.86,-5.73177,230.904,-5.82584,230.98,-5.91982,231.058,-6.12526,231.07,-6.39731,231.012,-6.66046
229.387,-5.14514,230.034,-5.36051,230.134,-5.52389,230.227,-5.72076,230.396,-5.96504,230.647,-6.2571,230.788,-6.54401,230.706,-6.71977,230.587,-6.88253,230.559,-7.13288,230.525,-7.38813,230.427,-7.5883,230.345,-7.78952,230.404,-7.99265,230.564,-8.0922,230.629,-8.11128
228.78,-5.47488,229.273,-5.72673,229.334,-6.09847,229.514,-6.48966,229.649,-6.79208,229.649,-6.94574,229.517,-7.00907,229.402,-7.14453,229.442,-7.38667,229.556,-7.60822,229.638,-7.79165,229.729,-8.03289,229.792,-8.34751,229.8,-8.64685,229.838,-8.83059,229.898,-8.92881
228.304,-2.02302,228.974,-2.28234,229.036,-2.4591,229.005,-2.65416,228.929,-2.88862,228.894,-3.11098,228.947,-3.31687,229.071,-3.50837,229.207,-3.672,229.287,-3.78433,229.309,-3.89595,229.281,-4.123,229.262,-4.4566,229.333,-4.76011,229.436,-5.02224,229.411,-5.26855
227.336,-9.22299,228.05,-9.4078,228.076,-9.6045,228.022,-9.83509,227.976,-10.0058,227.938,-10.1369,227.896,-10.3418,227.957,-10.6341,228.14,-10.8676,228.319,-10.9641,228.432,-11.0733,228.525,-11.2956,228.573,-11.5499,228.513,-11.7981,228.423,-12.0592,228.419,-12.2867
226.878,0.991318,227.543,0.829826,227.587,0.61718,227.617,0.38102,227.612,0.130219,227.544,-0.141876,227.428,-0.434135,227.385,-0.747078,227.478,-1.09016,227.639,-1.44833,227.79,-1.75922,227.915,-1.99635,227.987,-2.22038,227.933,-2.48389,227.771,-2.72118,227.665,-2.84025
225.767,-5.45106,226.41,-5.71173,226.533,-6.01872,226.612,-6.27292,226.676,-6.52825,226.734,-6.83723,226.75,-7.18693,226.759,-7.4779,226.821,-7.64939,226.931,-7.81874,227.051,-8.08627,227.116,-8.36925,227.091,-8.60809,227.017,-8.82366,227.004,-9.04959,227.084,-9.28796
225.44,1.77702,226.083,1.44214,226.098,1.20483,226.126,0.985779,226.251,0.694611,226.426,0.444717,226.542,0.319389,226.502,0.220345,226.342,0.0327225,226.215,-0.220642,226.267,-0.440178,226.442,-0.59478,226.583,-0.766228,226.626,-0.984154,226.638,-1.17145,226.62,-1.25081
224.743,-6.848,225.387,-7.09811,225.423,-7.36753,225.477,-7.64236,225.491,-7.93148,225.434,-8.21173,225.434,-8.41942,225.595,-8.61862,225.824,-8.9071,225.935,-9.16028,225.867,-9.31472,225.771,-9.53725,225.771,-9.8859,225.838,-10.1987,225.882,-10.3753,225.84,-10.4775
224.282,0.639023,225.009,0.446976,225.066,0.34259,225.028,0.206245,225.031,-0.00798798,225.143,-0.243172,225.275,-0.472282,225.323,-0.667267,225.251,-0.885025,225.169,-1.19643,225.181,-1.57868,225.204,-1.94581,225.131,-2.26102,225.037,-2.47518,225.013,-2.55418,225.034,-2.56612
223.396,-6.37556,224.081,-6.41335,224.213,-6.53751,224.205,-6.78706,224.109,-7.04778,224.114,-7.32255,224.244,-7.61935,224.335,-7.8966,224.403,-8.15537,224.538,-8.4165,224.617,-8.64212,224.462,-8.80992,224.256,-8.92986,224.281,-8.9707,224.501,-8.98839,224.66,-9.18324
222.935,2.07571,223.344,1.92472,223.299,1.55685,223.337,1.10611,223.471,0.793167,223.656,0.645325,223.799,0.458969,223.867,0.187469,223.899,-0.0552292,223.936,-0.252632,223.966,-0.46331,224.003,-0.698914,224.015,-0.940224,223.954,-1.16828,223.903,-1.38212,223.948,-1.58643
222.661,-8.1921,223.206,-8.50454,223.138,-8.69189,223.074,-8.83175,223.046,-8.96662,223.129,-9.12149,223.301,-9.39032,223.445,-9.74525,223.494,-10.0505,223.432,-10.3378,223.35,-10.6365,223.396,-10.8632,223.561,-10.9916,223.647,-11.1298,223.523,-11.3282,223.272,-11.5437
221.715,-2.86549,222.349,-3.01746,222.347,-3.35429,222.299,-3.77181,222.309,-4.1317,222.456,-4.31093,222.644,-4.34237,222.726,-4.43362,222.734,-4.64292,222.799,-4.85696,222.893,-5.04016,222.956,-5.24986,222.997,-5.56837,223.045,-5.96143,223.127,-6.28053,223.228,-6.4641
221.204,-6.10394,221.856,-6.51463,221.924,-6.80941,221.923,-6.9609,221.914,-7.11607,221.901,-7.37054,221.902,-7.67262,221.977,-7.9181,222.12,-8.09388,222.234,-8.28687,222.298,-8.51675,222.355,-8.72607,222.355,-8.86175,222.264,-8.95642,222.196,-9.08538,222.221,-9.27992
220.699,-0.830742,221.271,-0.923599,221.231,-0.968628,221.238,-1.12483,221.285,-1.43842,221.358,-1.81304,221.489,-2.16817,221.627,-2.45384,221.648,-2.64491,221.652,-2.76912,221.759,-2.94467,221.857,-3.21391,221.843,-3.43018,221.759,-3.50627,221.672,-3.58636,221.667,-3.82445
219.941,-2.92652,220.571,-3.22343,220.722,-3.5396,220.961,-3.81605,221.16,-4.02205,221.208,-4.23287,221.17,-4.50268,221.159,-4.75098,221.215,-4.9454,221.299,-5.1332,221.298,-5.33344,221.186,-5.52947,221.091,-5.72344,221.098,-5.9253,221.164,-6.17971,221.202,-6.48422
219.314,-5.16448,219.849,-5.4784,219.867,-5.8017,219.948,-6.08572,220.049,-6.28948,220.115,-6.4846,220.062,-6.74283,220.002,-6.94016,220.093,-7.04263,220.253,-7.22166,220.331,-7.53513,220.339,-7.83447,220.32,-7.98583,220.281,-8.04362,220.284,-8.13181,220.415,-8.25908
218.56,-6.18176,219.338,-6.35711,219.401,-6.54877,219.324,-6.82236,219.273,-7.22589,219.349,-7.67068,219.48,-7.98765,219.539,-8.12715,219.547,-8.11603,219.576,-8.07029,219.592,-8.19427,219.583,-8.56767,219.619,-8.99605,219.694,-9.29027,219.729,-9.52676,219.724,-9.74685
217.998,-0.127068,218.659,-0.400604,218.782,-0.541176,218.893,-0.609955,218.963,-0.721596,218.979,-0.937775,218.997,-1.16888,219.041,-1.39645,219.133,-1.7119,219.263,-2.06487,219.366,-2.29626,219.351,-2.3716,219.204,-2.41278,219.079,-2.5963,219.106,-2.9054,219.173,-3.10798
217.596,-4.78629,218.252,-5.05419,218.228,-5.31325,218.125,-5.5258,218.127,-5.73258,218.295,-5.9725,218.447,-6.21356,218.448,-6.38525,218.39,-6.49908,218.39,-6.68131,218.468,-7.01281,218.585,-7.35854,218.7,-7.56644,218.8,-7.69382,218.871,-7.88183,218.897,-8.11453
216.998,-2.39344,217.716,-2.52549,217.845,-2.60184,217.888,-2.78376,217.825,-3.10278,217.692,-3.41508,217.603,-3.58829,217.612,-3.68213,217.671,-3.90327,217.778,-4.34052,217.966,-4.76934,218.172,-5.01606,218.333,-5.12306,218.392,-5.20855,218.339,-5.34602,218.207,-5.53228
216.65,-6.69166,217.193,-6.96901,217.128,-7.17562,217.11,-7.37573,217.155,-7.50272,217.221,-7.56217,217.281,-7.69859,217.354,-7.94497,217.426,-8.20191,217.51,-8.41299,217.581,-8.59574,217.563,-8.78312,217.468,-9.00256,217.412,-9.21297,217.389,-9.38944,217.343,-9.58564
215.683,0.382614,216.39,0.115578,216.542,-0.128563,216.651,-0.359398,216.756,-0.541115,216.856,-0.686485,216.846,-0.864937,216.676,-1.10061,216.45,-1.33898,216.383,-1.59309,216.591,-1.83888,216.906,-1.98362,217.063,-2.08407,217.028,-2.29895,216.965,-2.61269,216.996,-2.88921
215.008,-11.6569,215.575,-11.9571,215.697,-12.301,215.798,-12.6584,215.801,-12.9468,215.706,-13.1154,215.599,-13.2037,215.647,-13.299,215.827,-13.4338,215.96,-13.6111,215.95,-13.8075,215.836,-13.9992,215.736,-14.1876,215.809,-14.3514,215.995,-14.4939,216.112,-14.7062
214.595,-0.805527,215.163,-1.13863,215.151,-1.52352,215.142,-1.87581,215.223,-2.14709,215.394,-2.32899,215.537,-2.4666,215.56,-2.65149,215.519,-2.88932,215.542,-3.13876,215.686,-3.37077,215.837,-3.60747,215.797,-3.83693,215.646,-4.02615,215.624,-4.19427,215.701,-4.37735
214.131,-8.51978,214.724,-8.81951,214.784,-8.96338,214.801,-9.07153,214.767,-9.22713,214.675,-9.44257,214.554,-9.72701,214.506,-10.0111,214.574,-10.1491,214.649,-10.1868,214.659,-10.3316,214.706,-10.6399,214.87,-10.9378,215.078,-11.1349,215.213,-11.3218,215.229,-11.5104
213.166,-2.55505,213.738,-2.67118,213.904,-2.72451,214.092,-2.85561,214.257,-3.11446,214.411,-3.41917,214.523,-3.64907,214.526,-3.74783,214.416,-3.77343,214.342,-3.88405,214.34,-4.16468,214.328,-4.57718,214.296,-4.98304,214.336,-5.29718,214.401,-5.5134,214.454,-5.68111
212.877,-3.25339,213.452,-3.4248,213.472,-3.60624,213.475,-3.84595,213.433,-4.13032,213.402,-4.46632,213.517,-4.83098,213.798,-5.15148,214.026,-5.36577,214.059,-5.51627,214.004,-5.65464,214.001,-5.75613,214.02,-5.83264,213.942,-5.95254,213.832,-6.16785,213.79,-6.45224
212.414,-4.63008,213.02,-4.77811,213.065,-5.06186,213.157,-5.51298,213.291,-5.88741,213.368,-6.07578,213.264,-6.18121,213.04,-6.35194,212.908,-6.57421,212.944,-6.78216,213.04,-6.90609,213.117,-6.96096,213.196,-7.0202,213.341,-7.15379,213.486,-7.3625,213.521,-7.61172
212.227,0.55114,212.805,0.360466,212.824,0.301956,212.807,0.238434,212.782,0.0917816,212.762,-0.134705,212.754,-0.404442,212.781,-0.675354,212.838,-0.976898,212.911,-1.28475,212.965,-1.48539,212.992,-1.57405,213.003,-1.65639,213.003,-1.86937,213.015,-2.24416,213.06,-2.64558
211.333,-8.12339,211.861,-8.37332,211.966,-8.65253,212.125,-8.94486,212.229,-9.15732,212.222,-9.29357,212.126,-9.43135,212.07,-9.60884,212.191,-9.8298,212.441,-10.0762,212.56,-10.3596,212.454,-10.627,212.29,-10.7783,212.226,-10.8282,212.312,-10.8794,212.431,-11.0218
210.356,-1.69167,210.912,-1.94553,211.069,-2.21549,211.217,-2.51984,211.274,-2.83721,211.309,-3.11717,211.393,-3.34627,211.46,-3.5743,211.431,-3.80973,211.327,-3.99465,211.209,-4.10557,211.176,-4.19134,211.27,-4.2929,211.449,-4.39475,211.63,-4.48512,211.683,-4.62956
209.922,-3.21012,210.588,-3.5433,210.623,-3.90057,210.647,-4.14692,210.691,-4.29501,210.745,-4.47762,210.796,-4.70244,210.815,-4.94318,210.776,-5.20555,210.737,-5.48373,210.777,-5.72059,210.879,-5.85978,210.947,-5.92358,210.966,-5.94918,210.988,-6.02695,211.063,-6.23641
208.992,-9.02232,209.539,-9.22365,209.622,-9.39653,209.748,-9.64859,209.855,-9.97035,209.892,-10.242,209.874,-10.4008,209.863,-10.5261,209.864,-10.6745,209.863,-10.826,209.883,-11.0127,209.919,-11.3054,209.955,-11.6723,210.001,-12.0145,210.082,-12.255,210.225,-12.3588
208.433,-1.2459,209.15,-1.40342,209.305,-1.49734,209.361,-1.63558,209.377,-1.84431,209.369,-2.11185,209.306,-2.45634,209.276,-2.82524,209.372,-3.11557,209.501,-3.26923,209.561,-3.29543,209.577,-3.26791,209.585,-3.35209,209.602,-3.59373,209.661,-3.91238,209.738,-4.24169
208.025,-7.06709,208.558,-7.43285,208.521,-7.83835,208.478,-8.17676,208.497,-8.36129,208.59,-8.43739,208.735,-8.47133,208.875,-8.54092,208.958,-8.74454,208.995,-9.07763,209.043,-9.44211,209.09,-9.77897,209.111,-10.0623,209.091,-10.2527,209.045,-10.3747,208.995,-10.506
207.445,-1.44039,207.99,-1.71156,208.171,-1.89196,208.382,-2.04155,208.515,-2.23466,208.627,-2.46983,208.689,-2.64879,208.6,-2.77328,208.515,-2.91176,208.577,-3.11398,208.637,-3.37332,208.585,-3.59773,208.527,-3.74758,208.547,-3.87283,208.61,-4.06668,208.617,-4.3151
206.924,-5.14443,207.445,-5.37693,207.49,-5.61195,207.512,-5.87723,207.439,-6.16698,207.312,-6.46381,207.327,-6.70109,207.538,-6.8305,207.744,-6.93626,207.857,-7.19908,208.012,-7.60564,208.195,-7.92391,208.198,-8.05338,208.036,-8.11372,207.909,-8.16465,207.922,-8.25665
206.077,-5.91083,206.64,-6.18212,206.737,-6.36443,206.779,-6.59819,206.779,-6.84408,206.842,-7.04846,206.985,-7.24757,207.106,-7.46324,207.168,-7.69621,207.202,-7.93581,207.216,-8.06599,207.191,-8.05589,207.158,-8.08762,207.189,-8.32596,207.234,-8.65845,207.221,-8.91293
206.059,-6.14169,206.614,-6.35207,206.563,-6.62738,206.595,-6.9241,206.621,-7.13135,206.561,-7.26411,206.543,-7.42821,206.64,-7.63597,206.735,-7.82974,206.783,-8.01201,206.824,-8.19483,206.846,-8.38811,206.786,-8.56743,206.658,-8.72858,206.584,-8.92394,206.611,-9.17685
205.089,-1.6072,205.628,-1.86527,205.684,-2.20375,205.749,-2.51218,205.908,-2.72502,206.175,-2.91536,206.368,-3.09338,206.361,-3.20634,206.267,-3.33575,206.232,-3.55281,206.271,-3.75984,206.296,-3.88763,206.271,-4.00573,206.251,-4.16547,206.294,-4.34521,206.408,-4.5382
204.694,-9.56438,205.285,-10.006,205.35,-10.2169,205.416,-10.2584,205.515,-10.3476,205.6,-10.5736,205.589,-10.8473,205.518,-11.0927,205.501,-11.2664,205.544,-11.3201,205.566,-11.3522,205.578,-11.529,205.611,-11.8691,205.63,-12.1766,205.599,-12.3537,205.531,-12.5261
204.053,1.23209,204.677,1.00227,204.714,0.799614,204.729,0.508301,204.784,0.223846,204.868,0.072052,204.967,0.00832367,205.07,-0.0842819,205.135,-0.215767,205.145,-0.342499,205.145,-0.496178,205.177,-0.736694,205.203,-1.07216,205.17,-1.44509,205.093,-1.7494,205.029,-1.89145
203.135,-6.90364,203.713,-7.09648,203.738,-7.18607,203.699,-7.32549,203.611,-7.59094,203.568,-7.88586,203.651,-8.12022,203.779,-8.31516,203.863,-8.50297,203.936,-8.62859,204.031,-8.7376,204.099,-8.97311,204.084,-9.28997,204.048,-9.5154,204.042,-9.61781,204.003,-9.72124
202.444,-1.43914,202.954,-1.73241,203.092,-2.07207,203.232,-2.30281,203.25,-2.4417,203.201,-2.58262,203.224,-2.76006,203.319,-2.97182,203.369,-3.16591,203.395,-3.2884,203.409,-3.37512,203.344,-3.52554,203.235,-3.7992,203.227,-4.15679,203.339,-4.4609,203.413,-4.58125
201.829,-3.6747,202.502,-3.8409,202.813,-4.11785,203.008,-4.48991,202.987,-4.81388,202.892,-4.94637,202.812,-4.93898,202.735,-4.9763,202.749,-5.22415,202.874,-5.58733,202.977,-5.86964,202.997,-6.00762,203.021,-6.08447,203.095,-6.21011,203.162,-6.45088,203.243,-6.78889
201.478,-2.96065,201.956,-3.12144,202.026,-3.45876,202.192,-3.84273,202.318,-4.0746,202.337,-4.22312,202.293,-4.3464,202.293,-4.40041,202.373,-4.46181,202.466,-4.67667,202.536,-4.94727,202.604,-5.11602,202.659,-5.2468,202.631,-5.4484,202.541,-5.7402,202.462,-6.00415
201.102,-5.58068,201.631,-5.86353,201.681,-5.97068,201.733,-6.01017,201.748,-6.12453,201.751,-6.35676,201.727,-6.64873,201.685,-6.94585,201.721,-7.20036,201.804,-7.40397,201.816,-7.59126,201.776,-7.81544,201.808,-8.09724,201.974,-8.34554,202.101,-8.48955,202.005,-8.58386
200.339,-3.57754,200.851,-3.89317,200.863,-4.04971,200.892,-4.20949,200.951,-4.51539,201.044,-4.86375,201.126,-5.07048,201.162,-5.16293,201.162,-5.29115,201.159,-5.47958,201.164,-5.70562,201.173,-5.95312,201.151,-6.16251,201.094,-6.26362,201.051,-6.30213,201.09,-6.4806
199.7,-2.28185,200.403,-2.51996,200.651,-2.76947,200.821,-2.95445,200.863,-3.14474,200.805,-3.36134,200.746,-3.50683,200.752,-3.63758,200.81,-3.8671,200.886,-4.15821,200.971,-4.38421,200.99,-4.52219,200.873,-4.64585,200.707,-4.80766,200.67,-4.98002,200.701,-5.1336
199.288,-4.05502,199.778,-4.29816,199.75,-4.6227,199.798,-4.88226,199.928,-5.01481,200.088,-5.10907,200.215,-5.16834,200.263,-5.23822,200.196,-5.45849,200.03,-5.83854,199.941,-6.18654,200.056,-6.38171,200.233,-6.55867,200.245,-6.82542,200.165,-7.07446,200.211,-7.19618
199.231,-2.78393,199.532,-2.90652,199.281,-2.93764,199.191,-2.99848,199.27,-3.21884,199.417,-3.58031,199.546,-3.91094,199.659,-4.08155,199.782,-4.1501,199.892,-4.22723,199.876,-4.30568,199.74,-4.43448,199.661,-4.70898,199.711,-5.1033,199.801,-5.5246,199.829,-5.86661
198.293,-4.94517,198.796,-5.13625,198.852,-5.2925,198.933,-5.41755,198.991,-5.56233,199.04,-5.8008,199.088,-6.12929,199.155,-6.47808,199.229,-6.77013,199.27,-6.94552,199.295,-7.04253,199.333,-7.12663,199.331,-7.17629,199.266,-7.24722,199.235,-7.41155,199.319,-7.61208
197.385,-4.55473,198.103,-4.80972,198.326,-5.04693,198.404,-5.18563,198.407,-5.27164,198.391,-5.4221,198.388,-5.69527,198.457,-6.04844,198.577,-6.35944,198.613,-6.51337,198.486,-6.53357,198.289,-6.58309,198.225,-6.78443,198.363,-7.08282,198.538,-7.32217,198.584,-7.44916
196.691,-2.45116,197.224,-2.84547,197.345,-3.32287,197.578,-3.56606,197.785,-3.51723,197.804,-3.48879,197.642,-3.65716,197.438,-3.90439,197.387,-4.11297,197.522,-4.36134,197.666,-4.69828,197.679,-4.9545,197.607,-5.05891,197.533,-5.15154,197.495,-5.34189,197.555,-5.5503
196.4,-2.94272,197.084,-2.94756,197.12,-3.09931,196.988,-3.45726,196.837,-3.83619,196.805,-4.10854,196.908,-4.29864,197.088,-4.46941,197.242,-4.67137,197.274,-4.90659,197.187,-5.15621,197.107,-5.35123,197.111,-5.43942,197.188,-5.54305,197.314,-5.76964,197.441,-5.98785
195.651,0.676567,196.261,0.525093,196.36,0.320419,196.381,0.0393143,196.395,-0.306007,196.411,-0.632408,196.392,-0.848351,196.4,-0.965439,196.516,-1.07058,196.662,-1.20418,196.726,-1.33875,196.756,-1.50069,196.843,-1.78724,196.952,-2.16956,196.945,-2.52405,196.851,-2.77112
195.084,-6.0348,195.613,-6.10996,195.686,-6.15083,195.773,-6.25296,195.804,-6.41928,195.76,-6.64311,195.727,-6.90582,195.741,-7.12821,195.777,-7.28214,195.857,-7.36374,195.985,-7.43575,196.075,-7.61861,196.075,-7.93651,196.005,-8.27627,195.912,-8.5308,195.87,-8.73044
194.79,-1.69323,195.301,-1.9505,195.341,-2.17989,195.355,-2.397,195.389,-2.64714,195.483,-2.94585,195.577,-3.22437,195.599,-3.37943,195.609,-3.42886,195.649,-3.50459,195.68,-3.6889,195.671,-3.89281,195.658,-4.03925,195.651,-4.17549,195.64,-4.34958,195.594,-4.52776
194.094,-7.01751,194.727,-7.08999,194.798,-7.16779,194.821,-7.35578,194.807,-7.59753,194.799,-7.91381,194.81,-8.24515,194.805,-8.39848,194.794,-8.45179,194.833,-8.68429,194.899,-9.11784,194.919,-9.53554,194.843,-9.72872,194.71,-9.73585,194.603,-9.79128,194.63,-9.98489
193.377,-1.48454,193.959,-1.77086,194.114,-1.9517,194.238,-2.01498,194.272,-2.11892,194.275,-2.31733,194.28,-2.53064,194.237,-2.68462,194.15,-2.80074,194.044,-2.95584,194.024,-3.18976,194.131,-3.42678,194.253,-3.62975,194.305,-3.8642,194.338,-4.08889,194.387,-4.21715
193.226,-3.47626,193.748,-3.6982,193.728,-3.83466,193.696,-3.94061,193.697,-4.1092,193.707,-4.34613,193.705,-4.56001,193.74,-4.69158,193.831,-4.80463,193.906,-5.00136,193.924,-5.23991,193.954,-5.4146,194.036,-5.53657,194.113,-5.71436,194.165,-5.95938,194.193,-6.16789
192.638,-3.57734,193.253,-3.82664,193.352,-4.09279,193.375,-4.50864,193.403,-4.94594,193.488,-5.14867,193.559,-5.15226,193.542,-5.20306,193.448,-5.32719,193.386,-5.41213,193.495,-5.48181,193.698,-5.6478,193.769,-5.86655,193.641,-6.0308,193.443,-6.18307,193.344,-6.40435
192.245,-0.0599289,192.8,-0.234306,192.862,-0.490555,192.843,-0.811424,192.826,-1.12083,192.863,-1.41043,192.955,-1.65914,193.052,-1.76723,193.084,-1.76405,193.042,-1.78672,192.979,-1.91077,192.98,-2.15665,193.071,-2.41807,193.161,-2.58293,193.145,-2.72066,193.027,-2.93435
191.456,-4.66393,192.024,-4.86883,192.152,-5.13578,192.304,-5.45631,192.473,-5.68041,192.577,-5.72119,192.54,-5.67529,192.379,-5.74307,192.251,-5.97098,192.248,-6.25688,192.256,-6.5022,192.234,-6.69886,192.238,-6.89726,192.301,-7.10168,192.357,-7.30356,192.377,-7.50301
190.624,-3.34391,191.155,-3.51562,191.219,-3.65547,191.329,-3.78135,191.418,-3.89001,191.404,-4.00882,191.357,-4.25684,191.36,-4.64275,191.42,-4.98158,191.5,-5.1532,191.557,-5.25233,191.531,-5.37353,191.443,-5.52348,191.392,-5.73951,191.428,-5.98875,191.496,-6.12675
189.619,-4.04585,190.122,-4.2242,190.215,-4.51328,190.33,-4.82175,190.374,-4.98784,190.398,-5.07523,190.487,-5.2401,190.62,-5.49467,190.729,-5.75934,190.772,-5.93072,190.753,-6.0057,190.679,-6.0983,190.597,-6.31753,190.568,-6.54985,190.551,-6.6494,190.521,-6.69296
189.388,-3.65554,189.982,-3.86526,190.1,-4.07968,190.139,-4.26563,190.09,-4.45309,189.983,-4.63892,189.857,-4.80752,189.765,-4.98476,189.789,-5.18237,189.993,-5.34527,190.3,-5.50111,190.463,-5.73231,190.434,-5.99847,190.374,-6.17252,190.359,-6.24568,190.341,-6.33775
189.246,-0.973785,189.646,-1.24702,189.523,-1.46252,189.499,-1.63682,189.564,-1.83505,189.677,-2.05969,189.835,-2.2238,190.01,-2.29675,190.082,-2.38946,189.993,-2.52668,189.874,-2.7,189.875,-2.97661,189.987,-3.25526,190.086,-3.33389,190.108,-3.30671,190.081,-3.47449
188.68,-6.35114,189.057,-6.5106,188.982,-6.76524,188.95,-7.08634,188.979,-7.41782,189.08,-7.68829,189.263,-7.83706,189.426,-7.87112,189.433,-7.92457,189.291,-8.12286,189.192,-8.4258,189.277,-8.67506,189.471,-8.86271,189.614,-9.00249,189.623,-9.10904,189.556,-9.26783
188.125,-0.0341949,188.663,-0.167145,188.75,-0.397484,188.777,-0.681107,188.785,-1.00063,188.877,-1.28535,188.994,-1.49014,189.041,-1.64478,189.051,-1.80969,189.034,-1.96542,189.04,-2.1067,189.118,-2.28671,189.153,-2.47448,189.079,-2.63911,189.029,-2.83185,189.046,-3.0735
187.18,-12.254,187.693,-12.4436,187.774,-12.5994,187.9,-12.7158,188.001,-12.8888,188.068,-13.1296,188.116,-13.3171,188.143,-13.4545,188.144,-13.6157,188.122,-13.8791,188.095,-14.2312,188.06,-14.5616,187.999,-14.7515,187.899,-14.8371,187.831,-14.945,187.904,-15.1501
186.775,3.18606,187.297,3.04143,187.347,2.89299,187.372,2.68047,187.443,2.44371,187.555,2.24454,187.651,2.02312,187.686,1.7739,187.653,1.52918,187.641,1.33926,187.763,1.23161,187.969,1.14912,188.062,0.99044,188.039,0.75032,188.04,0.50444,188.04,0.284004
186.448,-7.46075,186.962,-7.70653,186.941,-7.96375,186.906,-8.17336,186.906,-8.36833,186.967,-8.57892,187.095,-8.77386,187.206,-8.95284,187.2,-9.17075,187.074,-9.37756,186.893,-9.46631,186.782,-9.45152,186.842,-9.48518,187.009,-9.71237,187.127,-10.0603,187.133,-10.2811
185.244,-0.35498,185.801,-0.551712,185.942,-0.78244,186.042,-1.00729,186.115,-1.18166,186.238,-1.32223,186.347,-1.53815,186.338,-1.79825,186.263,-1.96815,186.298,-2.04353,186.445,-2.16875,186.509,-2.36478,186.403,-2.55062,186.263,-2.68126,186.227,-2.76575,186.284,-2.82887
185.209,-2.10101,185.745,-2.2858,185.784,-2.50028,185.782,-2.72162,185.736,-3.01311,185.761,-3.30513,185.896,-3.53551,185.974,-3.68476,185.965,-3.77846,186.047,-3.85696,186.213,-3.98976,186.289,-4.16012,186.275,-4.34566,186.264,-4.60668,186.232,-4.94578,186.084,-5.22849
184.613,-7.47537,184.978,-7.64776,185.026,-7.84277,185.167,-8.03222,185.286,-8.20535,185.328,-8.39036,185.286,-8.56982,185.217,-8.74753,185.208,-8.92287,185.273,-9.05962,185.341,-9.20291,185.378,-9.37485,185.411,-9.53279,185.49,-9.72242,185.551,-9.95849,185.531,-10.1235
183.947,1.38467,184.448,1.14922,184.598,0.98671,184.766,0.893021,184.865,0.731819,184.9,0.415833,184.968,0.0468521,185.12,-0.235497,185.277,-0.389977,185.33,-0.498398,185.32,-0.669373,185.271,-0.887581,185.141,-1.0422,184.978,-1.10034,184.908,-1.15294,184.999,-1.3147
183.308,-7.49004,183.901,-7.61282,184.042,-7.84357,184.139,-8.14134,184.225,-8.36423,184.268,-8.47413,184.241,-8.58571,184.232,-8.80978,184.307,-9.10401,184.346,-9.31322,184.311,-9.42535,184.301,-9.55814,184.316,-9.81345,184.268,-10.1642,184.193,-10.4549,184.256,-10.6
183.474,-1.4399,183.978,-1.51547,183.884,-1.62688,183.757,-1.7595,183.699,-1.96335,183.673,-2.26678,183.657,-2.52217,183.752,-2.67993,183.908,-2.80895,183.941,-2.94143,183.876,-3.08659,183.893,-3.30804,183.987,-3.56329,184.069,-3.77,184.12,-3.90479,184.148,-3.98291
182.875,-3.17416,183.335,-3.43449,183.328,-3.74769,183.315,-4.03817,183.331,-4.21835,183.391,-4.34203,183.439,-4.52956,183.433,-4.76019,183.444,-4.93784,183.532,-5.01887,183.626,-5.01022,183.678,-5.03171,183.701,-5.22714,183.692,-5.52325,183.646,-5.76601,183.617,-5.91139
182.245,-3.01294,182.705,-3.17359,182.656,-3.35052,182.662,-3.57656,182.73,-3.81206,182.829,-3.93943,182.979,-3.98953,183.129,-4.05454,183.144,-4.19436,182.991,-4.45126,182.849,-4.74178,182.912,-4.94091,183.126,-5.12031,183.244,-5.34746,183.166,-5.54684,183.035,-5.62509
181.62,-5.2658,182.236,-5.56602,182.381,-5.76419,182.493,-5.85532,182.544,-5.87245,182.532,-5.91086,182.489,-6.10086,182.398,-6.44141,182.291,-6.78928,182.233,-7.03135,182.257,-7.18549,182.408,-7.2887,182.642,-7.42385,182.744,-7.66051,182.655,-7.98524,182.565,-8.27704
180.908,-3.74918,181.512,-4.04435,181.557,-4.26881,181.476,-4.42347,181.345,-4.61191,181.261,-4.84478,181.291,-5.11694,181.412,-5.38883,181.528,-5.61473,181.618,-5.76686,181.687,-5.87631,181.73,-6.04768,181.753,-6.33315,181.783,-6.63078,181.745,-6.77238,181.602,-6.799
180.507,-3.79477,181.035,-3.97266,181.062,-4.14609,181.017,-4.32645,180.984,-4.53298,180.99,-4.79194,181.037,-5.05149,181.086,-5.24123,181.073,-5.37494,180.995,-5.50013,181.015,-5.62009,181.237,-5.69088,181.469,-5.74221,181.518,-5.87792,181.457,-6.10598,181.441,-6.32317
179.736,-4.78555,180.166,-5.10216,180.202,-5.31537,180.234,-5.43513,180.261,-5.57253,180.318,-5.74369,180.343,-5.92546,180.386,-6.10741,180.482,-6.23877,180.504,-6.33238,180.412,-6.50435,180.355,-6.78987,180.387,-7.04838,180.463,-7.16254,180.541,-7.18359,180.597,-7.31128
179.055,-4.44824,179.534,-4.64193,179.543,-4.92544,179.564,-5.1758,179.581,-5.32743,179.603,-5.43375,179.692,-5.55516,179.821,-5.72681,179.908,-5.99535,179.904,-6.30981,179.846,-6.54224,179.82,-6.65289,179.896,-6.6674,179.99,-6.61747,180.036,-6.61096,180.05,-6.72312
178.518,-2.47369,179.065,-2.56697,179.091,-2.58671,179.101,-2.65943,179.091,-2.81768,179.051,-3.0757,179.08,-3.3404,179.177,-3.41249,179.197,-3.36824,179.156,-3.49804,179.214,-3.81232,179.387,-4.0473,179.524,-4.12836,179.509,-4.19843,179.443,-4.36995,179.52,-4.6378
178.163,-3.64871,178.603,-3.88436,178.625,-4.16765,178.609,-4.4665,178.585,-4.65882,178.621,-4.75654,178.76,-4.86742,178.979,-4.99316,179.161,-5.073,179.158,-5.13101,178.969,-5.24362,178.787,-5.4075,178.746,-5.59876,178.795,-5.78848,178.839,-5.92166,178.888,-6.03936
177.677,-5.1044,178.105,-5.29898,178.194,-5.40019,178.349,-5.4761,178.415,-5.57903,178.338,-5.73185,178.209,-5.94264,178.112,-6.17046,178.077,-6.41082,178.107,-6.66498,178.186,-6.88844,178.258,-7.04262,178.267,-7.20537,178.232,-7.40225,178.21,-7.55764,178.223,-7.64962
177.172,-2.2726,177.713,-2.40683,177.723,-2.57176,177.653,-2.83731,177.592,-3.12685,177.596,-3.29451,177.673,-3.41086,177.803,-3.63343,177.866,-3.92478,177.773,-4.17403,177.617,-4.2527,177.579,-4.19935,177.668,-4.20526,177.793,-4.34802,177.881,-4.5107,177.859,-4.62262
176.461,-5.36651,176.876,-5.58458,176.879,-5.82954,176.927,-5.98635,177.011,-6.04066,177.079,-6.14049,177.097,-6.39177,177.104,-6.72494,177.115,-7.01498,177.094,-7.17035,177.031,-7.22765,177.001,-7.2914,177.003,-7.44416,176.992,-7.63625,177.036,-7.74087,177.136,-7.77821
175.958,-2.54652,176.414,-2.83723,176.407,-3.15043,176.442,-3.3,176.515,-3.32287,176.546,-3.3768,176.539,-3.49503,176.5,-3.60372,176.424,-3.69198,176.411,-3.85643,176.504,-4.16132,176.598,-4.51405,176.654,-4.76249,176.733,-4.9341,176.804,-5.09666,176.825,-5.27283
175.422,-5.56715,175.88,-5.88022,175.956,-6.06113,176.073,-6.1759,176.161,-6.32368,176.202,-6.51396,176.235,-6.67717,176.288,-6.79833,176.378,-6.99393,176.456,-7.27139,176.458,-7.48872,176.417,-7.61634,176.376,-7.69739,176.286,-7.76877,176.118,-7.90606,176.024,-8.0662
175.182,-2.13931,175.655,-2.47142,175.709,-2.83099,175.802,-3.1688,175.923,-3.42052,176.037,-3.52656,176.075,-3.53117,176.071,-3.59447,176.082,-3.7383,176.096,-3.8812,176.142,-3.99764,176.258,-4.14933,176.346,-4.34057,176.335,-4.53484,176.316,-4.68403,176.346,-4.84816
174.798,-1.43372,175.267,-1.71894,175.249,-1.89576,175.179,-2.08403,175.094,-2.35072,175.075,-2.60485,175.224,-2.80645,175.411,-2.94592,175.38,-3.09968,175.218,-3.3168,175.207,-3.46232,175.394,-3.50431,175.654,-3.603,175.85,-3.759,175.877,-3.82966,175.777,-3.85907
174.426,-5.973,174.749,-6.09387,174.608,-6.14286,174.653,-6.31859,174.86,-6.66496,175.072,-6.99678,175.207,-7.20388,175.254,-7.38179,175.175,-7.60227,174.994,-7.81396,174.853,-7.97844,174.875,-8.07948,174.954,-8.18745,174.918,-8.41818,174.816,-8.76331,174.788,-9.02637
173.707,1.73657,174.223,1.49698,174.276,1.34727,174.352,1.16637,174.462,0.930267,174.525,0.741676,174.477,0.595493,174.377,0.41769,174.33,0.279865,174.346,0.245926,174.402,0.156418,174.437,-0.110817,174.443,-0.454521,174.437,-0.721157,174.469,-0.864201,174.533,-0.960587
173.267,-6.07035,173.542,-6.13935,173.34,-6.1345,173.287,-6.14903,173.424,-6.34776,173.593,-6.73081,173.741,-7.09447,173.924,-7.3227,174.064,-7.47396,174.045,-7.62841,173.989,-7.75935,174.058,-7.85608,174.151,-7.948,174.145,-8.06314,174.095,-8.23788,174.066,-8.49658
172.684,3.6531,173.159,3.53487,173.161,3.42029,173.201,3.27037,173.259,3.12561,173.308,3.01009,173.342,2.86797,173.392,2.64005,173.462,2.38219,173.557,2.17352,173.627,1.98239,173.574,1.74218,173.511,1.5132,173.587,1.38848,173.698,1.37371,173.705,1.35628
172.365,-5.90812,172.89,-6.12603,172.853,-6.24437,172.825,-6.33793,172.895,-6.41883,172.987,-6.51604,172.978,-6.62773,172.851,-6.76033,172.734,-6.96347,172.789,-7.24575,172.973,-7.49634,173.062,-7.68232,173.035,-7.85752,173.047,-8.00664,173.087,-8.11526,173.053,-8.23486
171.694,0.480141,172.201,0.254894,172.219,0.0958061,172.184,-0.137093,172.173,-0.495579,172.236,-0.810204,172.283,-0.903366,172.331,-0.872658,172.441,-0.913799,172.55,-1.07042,172.632,-1.28769,172.75,-1.51484,172.867,-1.6709,172.883,-1.72068,172.816,-1.78727,172.735,-1.95465
171.32,-4.07496,171.784,-4.33653,171.82,-4.57522,171.823,-4.80745,171.791,-5.01833,171.8,-5.19162,171.93,-5.38037,172.154,-5.57103,172.344,-5.72449,172.384,-5.82566,172.24,-5.88612,172.064,-5.92958,172.034,-5.99859,172.122,-6.14637,172.208,-6.35871,172.306,-6.59721
171.055,-1.97845,171.417,-2.26726,171.462,-2.59448,171.619,-2.80296,171.697,-2.87276,171.618,-2.93956,171.519,-3.10154,171.508,-3.33709,171.514,-3.62151,171.465,-3.9012,171.432,-4.10244,171.49,-4.14974,171.587,-4.08615,171.625,-4.11623,171.649,-4.39332,171.781,-4.77394
170.527,-4.22612,171.018,-4.52762,170.993,-4.81524,170.937,-5.03091,170.966,-5.14722,171.045,-5.24992,171.079,-5.42805,171.095,-5.62623,171.072,-5.76144,170.931,-5.79768,170.807,-5.80115,170.92,-5.83083,171.211,-5.93907,171.459,-6.15565,171.55,-6.45309,171.504,-6.77532
169.931,-5.02287,170.463,-5.20202,170.559,-5.35669,170.573,-5.45085,170.534,-5.48753,170.486,-5.56916,170.417,-5.76487,170.361,-6.06312,170.439,-6.4148,170.678,-6.71452,170.888,-6.8672,170.923,-6.94257,170.859,-7.03587,170.888,-7.14691,171.009,-7.23439,171.018,-7.33348
169.431,-0.427116,169.844,-0.622826,170.027,-0.825611,170.271,-1.06421,170.352,-1.30167,170.256,-1.51891,170.177,-1.70867,170.203,-1.84917,170.239,-1.88544,170.242,-1.89416,170.218,-2.03773,170.155,-2.30271,170.099,-2.54168,170.147,-2.71649,170.334,-2.9047,170.52,-3.09818
168.964,-7.34223,169.393,-7.43933,169.321,-7.5183,169.345,-7.6799,169.436,-7.8724,169.413,-8.07435,169.287,-8.28115,169.2,-8.47673,169.238,-8.65831,169.356,-8.84727,169.45,-9.02304,169.418,-9.17772,169.311,-9.32755,169.291,-9.45655,169.416,-9.54528,169.538,-9.64768
168.441,0.487953,168.848,0.271492,168.771,0.0572052,168.785,-0.159901,168.993,-0.342049,169.24,-0.455875,169.332,-0.545639,169.244,-0.682838,169.154,-0.848618,169.164,-0.993351,169.179,-1.13316,169.144,-1.34278,169.138,-1.65287,169.211,-1.94802,169.266,-2.14554,169.302,-2.31748
167.96,-8.25933,168.502,-8.48793,168.581,-8.72939,168.596,-8.99743,168.493,-9.24818,168.377,-9.38674,168.383,-9.39983,168.492,-9.42077,168.597,-9.55594,168.661,-9.7498,168.671,-9.89145,168.656,-10.0006,168.624,-10.1702,168.522,-10.4157,168.353,-10.697,168.237,-10.9638
167.475,4.8495,167.942,4.59939,168.053,4.30492,168.151,4.07698,168.182,3.88739,168.192,3.68644,168.18,3.50182,168.113,3.36848,168.12,3.22283,168.227,3.06002,168.291,2.94563,168.308,2.8502,168.348,2.69809,168.359,2.50772,168.387,2.32685,168.535,2.17616
167.179,-9.31307,167.624,-9.40812,167.631,-9.39264,167.671,-9.44507,167.681,-9.65874,167.659,-10.0271,167.69,-10.3704,167.741,-10.6132,167.722,-10.8291,167.655,-10.9826,167.61,-10.9786,167.622,-10.9634,167.729,-11.139,167.859,-11.4178,167.886,-11.6421,167.832,-11.8854
166.198,-1.43679,166.72,-1.59199,166.91,-1.75072,167.02,-2.04301,166.957,-2.40022,166.857,-2.64476,166.88,-2.77127,166.992,-2.84969,167.062,-2.89458,167.007,-2.97677,166.873,-3.14594,166.803,-3.33949,166.831,-3.49181,166.919,-3.63958,167.06,-3.83429,167.178,-4.02544
166.113,-5.15789,166.573,-5.38528,166.567,-5.59262,166.523,-5.74972,166.521,-5.85339,166.538,-6.01775,166.532,-6.33839,166.514,-6.71019,166.537,-6.95437,166.579,-7.07791,166.537,-7.18006,166.421,-7.33136,166.376,-7.499,166.506,-7.63155,166.726,-7.73402,166.844,-7.83823
165.1,-2.59569,165.609,-2.81786,165.573,-2.83033,165.535,-2.849,165.656,-3.11124,165.831,-3.49156,165.871,-3.67221,165.811,-3.60255,165.782,-3.50953,165.815,-3.55198,165.822,-3.7262,165.793,-3.95634,165.824,-4.18412,165.945,-4.33617,166.013,-4.44344,165.918,-4.60358
165.34,-0.579163,165.707,-0.786644,165.625,-1.07261,165.568,-1.35813,165.513,-1.60145,165.476,-1.79926,165.545,-1.94999,165.697,-2.04483,165.806,-2.21729,165.822,-2.4875,165.769,-2.70971,165.755,-2.85397,165.846,-3.00828,165.98,-3.16975,166.076,-3.25238,166.066,-3.25914
164.475,-5.29468,164.906,-5.4216,164.952,-5.70226,165.019,-5.98432,165.074,-6.0971,165.107,-6.14483,165.129,-6.31262,165.213,-6.56717,165.324,-6.75361,165.346,-6.87268,165.249,-7.039,165.131,-7.29398,165.088,-7.50944,165.105,-7.6176,165.099,-7.72528,165.115,-7.85455
163.738,0.298973,164.132,0.141586,164.248,-0.0557518,164.391,-0.260105,164.497,-0.469486,164.568,-0.688244,164.649,-0.898048,164.745,-1.10363,164.833,-1.26415,164.87,-1.36406,164.814,-1.4748,164.727,-1.57818,164.699,-1.63574,164.732,-1.7142,164.772,-1.91286,164.817,-2.19662
163.735,-6.37012,164.063,-6.591,164.102,-6.75674,164.252,-6.81959,164.4,-6.91099,164.432,-7.13877,164.365,-7.47234,164.293,-7.77173,164.256,-7.91024,164.242,-7.93684,164.263,-7.9997,164.361,-8.13017,164.452,-8.25374,164.403,-8.35646,164.307,-8.51971,164.338,-8.7093
163.269,0.83535,163.629,0.545631,163.592,0.199417,163.668,-0.0100441,163.81,-0.0861816,163.916,-0.14933,164.002,-0.195271,163.995,-0.277481,163.882,-0.502071,163.84,-0.743,163.886,-0.882725,163.826,-1.0282,163.703,-1.16208,163.673,-1.16436,163.704,-1.17698,163.697,-1.35668
162.838,-6.24952,163.123,-6.61167,163.003,-7.02126,162.97,-7.32215,163.039,-7.44961,163.145,-7.49258,163.217,-7.51854,163.239,-7.57614,163.243,-7.72052,163.219,-7.94357,163.152,-8.16382,163.123,-8.31979,163.208,-8.407,163.377,-8.39267,163.534,-8.35746,163.648,-8.47096
162.197,1.03107,162.696,0.861435,162.776,0.671814,162.787,0.345753,162.768,0.0503502,162.748,-0.165592,162.782,-0.410465,162.865,-0.596081,162.914,-0.585571,162.96,-0.530327,163.067,-0.57547,163.13,-0.713131,163.084,-0.898773,163.058,-1.074,163.148,-1.1954,163.261,-1.31945
161.747,-7.71304,162.151,-7.80748,162.141,-7.85771,162.108,-8.00494,162.161,-8.1981,162.278,-8.32342,162.315,-8.4488,162.269,-8.66827,162.279,-8.89248,162.369,-9.00861,162.412,-9.14177,162.362,-9.38327,162.318,-9.5891,162.351,-9.66757,162.446,-9.72475,162.531,-9.84053
161.043,-2.18512,161.671,-2.41092,161.843,-2.63845,161.857,-2.8894,161.792,-3.17021,161.726,-3.38519,161.717,-3.3994,161.807,-3.30257,161.943,-3.34016,161.969,-3.55487,161.871,-3.8016,161.78,-3.97046,161.782,-4.10304,161.853,-4.22959,162.011,-4.37879,162.214,-4.58295
161.394,-3.47349,161.803,-3.66577,161.775,-3.81116,161.706,-3.94014,161.599,-4.06449,161.526,-4.26422,161.56,-4.55256,161.615,-4.83483,161.623,-5.0134,161.657,-5.10678,161.718,-5.23264,161.732,-5.41373,161.707,-5.56038,161.705,-5.65351,161.759,-5.67936,161.87,-5.69938
160.706,-2.6779,161.035,-2.84477,161.095,-3.00663,161.227,-3.25375,161.308,-3.44029,161.313,-3.4872,161.307,-3.56414,161.338,-3.73046,161.353,-3.88828,161.349,-4.03633,161.387,-4.27937,161.466,-4.56648,161.494,-4.7781,161.425,-4.88906,161.374,-4.95669,161.394,-5.08939
160.49,-3.4022,160.857,-3.62243,160.824,-3.84386,160.808,-4.0325,160.828,-4.1472,160.783,-4.23536,160.654,-4.37415,160.624,-4.55866,160.785,-4.72186,161.002,-4.85905,161.102,-4.98861,161.036,-5.09867,160.869,-5.20737,160.756,-5.35994,160.832,-5.60231,161.041,-5.8503
159.875,-0.311035,160.114,-0.628757,160.036,-0.966915,160.131,-1.17559,160.325,-1.28376,160.453,-1.43523,160.453,-1.72767,160.435,-2.07618,160.459,-2.27908,160.453,-2.31475,160.449,-2.37059,160.468,-2.48311,160.441,-2.5534,160.371,-2.59543,160.296,-2.69642,160.234,-2.91484
159.137,-4.681,159.601,-4.90657,159.67,-5.13152,159.666,-5.27957,159.658,-5.38289,159.706,-5.50369,159.771,-5.62771,159.832,-5.78648,159.854,-5.95955,159.813,-6.09989,159.763,-6.20044,159.758,-6.31248,159.774,-6.44702,159.775,-6.64416,159.79,-6.91964,159.866,-7.23931
159.047,1.94126,159.505,1.94919,159.561,1.99319,159.582,1.82229,159.574,1.46253,159.503,1.13768,159.442,0.963638,159.498,0.85614,159.667,0.74007,159.843,0.608753,159.876,0.463543,159.745,0.280373,159.616,0.0261002,159.603,-0.24329,159.619,-0.439293,159.562,-0.596607
158.162,-9.34795,158.59,-9.67075,158.581,-9.75916,158.569,-9.76683,158.541,-9.82966,158.54,-9.95569,158.604,-10.139,158.72,-10.3162,158.848,-10.4083,158.908,-10.4705,158.866,-10.6087,158.794,-10.7852,158.781,-10.9263,158.829,-11.0937,158.906,-11.369,158.993,-11.699
157.515,3.96445,157.968,3.97274,158.052,3.95444,158.139,3.82158,158.217,3.64685,158.238,3.49924,158.232,3.31208,158.292,3.06547,158.366,2.84764,158.396,2.67294,158.413,2.49276,158.476,2.34764,158.555,2.2524,158.609,2.10363,158.691,1.9149,158.747,1.79995
157.102,-8.02134,157.351,-8.22427,157.398,-8.3969,157.524,-8.55147,157.592,-8.8028,157.638,-9.07818,157.697,-9.23041,157.692,-9.30954,157.621,-9.43415,157.56,-9.57001,157.496,-9.66114,157.411,-9.78907,157.407,-10.0241,157.501,-10.2718,157.577,-10.4093,157.554,-10.4703
156.721,3.19767,157.106,2.94658,157.166,2.84619,157.248,2.80588,157.266,2.65734,157.234,2.42846,157.201,2.21448,157.232,2.01962,157.333,1.83387,157.405,1.71788,157.327,1.6287,157.219,1.4938,157.274,1.30373,157.463,1.07824,157.579,0.880905,157.58,0.770691
156.362,-7.61655,156.705,-7.78538,156.667,-7.87825,156.756,-7.99746,156.87,-8.19572,156.849,-8.45076,156.807,-8.65784,156.925,-8.77789,157.119,-8.89352,157.192,-9.07844,157.079,-9.28502,156.88,-9.4764,156.739,-9.6356,156.74,-9.76599,156.827,-9.8523,156.891,-9.95614
156.231,-1.53728,156.57,-1.73341,156.435,-1.94915,156.416,-2.13652,156.554,-2.23777,156.702,-2.33972,156.769,-2.53175,156.76,-2.70491,156.744,-2.75789,156.768,-2.76054,156.779,-2.83544,156.682,-3.01978,156.55,-3.27806,156.532,-3.55238,156.634,-3.77849,156.73,-3.88442
155.076,-1.51731,155.515,-1.69986,155.576,-1.88191,155.608,-2.05567,155.695,-2.25219,155.816,-2.46043,155.925,-2.60959,156.013,-2.67789,156.043,-2.74981,155.996,-2.9311,155.945,-3.13222,155.927,-3.22957,155.859,-3.29398,155.757,-3.42397,155.766,-3.5867,155.904,-3.78016
154.803,-9.32045,155.075,-9.47822,155.009,-9.59045,154.97,-9.76588,154.985,-10.0212,155.133,-10.2514,155.314,-10.401,155.36,-10.5407,155.31,-10.708,155.243,-10.7926,155.204,-10.7805,155.245,-10.8404,155.312,-10.989,155.256,-11.1898,155.089,-11.4394,155.004,-11.6596
154.22,7.00879,154.582,6.94041,154.604,6.79589,154.689,6.65465,154.84,6.58746,154.948,6.47866,154.946,6.23186,154.939,5.99287,155.006,5.89523,155.099,5.80112,155.185,5.59096,155.31,5.32308,155.359,5.12807,155.212,5.02015,155.058,4.89146,155.125,4.65816
153.971,-9.9575,154.481,-10.0971,154.525,-10.207,154.438,-10.3358,154.374,-10.5086,154.429,-10.6701,154.501,-10.7607,154.467,-10.839,154.462,-11.0463,154.602,-11.3565,154.663,-11.5544,154.509,-11.5496,154.41,-11.5324,154.478,-11.6577,154.511,-11.8284,154.51,-11.9364
153.49,4.1016,153.909,3.8419,153.929,3.49622,153.923,3.23486,153.971,3.12152,154.05,3.09084,154.045,3.06046,153.98,2.95351,154.007,2.77262,154.119,2.57873,154.136,2.41655,153.987,2.31299,153.822,2.25393,153.777,2.17323,153.869,2.022,154.052,1.84778
152.801,-9.55928,153.194,-9.92747,153.234,-10.2596,153.199,-10.4767,153.042,-10.6401,152.898,-10.7981,152.885,-10.9498,152.941,-11.1315,152.98,-11.3227,153.012,-11.4763,153.119,-11.6105,153.333,-11.7157,153.486,-11.782,153.464,-11.8939,153.379,-12.0886,153.382,-12.2848
152.453,-1.81696,152.883,-2.09537,152.841,-2.33102,152.806,-2.53536,152.844,-2.69892,152.913,-2.78292,153.018,-2.8619,153.144,-3.02174,153.17,-3.24918,153.11,-3.46668,153.11,-3.59272,153.155,-3.6837,153.183,-3.86459,153.206,-4.07275,153.182,-4.1623,153.071,-4.16555
152.016,-1.39817,152.42,-1.59226,152.501,-1.72261,152.609,-1.75411,152.629,-1.73003,152.579,-1.79239,152.534,-2.02678,152.535,-2.30557,152.554,-2.50811,152.579,-2.70264,152.591,-2.94393,152.624,-3.09661,152.689,-3.10514,152.75,-3.14624,152.779,-3.33676,152.753,-3.5989
151.488,-3.67656,151.914,-3.58489,151.962,-3.62621,151.957,-3.78481,151.943,-3.97781,151.979,-4.20904,152.065,-4.51886,152.169,-4.88283,152.244,-5.15904,152.27,-5.23808,152.288,-5.22548,152.307,-5.25324,152.256,-5.30814,152.177,-5.35912,152.206,-5.42142,152.313,-5.58422
151.319,-0.485477,151.671,-0.632622,151.676,-0.833221,151.801,-1.02906,151.966,-1.1777,152.016,-1.30068,151.949,-1.44674,151.846,-1.64128,151.79,-1.83678,151.85,-1.96263,152.026,-2.06322,152.183,-2.24843,152.224,-2.444,152.206,-2.53608,152.192,-2.56268,152.11,-2.65368
150.811,-4.9204,151.055,-5.0075,150.955,-5.12911,150.96,-5.28841,150.98,-5.42857,150.986,-5.6006,151.053,-5.86247,151.205,-6.09608,151.356,-6.14527,151.386,-6.10698,151.336,-6.2128,151.339,-6.42921,151.372,-6.58716,151.422,-6.68686,151.535,-6.80345,151.62,-6.91924
150.157,0.326523,150.736,0.27243,150.964,0.0730629,151.063,-0.100864,150.986,-0.266422,150.872,-0.537563,150.81,-0.824917,150.774,-0.970882,150.796,-0.966995,150.925,-0.907688,151.081,-0.908493,151.186,-1.07749,151.225,-1.39163,151.21,-1.73923,151.191,-2.02937,151.203,-2.21138
149.729,-3.57966,150.165,-3.77585,150.218,-4.0103,150.278,-4.1849,150.369,-4.30848,150.375,-4.47523,150.3,-4.71935,150.336,-4.91983,150.455,-4.90329,150.427,-4.76369,150.27,-4.77562,150.15,-5.04425,150.105,-5.39629,150.104,-5.65582,150.161,-5.76023,150.261,-5.76683
149.222,0.720879,149.751,0.60973,149.976,0.545116,150.088,0.471985,150.096,0.34433,150.1,0.156479,150.113,-0.0562744,150.094,-0.310394,150.082,-0.574509,150.087,-0.703075,150.086,-0.688156,150.071,-0.761314,150.096,-1.02786,150.156,-1.32539,150.165,-1.52196,150.145,-1.67643
148.786,-1.4703,149.146,-1.63708,149.135,-1.73914,149.22,-1.77016,149.386,-1.79803,149.514,-1.89022,149.509,-2.03081,149.471,-2.22116,149.479,-2.43574,149.488,-2.62176,149.53,-2.77077,149.629,-2.86523,149.694,-2.90977,149.661,-2.97752,149.553,-3.1739,149.512,-3.46046
148.24,-7.48795,148.633,-7.58698,148.697,-7.67808,148.772,-7.84408,148.848,-8.01971,148.9,-8.19052,148.969,-8.3689,149.042,-8.54109,149.039,-8.68077,149.001,-8.73764,148.992,-8.73384,148.977,-8.79645,148.955,-8.93382,148.976,-9.04324,149.05,-9.18379,149.138,-9.41103
147.789,2.48323,148.153,2.48468,148.197,2.45954,148.317,2.29477,148.419,2.08357,148.44,1.94868,148.44,1.84374,148.502,1.69553,148.585,1.51736,148.566,1.34272,148.501,1.17429,148.512,0.981728,148.576,0.79314,148.617,0.641045,148.622,0.519928,148.617,0.37933
147.447,-4.91583,147.938,-5.15805,148.033,-5.41547,148.035,-5.51731,147.974,-5.54296,147.941,-5.68272,147.98,-5.89194,148.057,-6.07502,148.112,-6.27255,148.13,-6.45709,148.157,-6.53831,148.183,-6.6068,148.153,-6.76274,148.117,-6.91399,148.121,-7.00218,148.148,-7.1216
147.153,1.07455,147.454,0.985802,147.365,0.912235,147.387,0.754993,147.524,0.478966,147.659,0.21785,147.744,0.0585976,147.804,-0.0979729,147.863,-0.291492,147.895,-0.398514,147.837,-0.443432,147.731,-0.569973,147.691,-0.779236,147.735,-0.93259,147.827,-1.03725,147.953,-1.22038
146.576,-5.19963,146.793,-5.44177,146.7,-5.66556,146.785,-5.85027,147.045,-5.9797,147.279,-6.07357,147.336,-6.20342,147.296,-6.36924,147.297,-6.51236,147.28,-6.58334,147.156,-6.55079,147.003,-6.50779,146.963,-6.65777,147.048,-6.98342,147.171,-7.23729,147.258,-7.3236
146.001,0.208466,146.417,0.0294991,146.38,-0.247776,146.369,-0.442051,146.424,-0.529358,146.442,-0.652428,146.462,-0.864609,146.556,-1.08694,146.691,-1.26329,146.829,-1.35926,146.93,-1.3988,146.95,-1.4753,146.901,-1.6395,146.854,-1.82823,146.884,-1.9669,146.978,-2.06101
145.826,-4.67121,146.249,-4.78815,146.183,-4.97239,146.069,-5.16406,145.992,-5.37835,146.018,-5.63652,146.081,-5.82293,146.085,-5.9164,146.099,-6.03602,146.175,-6.22966,146.26,-6.3889,146.302,-6.4457,146.273,-6.45015,146.216,-6.52271,146.247,-6.68685,146.353,-6.87822
145.005,2.81091,145.354,2.65228,145.395,2.43871,145.405,2.24833,145.422,2.13489,145.501,2.09365,145.591,1.99026,145.674,1.82794,145.764,1.76054,145.8,1.74229,145.723,1.60966,145.609,1.40307,145.603,1.2361,145.701,1.14911,145.774,1.16441,145.795,1.21176
144.589,-7.55026,145.04,-7.77606,144.938,-7.88057,144.782,-7.94343,144.792,-7.99069,144.881,-8.10464,144.904,-8.37954,144.86,-8.6543,144.82,-8.73008,144.828,-8.69878,144.886,-8.71005,144.935,-8.82558,144.921,-9.07259,144.902,-9.38074,144.986,-9.58871,145.12,-9.67379
144.349,3.51748,144.727,3.31456,144.669,3.1107,144.602,2.93917,144.635,2.79396,144.802,2.6717,144.992,2.5617,145.071,2.41026,145.044,2.17576,144.967,1.95402,144.883,1.88755,144.82,1.87155,144.794,1.71433,144.811,1.44722,144.933,1.2188,145.106,1.03254
143.51,-5.90345,143.813,-6.03474,143.804,-6.20046,143.871,-6.37231,144.031,-6.50258,144.209,-6.57898,144.326,-6.61427,144.326,-6.681,144.222,-6.84264,144.086,-7.01274,144.012,-7.09262,143.998,-7.17014,143.983,-7.37896,143.943,-7.67299,143.926,-7.87,144.019,-7.89737
143.012,0.99894,143.36,0.909229,143.349,0.819901,143.389,0.662529,143.48,0.441463,143.578,0.159504,143.637,-0.159138,143.667,-0.400558,143.797,-0.52784,144.004,-0.605061,144.051,-0.667473,143.885,-0.731804,143.784,-0.86179,143.848,-1.03983,143.906,-1.20788,143.851,-1.31552
142.94,-3.45522,143.279,-3.68208,143.242,-3.82587,143.284,-3.90285,143.325,-4.02422,143.32,-4.22629,143.345,-4.41863,143.38,-4.5322,143.355,-4.63757,143.313,-4.82447,143.295,-5.04477,143.275,-5.22252,143.268,-5.30474,143.278,-5.31599,143.232,-5.32248,143.102,-5.39018
142.161,-1.30263,142.588,-1.55122,142.6,-1.77453,142.623,-1.93922,142.697,-2.04158,142.786,-2.13224,142.881,-2.26672,143.016,-2.39217,143.173,-2.49044,143.253,-2.59003,143.192,-2.68771,143.07,-2.78774,143.004,-2.88196,142.953,-2.99305,142.925,-3.15646,143.019,-3.3375
142.13,-2.99282,142.516,-3.08185,142.497,-3.18231,142.471,-3.33424,142.446,-3.59858,142.468,-3.80238,142.502,-3.81629,142.51,-3.79243,142.514,-3.90081,142.511,-4.13053,142.485,-4.38739,142.48,-4.61275,142.537,-4.79663,142.626,-4.88729,142.688,-4.9253,142.689,-5.04296
141.523,-4.03257,141.903,-4.31404,141.978,-4.46204,142.051,-4.61622,142.08,-4.87566,142.064,-5.11833,142.071,-5.21523,142.085,-5.15572,142.054,-5.06889,142.008,-5.16232,142.016,-5.42565,142.083,-5.6335,142.186,-5.73885,142.253,-5.87996,142.276,-6.05522,142.301,-6.19572
141.183,-2.14944,141.609,-2.19345,141.588,-2.31282,141.468,-2.58889,141.475,-2.86275,141.672,-2.95946,141.854,-2.95237,141.908,-3.00676,141.912,-3.17662,141.931,-3.43535,141.927,-3.74982,141.923,-4.01336,141.93,-4.11027,141.897,-4.09327,141.86,-4.1194,141.865,-4.24268
140.622,-1.66209,141.011,-1.88062,141.043,-2.03639,141.111,-2.11075,141.186,-2.15071,141.239,-2.23366,141.281,-2.40068,141.377,-2.62208,141.535,-2.80421,141.66,-2.87493,141.647,-2.91862,141.527,-3.04102,141.415,-3.19049,141.313,-3.35647,141.254,-3.58672,141.3,-3.80064
140.474,-4.19651,140.874,-4.44119,140.949,-4.62519,141.025,-4.82937,141.027,-5.11564,140.928,-5.39838,140.853,-5.55028,140.934,-5.57259,141.089,-5.54357,141.189,-5.53217,141.221,-5.55226,141.155,-5.65922,141.019,-5.90878,141.018,-6.23506,141.171,-6.47085,141.255,-6.60463
140.051,-2.16378,140.55,-2.38215,140.728,-2.50728,140.804,-2.49105,140.732,-2.49799,140.647,-2.69795,140.652,-3.09568,140.708,-3.52635,140.73,-3.81709,140.722,-3.94369,140.727,-4.00024,140.76,-4.04797,140.779,-4.07356,140.738,-4.09314,140.686,-4.17132,140.72,-4.35472
139.875,-1.99118,140.125,-2.1019,140.148,-2.20731,140.282,-2.27438,140.392,-2.33571,140.477,-2.50022,140.548,-2.73698,140.56,-2.91154,140.449,-3.02718,140.317,-3.15197,140.285,-3.22719,140.32,-3.22526,140.371,-3.26784,140.437,-3.42478,140.495,-3.60028,140.467,-3.77114
138.826,-6.49957,139.351,-6.548,139.496,-6.67196,139.545,-6.90514,139.552,-7.11755,139.592,-7.27802,139.624,-7.43378,139.574,-7.54705,139.526,-7.60322,139.549,-7.68316,139.564,-7.83571,139.528,-8.03041,139.48,-8.24553,139.421,-8.40902,139.333,-8.48167,139.338,-8.54876
138.76,0.468674,139.083,0.255589,139.099,0.203625,139.175,0.189125,139.239,0.134033,139.286,0.0514259,139.365,-0.0618324,139.419,-0.208435,139.393,-0.398556,139.352,-0.580189,139.382,-0.724136,139.465,-0.868469,139.533,-0.97575,139.536,-0.969547,139.464,-0.915035,139.347,-0.995228
138.236,-5.7115,138.468,-5.86776,138.43,-5.95535,138.601,-6.11178,138.877,-6.28045,139.037,-6.31853,139.029,-6.36565,138.952,-6.53648,138.843,-6.70521,138.743,-6.80354,138.694,-6.8628,138.636,-6.88971,138.607,-7.00438,138.715,-7.32086,138.891,-7.68007,138.985,-7.83564
137.935,-0.6754,138.171,-1.0406,138.081,-1.38333,138.121,-1.56398,138.24,-1.52943,138.323,-1.40243,138.313,-1.41664,138.245,-1.66855,138.223,-1.94687,138.296,-2.09579,138.412,-2.21365,138.526,-2.3939,138.679,-2.55548,138.832,-2.57085,138.903,-2.47169,138.888,-2.46009
137.619,-4.54232,137.866,-4.70271,137.741,-4.87041,137.682,-5.07209,137.708,-5.27934,137.799,-5.45912,137.993,-5.56729,138.186,-5.60653,138.195,-5.62615,138.063,-5.66619,137.98,-5.74446,137.996,-5.86099,138.03,-6.03385,138.057,-6.23273,138.152,-6.35975,138.291,-6.39334
136.773,-1.14341,137.096,-1.49216,137.146,-1.74553,137.2,-1.86139,137.254,-1.91579,137.341,-1.9459,137.456,-1.98957,137.576,-2.14688,137.646,-2.374,137.651,-2.54386,137.669,-2.64893,137.748,-2.73889,137.773,-2.82848,137.625,-2.89822,137.403,-3.00964,137.365,-3.23073
136.387,-1.42101,136.742,-1.57689,136.791,-1.67658,136.921,-1.80696,136.956,-2.02545,136.831,-2.28317,136.684,-2.40911,136.677,-2.39167,136.758,-2.42143,136.801,-2.6139,136.824,-2.85808,136.867,-3.04528,136.906,-3.18246,136.974,-3.27702,137.076,-3.36745,137.146,-3.52039
135.72,-4.57079,136.08,-4.79903,136.108,-4.86443,136.078,-4.84869,136.024,-4.84304,135.991,-4.84932,136.028,-4.95451,136.19,-5.17081,136.363,-5.32633,136.379,-5.38884,136.249,-5.49471,136.144,-5.65944,136.146,-5.84076,136.17,-6.00764,136.208,-6.14047,136.306,-6.27621
135.506,-0.380657,135.975,-0.532379,135.996,-0.600517,135.896,-0.742302,135.769,-0.94693,135.716,-1.09494,135.764,-1.17755,135.9,-1.2639,136.087,-1.4341,136.165,-1.62682,136.095,-1.72288,136.057,-1.75427,136.166,-1.85997,136.328,-2.0921,136.435,-2.36512,136.417,-2.54413
135.357,-5.72093,135.672,-5.91439,135.61,-6.04279,135.535,-6.17979,135.536,-6.33564,135.587,-6.4217,135.582,-6.44463,135.528,-6.52372,135.509,-6.6369,135.533,-6.70103,135.519,-6.78909,135.431,-7.00797,135.412,-7.25463,135.547,-7.41082,135.676,-7.5772,135.667,-7.81401
134.941,2.61609,135.195,2.54321,135.113,2.46493,135.132,2.31422,135.254,2.14727,135.394,2.00874,135.507,1.84341,135.531,1.58432,135.461,1.2753,135.451,1.02484,135.559,0.883125,135.625,0.80566,135.546,0.749409,135.482,0.69429,135.558,0.631046,135.635,0.555984
134.518,-7.31971,135.001,-7.41719,135.164,-7.44598,135.338,-7.58568,135.423,-7.88587,135.386,-8.1706,135.296,-8.30346,135.223,-8.36224,135.2,-8.43596,135.182,-8.48457,135.108,-8.52627,135.051,-8.64229,135.108,-8.83144,135.199,-9.01867,135.197,-9.222,135.129,-9.46336
133.899,3.47845,134.278,3.30409,134.434,3.07978,134.558,2.90628,134.605,2.84386,134.699,2.81433,134.826,2.71377,134.855,2.51053,134.803,2.26812,134.795,2.08004,134.894,1.96541,135.038,1.8871,135.071,1.78317,135.001,1.62037,134.937,1.48577,134.856,1.4466
133.607,-7.0233,133.987,-7.42244,133.936,-7.75922,133.894,-7.95141,133.954,-8.04434,134.057,-8.03422,134.076,-7.96977,133.992,-8.03314,133.906,-8.24146,133.923,-8.47783,134.04,-8.66462,134.171,-8.75807,134.168,-8.78008,134.017,-8.87183,133.935,-9.10379,133.971,-9.39866
132.992,4.74097,133.367,4.69609,133.349,4.51398,133.296,4.29176,133.322,4.11306,133.465,3.99346,133.64,3.90779,133.775,3.82363,133.803,3.69676,133.701,3.47985,133.567,3.25139,133.503,3.14535,133.529,3.13834,133.564,3.14244,133.562,3.11607,133.584,2.96627
132.406,-9.61545,132.831,-9.90625,132.827,-10.1052,132.822,-10.2458,132.908,-10.3278,132.979,-10.4003,132.959,-10.542,132.899,-10.7108,132.867,-10.8422,132.824,-11.0067,132.787,-11.248,132.84,-11.4052,132.965,-11.4113,133.043,-11.4429,133.012,-11.584,132.934,-11.7091
131.874,3.90973,132.329,3.73668,132.448,3.4968,132.556,3.24488,132.571,3.05851,132.527,2.91724,132.51,2.77425,132.527,2.63226,132.539,2.45552,132.566,2.31284,132.605,2.28585,132.591,2.33874,132.501,2.37539,132.472,2.32219,132.609,2.13091,132.809,1.80725
131.666,-4.7178,132.006,-4.97758,131.98,-5.08076,132.06,-5.16764,132.248,-5.33476,132.4,-5.48362,132.452,-5.56438,132.491,-5.60192,132.528,-5.62763,132.498,-5.77084,132.361,-6.0617,132.236,-6.30142,132.266,-6.37117,132.405,-6.38457,132.439,-6.47794,132.358,-6.64006
131.282,-1.36841,131.688,-1.50013,131.786,-1.66443,131.882,-1.82654,131.906,-1.9807,131.81,-2.14922,131.648,-2.34303,131.553,-2.55191,131.625,-2.73466,131.797,-2.88272,131.921,-3.05404,131.958,-3.22816,131.966,-3.28905,131.967,-3.26795,131.984,-3.29663,132.02,-3.44838
130.9,-3.46996,131.18,-3.77028,131.152,-4.09264,131.205,-4.37801,131.378,-4.60555,131.638,-4.73717,131.845,-4.74763,131.87,-4.77575,131.762,-4.93394,131.657,-5.14958,131.605,-5.28705,131.54,-5.376,131.457,-5.50301,131.464,-5.62321,131.535,-5.701,131.559,-5.78842
130.75,-1.7583,131.124,-1.89103,131.15,-2.00826,131.095,-2.11373,131.067,-2.26659,131.073,-2.48953,131.023,-2.73629,130.929,-2.95264,130.868,-3.1245,130.884,-3.25903,130.906,-3.33681,130.933,-3.328,131.06,-3.33107,131.238,-3.46675,131.274,-3.68744,131.162,-3.87291
130.333,-0.123299,130.793,-0.309414,130.919,-0.530735,130.922,-0.70895,130.812,-0.78112,130.674,-0.831375,130.558,-0.951939,130.434,-1.13454,130.356,-1.37521,130.39,-1.62754,130.498,-1.75652,130.627,-1.73322,130.686,-1.6852,130.694,-1.7281,130.685,-1.85253,130.697,-2.02181
130.076,-4.21883,130.454,-4.3168,130.42,-4.60281,130.345,-4.86492,130.349,-4.99659,130.415,-5.09204,130.425,-5.20604,130.391,-5.29708,130.418,-5.37303,130.456,-5.4773,130.424,-5.56524,130.371,-5.60304,130.345,-5.67551,130.273,-5.88269,130.163,-6.12873,130.119,-6.27308
129.461,0.47459,129.821,0.338547,129.844,0.117653,129.824,-0.0780945,129.791,-0.202049,129.758,-0.305809,129.792,-0.465939,129.943,-0.666634,130.114,-0.830517,130.184,-0.965435,130.156,-1.09501,130.113,-1.18225,130.102,-1.19211,130.151,-1.22816,130.209,-1.3782,130.236,-1.55907
129.023,-2.62249,129.293,-2.80663,129.337,-3.15495,129.415,-3.53519,129.476,-3.77343,129.504,-3.91302,129.577,-4.06193,129.715,-4.20665,129.799,-4.30442,129.754,-4.40313,129.668,-4.53415,129.682,-4.67706,129.815,-4.79814,129.937,-4.85179,129.969,-4.85915,129.914,-4.87677
128.964,-1.97322,129.249,-2.02491,129.081,-2.13145,128.936,-2.24901,128.935,-2.34431,129.045,-2.42891,129.193,-2.52031,129.323,-2.69415,129.4,-2.95671,129.436,-3.14666,129.49,-3.24452,129.571,-3.38231,129.656,-3.59557,129.703,-3.81912,129.696,-3.97864,129.669,-4.03619
128.523,-2.4634,128.906,-2.67939,129.038,-2.92652,129.228,-3.10327,129.33,-3.12697,129.313,-3.09829,129.244,-3.15833,129.145,-3.30231,129.061,-3.46842,129.046,-3.66452,129.083,-3.8821,129.138,-4.06162,129.218,-4.14631,129.269,-4.18889,129.249,-4.27662,129.153,-4.41967
127.952,-3.25753,128.272,-3.55629,128.28,-3.73485,128.296,-3.78991,128.333,-3.84109,128.386,-3.9495,128.423,-4.05687,128.4,-4.17188,128.365,-4.40479,128.433,-4.635,128.548,-4.71249,128.526,-4.76512,128.375,-4.93635,128.264,-5.124,128.284,-5.18996,128.374,-5.23934
127.55,-1.92875,127.881,-1.96648,127.993,-2.21967,128.197,-2.5235,128.387,-2.68224,128.444,-2.69662,128.343,-2.71111,128.207,-2.81446,128.141,-2.97543,128.121,-3.18391,128.141,-3.45228,128.223,-3.65373,128.322,-3.64543,128.368,-3.56472,128.372,-3.64764,128.399,-3.8518
127.298,-1.96515,127.857,-2.20226,128.004,-2.37404,127.952,-2.49041,127.792,-2.57837,127.665,-2.65478,127.681,-2.71729,127.785,-2.80682,127.864,-2.96881,127.853,-3.11433,127.736,-3.1787,127.626,-3.24561,127.649,-3.36684,127.778,-3.50248,127.92,-3.60936,127.995,-3.70861
127.025,-2.2004,127.321,-2.46576,127.397,-2.66995,127.445,-2.83203,127.494,-2.937,127.583,-2.97148,127.611,-3.02103,127.532,-3.12604,127.451,-3.26268,127.508,-3.44128,127.717,-3.65107,127.863,-3.78467,127.743,-3.82231,127.483,-3.8391,127.373,-3.86472,127.447,-3.93106
126.787,-0.284782,127.067,-0.346684,127.11,-0.43639,127.178,-0.556404,127.198,-0.653099,127.182,-0.736805,127.197,-0.869152,127.246,-1.02287,127.228,-1.12768,127.145,-1.20377,127.115,-1.31626,127.193,-1.45806,127.323,-1.6139,127.369,-1.80981,127.301,-2.02043,127.253,-2.19954
126.44,-2.93856,126.649,-3.12289,126.674,-3.33541,126.819,-3.55158,126.888,-3.7045,126.823,-3.77017,126.739,-3.80807,126.658,-3.87797,126.576,-3.99443,126.573,-4.20086,126.685,-4.50279,126.79,-4.80746,126.825,-4.96976,126.862,-4.93091,126.908,-4.80675,126.903,-4.7471
125.898,-3.70494,126.215,-3.73326,126.177,-3.84942,126.165,-4.02349,126.247,-4.22276,126.36,-4.47504,126.411,-4.74859,126.385,-4.91108,126.321,-4.96619,126.254,-5.04024,126.183,-5.18813,126.155,-5.34626,126.239,-5.4493,126.408,-5.5219,126.503,-5.65638,126.406,-5.81743
125.308,-1.10384,125.646,-1.2003,125.607,-1.37046,125.541,-1.50069,125.533,-1.59129,125.556,-1.75599,125.564,-1.99385,125.644,-2.18348,125.81,-2.27501,125.94,-2.33335,125.936,-2.40939,125.856,-2.45601,125.799,-2.49782,125.84,-2.57044,125.908,-2.65445,125.894,-2.77325
125.22,-2.20004,125.548,-2.43893,125.555,-2.6386,125.48,-2.72686,125.395,-2.80077,125.433,-2.9516,125.581,-3.07155,125.702,-3.1643,125.759,-3.3429,125.752,-3.58936,125.685,-3.82545,125.672,-3.98462,125.764,-4.08709,125.792,-4.1854,125.667,-4.21742,125.547,-4.13958
125.025,-1.58428,125.208,-1.6843,125.02,-1.62212,124.869,-1.59621,124.836,-1.73817,124.937,-1.95992,125.17,-2.09289,125.431,-2.14193,125.529,-2.2162,125.421,-2.33619,125.351,-2.48845,125.48,-2.64956,125.592,-2.75652,125.517,-2.79821,125.375,-2.82483,125.272,-2.91663
124.684,-3.14064,125.039,-3.14812,125.104,-3.12064,125.132,-3.15747,125.106,-3.32742,125.081,-3.54827,125.118,-3.75314,125.18,-3.9299,125.166,-4.09218,125.084,-4.23192,125.074,-4.31287,125.175,-4.33967,125.26,-4.41943,125.256,-4.63641,125.236,-4.82689,125.208,-4.83879
124.131,0.286629,124.456,0.130653,124.461,0.0148239,124.426,-0.104767,124.395,-0.256363,124.434,-0.422112,124.513,-0.548084,124.617,-0.594151,124.721,-0.622208,124.735,-0.729099,124.652,-0.910126,124.559,-1.07991,124.536,-1.17164,124.615,-1.23087,124.75,-1.34576,124.817,-1.52816
123.767,-5.11359,124.273,-5.35994,124.396,-5.48251,124.309,-5.57317,124.071,-5.77794,123.975,-5.98246,124.144,-6.04234,124.369,-6.09422,124.4,-6.29654,124.273,-6.55736,124.181,-6.73459,124.18,-6.82244,124.165,-6.87232,124.11,-6.94923,124.109,-7.09327,124.157,-7.26281
123.46,-2.59583,123.739,-2.74775,123.722,-2.79108,123.706,-2.76676,123.631,-2.80846,123.564,-3.00108,123.595,-3.22141,123.717,-3.39054,123.888,-3.52896,124.078,-3.5775,124.221,-3.49159,124.246,-3.43495,124.199,-3.58023,124.135,-3.84304,124.062,-4.01512,124.031,-4.08942
123.155,-1.91347,123.531,-2.06329,123.571,-2.16446,123.621,-2.28962,123.686,-2.4571,123.741,-2.59843,123.772,-2.68527,123.858,-2.78522,124.031,-2.91746,124.128,-3.03829,123.99,-3.18602,123.763,-3.3353,123.653,-3.32271,123.619,-3.15205,123.568,-3.14019,123.52,-3.40405
122.777,-3.96753,123.147,-3.99406,123.206,-4.17702,123.286,-4.42067,123.316,-4.54879,123.203,-4.55295,123.025,-4.57623,122.946,-4.74051,122.983,-4.9941,122.997,-5.22922,122.94,-5.39925,122.936,-5.47528,123.015,-5.47304,123.053,-5.50839,123.034,-5.63431,123.04,-5.77032
122.387,-1.42839,122.725,-1.44537,122.713,-1.53779,122.725,-1.7018,122.778,-1.87696,122.846,-2.00224,122.888,-2.06431,122.863,-2.16969,122.809,-2.42574,122.81,-2.74583,122.876,-2.93877,122.911,-2.95486,122.79,-2.89811,122.557,-2.88808,122.484,-2.95742,122.685,-3.07557
121.477,-6.11659,121.832,-6.07005,121.948,-6.07025,122.13,-6.18082,122.265,-6.337,122.325,-6.48613,122.338,-6.59085,122.308,-6.68315,122.271,-6.86295,122.27,-7.10664,122.267,-7.26216,122.194,-7.32839,122.086,-7.43039,122.044,-7.59929,122.117,-7.75348,122.285,-7.79534
121.426,-1.66808,121.667,-1.91814,121.639,-2.25323,121.707,-2.50145,121.873,-2.62153,122.012,-2.62221,121.998,-2.54077,121.865,-2.5479,121.785,-2.75347,121.843,-2.95754,121.936,-2.99763,121.962,-2.98664,121.958,-3.06049,121.927,-3.20681,121.873,-3.3601,121.914,-3.51748
121.039,-5.53139,121.437,-5.5311,121.448,-5.58799,121.433,-5.75335,121.498,-5.93357,121.571,-6.06975,121.572,-6.16413,121.498,-6.20273,121.392,-6.24234,121.341,-6.32797,121.403,-6.4349,121.502,-6.5781,121.522,-6.74681,121.501,-6.8991,121.526,-7.02469,121.6,-7.16524
120.783,0.723537,121.132,0.564911,121.14,0.373619,121.118,0.115479,121.087,-0.171787,121.084,-0.365486,121.112,-0.438332,121.178,-0.459595,121.281,-0.474918,121.374,-0.518101,121.417,-0.571804,121.432,-0.632145,121.419,-0.783859,121.419,-1.02228,121.514,-1.22351,121.679,-1.31067
120.53,-3.75262,120.894,-3.84337,120.943,-3.92815,121.016,-4.05379,121.092,-4.20396,121.126,-4.40756,121.106,-4.64677,121.063,-4.80603,121.036,-4.84558,121.001,-4.86024,120.91,-4.91889,120.801,-4.99014,120.75,-5.09906,120.769,-5.27832,120.824,-5.40383,120.838,-5.44398
120.242,-0.498608,120.586,-0.63142,120.517,-0.683102,120.43,-0.71228,120.375,-0.850666,120.424,-1.04039,120.642,-1.19995,120.849,-1.37465,120.813,-1.57463,120.604,-1.72622,120.543,-1.83662,120.745,-1.98022,120.987,-2.14772,121.018,-2.27802,120.892,-2.37461,120.789,-2.4695
119.874,-4.65667,120.303,-4.78669,120.244,-4.91417,120.07,-5.10511,120.031,-5.34202,120.214,-5.55007,120.425,-5.65092,120.444,-5.65322,120.301,-5.6311,120.17,-5.72207,120.15,-5.91037,120.223,-6.036,120.315,-6.04099,120.329,-6.05041,120.247,-6.17215,120.18,-6.36167
119.44,-1.87195,119.855,-1.95654,119.927,-2.17747,119.908,-2.42942,119.876,-2.57355,119.875,-2.63812,119.89,-2.69846,119.96,-2.80482,120.098,-2.9548,120.192,-3.0691,120.165,-3.12138,120.083,-3.20183,120.068,-3.35973,120.176,-3.55019,120.318,-3.74181,120.34,-3.97108
118.975,-1.57746,119.242,-1.71906,119.205,-2.02179,119.23,-2.37836,119.428,-2.57691,119.728,-2.55854,119.916,-2.53597,119.875,-2.67631,119.673,-2.95118,119.505,-3.23468,119.503,-3.35853,119.624,-3.29979,119.746,-3.21775,119.841,-3.22402,119.896,-3.3166,119.814,-3.47654
118.811,-3.34152,119.18,-3.49936,119.263,-3.57476,119.305,-3.67503,119.272,-3.85828,119.124,-4.02021,118.97,-4.0927,118.983,-4.13595,119.186,-4.20444,119.396,-4.34966,119.478,-4.50765,119.47,-4.63425,119.448,-4.82783,119.442,-5.03827,119.381,-5.07664,119.241,-4.98686
118.515,-2.42453,118.941,-2.48435,119.06,-2.81117,119.137,-3.18923,119.184,-3.40005,119.216,-3.45615,119.276,-3.50253,119.333,-3.54018,119.267,-3.58349,119.065,-3.68885,118.905,-3.82246,118.874,-3.93059,118.898,-4.054,118.936,-4.13282,119.03,-4.14963,119.117,-4.22102
118.123,0.20591,118.403,0.192749,118.428,0.0957146,118.476,-0.120388,118.531,-0.440853,118.6,-0.763279,118.657,-0.900593,118.687,-0.854858,118.698,-0.857731,118.736,-1.00857,118.836,-1.18468,118.936,-1.28877,118.925,-1.3601,118.848,-1.4409,118.859,-1.53907,118.915,-1.62328
117.568,-5.41803,117.938,-5.60878,118.05,-5.71793,118.146,-5.73909,118.139,-5.7884,118.073,-5.93664,118.109,-6.13713,118.249,-6.30639,118.347,-6.46759,118.361,-6.73872,118.359,-7.03208,118.358,-7.10192,118.356,-6.98735,118.37,-6.88127,118.383,-6.85032,118.334,-6.90648
117.469,-0.922916,117.824,-1.10953,117.919,-1.27475,117.998,-1.39545,118.048,-1.50042,117.999,-1.56185,117.873,-1.5917,117.835,-1.64856,117.925,-1.71594,118.01,-1.76497,117.984,-1.83743,117.924,-1.90126,117.954,-1.97847,118.045,-2.15825,118.135,-2.41004,118.174,-2.60125
117.309,-0.89539,117.715,-0.929626,117.711,-0.972748,117.672,-1.07616,117.709,-1.21209,117.761,-1.40308,117.779,-1.6289,117.846,-1.77747,117.922,-1.85344,117.865,-1.97474,117.696,-2.14584,117.574,-2.2586,117.617,-2.24556,117.768,-2.21309,117.907,-2.29542,117.993,-2.43884
116.868,-2.39113,117.297,-2.63663,117.353,-2.85653,117.359,-3.06674,117.389,-3.3029,117.435,-3.52209,117.464,-3.60767,117.446,-3.57898,117.416,-3.60981,117.422,-3.80203,117.463,-4.00814,117.518,-4.11036,117.568,-4.17405,117.577,-4.26259,117.552,-4.38597,117.569,-4.55342
116.633,-2.53352,117.05,-2.7094,117.186,-2.88048,117.3,-3.04801,117.353,-3.23372,117.26,-3.46497,117.096,-3.6979,117.018,-3.88454,117.086,-4.00237,117.225,-4.05924,117.319,-4.04531,117.319,-4.03785,117.257,-4.09951,117.167,-4.23237,117.103,-4.39024,117.129,-4.51274
116.384,-0.750698,116.686,-1.00058,116.783,-1.30365,116.973,-1.60333,117.077,-1.85181,117.035,-1.97724,116.942,-1.98807,116.864,-1.99777,116.873,-2.11705,116.993,-2.31565,117.09,-2.4132,117.066,-2.3438,117.018,-2.26647,117.067,-2.2845,117.133,-2.35141,117.11,-2.46643
116.108,-0.0946198,116.463,-0.145565,116.594,-0.200813,116.671,-0.31189,116.614,-0.456459,116.497,-0.580124,116.447,-0.644661,116.481,-0.720024,116.572,-0.825603,116.681,-0.890018,116.752,-0.937088,116.747,-1.11588,116.696,-1.39647,116.678,-1.59131,116.733,-1.6246,116.838,-1.60611
115.72,-4.57356,116.039,-4.75246,116.037,-4.97907,115.957,-5.12535,115.886,-5.22451,115.9,-5.34941,115.997,-5.50625,116.13,-5.70154,116.238,-5.88454,116.266,-6.00085,116.241,-6.05748,116.223,-6.11137,116.216,-6.16814,116.151,-6.21362,116.032,-6.2609,115.962,-6.38768
115.456,0.193123,115.82,-0.0798531,115.844,-0.32621,115.896,-0.511921,116.006,-0.657993,116.005,-0.735291,115.848,-0.745041,115.722,-0.800343,115.728,-0.97237,115.75,-1.16563,115.706,-1.30471,115.648,-1.38036,115.716,-1.4007,115.888,-1.40254,116.002,-1.44713,115.994,-1.58646
115.155,-3.62391,115.474,-3.6566,115.444,-3.73835,115.439,-3.95842,115.473,-4.21602,115.454,-4.37794,115.364,-4.42605,115.343,-4.41411,115.448,-4.38288,115.501,-4.40435,115.457,-4.50743,115.473,-4.59541,115.564,-4.58549,115.577,-4.57472,115.538,-4.71943,115.504,-4.99269
114.632,-1.68424,115.076,-1.84913,115.263,-1.94204,115.289,-2.0338,115.193,-2.21287,115.14,-2.37362,115.143,-2.41835,115.164,-2.42502,115.202,-2.4911,115.251,-2.57807,115.249,-2.64045,115.195,-2.69409,115.205,-2.86428,115.33,-3.11944,115.438,-3.29188,115.479,-3.3465
114.397,-1.69841,114.687,-1.84575,114.752,-1.99524,114.916,-2.13951,115.043,-2.29098,115.081,-2.43436,115.141,-2.56021,115.22,-2.69893,115.181,-2.83308,115.044,-2.88332,114.929,-2.85985,114.872,-2.89639,114.86,-3.05029,114.889,-3.19205,114.881,-3.24137,114.866,-3.31453
114.227,-2.88034,114.518,-3.04787,114.521,-3.19007,114.51,-3.2434,114.489,-3.26001,114.545,-3.35696,114.659,-3.54776,114.694,-3.70478,114.657,-3.78711,114.659,-3.92713,114.676,-4.13277,114.643,-4.29273,114.576,-4.40807,114.559,-4.57961,114.633,-4.76144,114.719,-4.8763
113.543,-3.3598,113.835,-3.49132,113.919,-3.66857,114.028,-3.87175,114.15,-4.02287,114.26,-4.12548,114.274,-4.21965,114.135,-4.31646,113.989,-4.46259,113.988,-4.64263,114.104,-4.80396,114.25,-4.88136,114.423,-4.84192,114.566,-4.82803,114.569,-4.98825,114.433,-5.23254
113.419,0.670742,113.885,0.60722,113.977,0.492012,114.056,0.438053,114.13,0.402451,114.145,0.311378,114.154,0.174099,114.143,0.00528717,114.061,-0.177917,113.978,-0.286922,113.955,-0.409389,113.952,-0.628548,113.933,-0.801022,113.899,-0.830589,113.941,-0.887383,114.086,-1.03899
113.254,-4.5741,113.701,-4.71697,113.665,-4.87567,113.511,-5.03508,113.406,-5.08432,113.417,-5.05428,113.456,-5.11727,113.431,-5.3074,113.367,-5.44199,113.4,-5.47173,113.548,-5.51965,113.708,-5.6372,113.798,-5.75333,113.794,-5.85482,113.671,-5.98868,113.512,-6.12229
112.727,1.00037,113.029,0.922173,112.989,0.828392,112.942,0.775326,113.01,0.747528,113.113,0.600887,113.204,0.370193,113.368,0.231186,113.53,0.194035,113.53,0.14529,113.413,0.0681915,113.325,-0.0382843,113.251,-0.179638,113.139,-0.280365,113.066,-0.318962,113.13,-0.422798
112.589,-2.30185,112.821,-2.37862,112.723,-2.45058,112.646,-2.55993,112.652,-2.74469,112.763,-2.94913,112.864,-3.04795,112.881,-3.0639,112.849,-3.16676,112.821,-3.39163,112.811,-3.57007,112.765,-3.67933,112.68,-3.79454,112.672,-3.86184,112.797,-3.88383,112.946,-3.94667
112.033,-0.247696,112.422,-0.484219,112.512,-0.605625,112.592,-0.692493,112.66,-0.8125,112.716,-0.914726,112.751,-0.943539,112.702,-0.93605,112.577,-0.919331,112.523,-0.875477,112.584,-0.898579,112.661,-1.08167,112.708,-1.35923,112.729,-1.61178,112.657,-1.79351,112.513,-1.9027
111.761,-3.86005,112.043,-4.11072,112.006,-4.27779,111.996,-4.3513,112.013,-4.41071,112.054,-4.52153,112.135,-4.63386,112.221,-4.67979,112.288,-4.69796,112.325,-4.73859,112.326,-4.81496,112.322,-4.85281,112.387,-4.86134,112.454,-4.98445,112.411,-5.27938,112.273,-5.60407
111.246,-0.411938,111.61,-0.425392,111.641,-0.578972,111.621,-0.816002,111.675,-0.96479,111.824,-0.976715,111.922,-0.98423,111.862,-1.06825,111.733,-1.12539,111.666,-1.1305,111.7,-1.24934,111.788,-1.50205,111.861,-1.70498,111.87,-1.78079,111.793,-1.80012,111.69,-1.82298
111.198,-5.90722,111.293,-5.99295,111.109,-6.0137,111.126,-6.13241,111.306,-6.30537,111.49,-6.38211,111.554,-6.38846,111.471,-6.52602,111.362,-6.7615,111.352,-6.90921,111.425,-6.97336,111.523,-7.07092,111.557,-7.22576,111.496,-7.42837,111.421,-7.65229,111.441,-7.77972
111.023,-0.0105019,111.21,-0.198715,111.128,-0.420113,111.196,-0.550671,111.333,-0.582993,111.399,-0.660446,111.385,-0.85873,111.351,-1.05252,111.34,-1.18532,111.347,-1.32352,111.347,-1.48247,111.337,-1.56871,111.288,-1.51465,111.228,-1.43227,111.263,-1.44835,111.419,-1.60592
110.061,-1.54819,110.246,-1.65257,110.36,-1.86355,110.583,-2.14205,110.765,-2.32464,110.859,-2.39019,110.847,-2.4286,110.786,-2.49772,110.734,-2.60662,110.702,-2.72002,110.749,-2.81319,110.877,-2.87245,110.912,-2.91927,110.749,-3.03142,110.541,-3.19574,110.474,-3.3238
109.949,-0.85416,110.316,-0.902702,110.344,-0.993549,110.356,-1.1501,110.384,-1.22295,110.395,-1.20782,110.388,-1.26458,110.436,-1.45739,110.486,-1.7055,110.482,-1.92029,110.485,-2.04978,110.575,-2.08115,110.678,-2.08902,110.714,-2.18676,110.649,-2.3499,110.508,-2.46564
109.556,-3.90963,109.933,-3.94086,110.06,-4.0647,110.143,-4.31706,110.207,-4.57985,110.259,-4.72955,110.288,-4.76111,110.324,-4.80265,110.318,-4.96653,110.242,-5.15226,110.192,-5.24535,110.256,-5.31845,110.382,-5.42955,110.437,-5.54978,110.386,-5.64069,110.302,-5.70933
109.395,-1.56675,109.74,-1.74212,109.894,-1.76711,109.952,-1.78149,109.852,-1.86708,109.736,-1.96438,109.711,-1.985,109.688,-2.00253,109.63,-2.14494,109.651,-2.36674,109.805,-2.54324,109.96,-2.66262,109.978,-2.8397,109.914,-3.03577,109.882,-3.11843,109.895,-3.09275
109.1,-1.61092,109.431,-1.72596,109.436,-1.82907,109.44,-1.99146,109.465,-2.22945,109.491,-2.43142,109.566,-2.54123,109.677,-2.63546,109.687,-2.77493,109.577,-2.89274,109.491,-2.91883,109.446,-2.93497,109.39,-3.06899,109.348,-3.28136,109.348,-3.37139,109.401,-3.31557
108.926,-1.26881,109.069,-1.3164,108.967,-1.36163,108.98,-1.55637,109.067,-1.84819,109.207,-2.00471,109.307,-1.99859,109.275,-2.01979,109.223,-2.14671,109.265,-2.30317,109.289,-2.39584,109.219,-2.43043,109.21,-2.4521,109.269,-2.47083,109.245,-2.45545,109.138,-2.53634
108.024,-3.65819,108.293,-3.82743,108.401,-3.93095,108.541,-4.026,108.599,-4.18351,108.598,-4.32755,108.618,-4.35749,108.675,-4.34641,108.722,-4.4703,108.704,-4.63441,108.587,-4.62457,108.402,-4.52547,108.244,-4.55322,108.254,-4.72342,108.415,-4.96082,108.544,-5.22469
108.047,0.0034256,108.265,-0.246166,108.259,-0.543537,108.266,-0.766491,108.282,-0.890472,108.291,-1.0023,108.285,-1.17146,108.28,-1.3788,108.311,-1.56312,108.324,-1.67311,108.275,-1.68581,108.194,-1.64022,108.138,-1.58455,108.093,-1.52649,108.106,-1.52099,108.217,-1.65124
107.562,-4.11935,107.798,-4.24303,107.83,-4.42208,107.889,-4.64104,107.893,-4.79817,107.829,-4.89675,107.775,-4.9864,107.822,-5.09229,107.943,-5.20304,107.997,-5.30308,107.922,-5.37333,107.825,-5.44219,107.799,-5.51992,107.815,-5.64391,107.89,-5.7739,108.083,-5.87988
107.52,-0.956791,107.783,-0.923264,107.792,-0.950336,107.879,-1.05992,107.985,-1.17927,108.032,-1.35718,107.989,-1.55991,107.908,-1.60653,107.89,-1.53747,107.926,-1.56846,107.924,-1.72833,107.876,-1.88415,107.833,-1.99467,107.787,-2.12939,107.759,-2.33626,107.789,-2.48767
107.053,-5.41033,107.389,-5.54062,107.489,-5.6298,107.53,-5.69187,107.473,-5.77497,107.337,-5.90379,107.226,-6.02998,107.22,-6.12493,107.285,-6.20766,107.349,-6.34224,107.384,-6.54582,107.385,-6.71969,107.366,-6.74284,107.384,-6.6253,107.454,-6.50596,107.552,-6.5495
106.592,0.196899,106.896,0.0708694,106.936,-0.0663185,106.969,-0.144783,107.041,-0.170753,107.149,-0.18425,107.268,-0.2239,107.353,-0.314213,107.373,-0.436367,107.345,-0.594494,107.305,-0.780483,107.287,-0.926582,107.284,-1.01752,107.234,-1.11806,107.154,-1.29508,107.105,-1.51856
106.204,-4.33078,106.529,-4.49949,106.575,-4.68266,106.627,-4.92239,106.645,-5.16095,106.568,-5.33704,106.476,-5.40625,106.481,-5.41714,106.592,-5.48064,106.721,-5.58556,106.762,-5.62745,106.698,-5.63383,106.651,-5.7049,106.716,-5.79291,106.81,-5.86373,106.843,-5.97294
106.26,0.406319,106.549,0.255878,106.589,0.129238,106.654,0.0719604,106.695,0.0120697,106.617,-0.120564,106.482,-0.292843,106.452,-0.436058,106.551,-0.499775,106.602,-0.547634,106.538,-0.687504,106.478,-0.881741,106.474,-1.01179,106.521,-1.08167,106.611,-1.14377,106.641,-1.12349
105.879,-2.2441,105.988,-2.34671,105.861,-2.53115,105.841,-2.75236,105.989,-2.89031,106.215,-2.86707,106.308,-2.81496,106.211,-2.93783,106.096,-3.17079,106.087,-3.28994,106.129,-3.29272,106.137,-3.31762,106.151,-3.40432,106.217,-3.56127,106.285,-3.76601,106.312,-3.90343
105.549,-0.984753,105.934,-1.05143,106.033,-1.06641,106.024,-1.19828,105.943,-1.43987,105.943,-1.63483,106.047,-1.6989,106.12,-1.7376,106.077,-1.84285,105.982,-1.98281,105.963,-2.10872,106.021,-2.18674,106.089,-2.25056,106.181,-2.34249,106.283,-2.45621,106.296,-2.5662
105.229,-1.21687,105.653,-1.21832,105.652,-1.15685,105.51,-1.13473,105.357,-1.31433,105.262,-1.63126,105.227,-1.86415,105.271,-1.96349,105.37,-2.06013,105.44,-2.17177,105.482,-2.19038,105.572,-2.137,105.697,-2.17172,105.808,-2.30197,105.857,-2.39421,105.796,-2.47387
105.228,-3.09449,105.42,-3.2163,105.28,-3.33948,105.176,-3.47038,105.239,-3.5975,105.415,-3.72882,105.529,-3.84014,105.557,-3.95118,105.548,-4.05759,105.494,-4.11123,105.394,-4.15554,105.354,-4.26733,105.412,-4.43011,105.455,-4.58129,105.431,-4.69939,105.389,-4.80155
104.663,-0.621143,104.912,-0.901386,104.946,-1.03077,104.963,-0.987434,104.98,-0.972652,105.013,-1.09459,105.04,-1.26055,105.042,-1.34657,105.033,-1.41697,105.052,-1.59624,105.101,-1.81669,105.128,-1.92865,105.122,-1.93358,105.109,-1.92634,105.104,-1.962,105.075,-2.00465
104.124,-1.9144,104.309,-2.15755,104.338,-2.36079,104.443,-2.39848,104.564,-2.37356,104.676,-2.50071,104.773,-2.82396,104.79,-3.13236,104.748,-3.23451,104.745,-3.20251,104.792,-3.16745,104.853,-3.14708,104.914,-3.21892,104.941,-3.48454,104.933,-3.77228,104.923,-3.87653
103.703,-2.82228,104.016,-2.83444,104.084,-2.80604,104.164,-2.83363,104.308,-2.96814,104.488,-3.1209,104.541,-3.21132,104.482,-3.3208,104.479,-3.51449,104.492,-3.66795,104.437,-3.71941,104.436,-3.77342,104.552,-3.86582,104.664,-3.96752,104.687,-4.07074,104.641,-4.144
103.414,-0.340664,103.57,-0.460049,103.548,-0.553955,103.652,-0.630756,103.77,-0.704235,103.791,-0.749088,103.784,-0.787849,103.876,-0.890324,104.036,-1.03861,104.129,-1.14326,104.087,-1.23269,104.025,-1.39183,103.974,-1.52621,103.873,-1.52269,103.762,-1.46664,103.762,-1.50266
103.25,-3.76936,103.564,-3.86535,103.554,-3.90067,103.564,-4.01157,103.595,-4.20116,103.589,-4.33959,103.572,-4.40094,103.603,-4.52378,103.665,-4.7642,103.712,-4.9803,103.748,-5.07058,103.762,-5.10328,103.752,-5.13022,103.725,-5.15704,103.658,-5.25963,103.601,-5.44022
102.741,0.438057,102.972,0.322178,103.024,0.239227,103.188,0.12569,103.343,0.0295906,103.397,-0.0375443,103.367,-0.117107,103.318,-0.227287,103.326,-0.339108,103.424,-0.480125,103.568,-0.668652,103.668,-0.810932,103.655,-0.870438,103.566,-0.902718,103.514,-0.944889,103.532,-1.01703
102.586,-2.45301,102.926,-2.55911,102.991,-2.63438,102.985,-2.73152,103.009,-2.83693,103.091,-2.95145,103.156,-3.13694,103.167,-3.41425,103.133,-3.67478,103.081,-3.80698,103.014,-3.84283,102.939,-3.87925,102.939,-3.88452,103.027,-3.89353,103.13,-3.96596,103.154,-4.02264
102.426,0.626255,102.775,0.53437,102.837,0.398888,102.774,0.262112,102.678,0.178341,102.669,0.14613,102.779,0.102814,102.9,-0.00267029,102.929,-0.185719,102.908,-0.368748,102.89,-0.514835,102.823,-0.6609,102.742,-0.790092,102.73,-0.830681,102.786,-0.827969,102.802,-0.921215
102.025,-3.39405,102.215,-3.45531,102.152,-3.53807,102.217,-3.68538,102.31,-3.87696,102.264,-4.06042,102.154,-4.18351,102.15,-4.20335,102.255,-4.12338,102.371,-4.06956,102.451,-4.13315,102.507,-4.26083,102.5,-4.45636,102.474,-4.77253,102.47,-5.06899,102.445,-5.14363
101.531,0.198891,101.793,0.149849,101.813,0.125175,101.782,0.0763397,101.708,0.0526543,101.725,0.0727119,101.931,0.082428,102.15,0.000160217,102.24,-0.205986,102.269,-0.488708,102.277,-0.73402,102.284,-0.897682,102.384,-0.983768,102.548,-0.989277,102.622,-0.9454,102.572,-0.94846
101.424,-3.46461,101.596,-3.60523,101.582,-3.74421,101.699,-3.91082,101.865,-4.13056,101.96,-4.30632,101.953,-4.38854,101.864,-4.48757,101.778,-4.68006,101.825,-4.82723,101.993,-4.83091,102.137,-4.76519,102.152,-4.76404,102.081,-4.83245,102.003,-4.94709,101.93,-5.10117
101.176,-0.2323,101.352,-0.314884,101.401,-0.530064,101.537,-0.693699,101.645,-0.781399,101.673,-0.87225,101.651,-0.978882,101.609,-1.10432,101.589,-1.23333,101.544,-1.33949,101.48,-1.45608,101.486,-1.59738,101.544,-1.70613,101.577,-1.75387,101.624,-1.80574,101.745,-1.87831
100.776,-1.74665,101.015,-1.93089,101.036,-2.10706,101.03,-2.32495,101.023,-2.54813,101.118,-2.68042,101.232,-2.75791,101.22,-2.85779,101.16,-2.97783,101.233,-3.09073,101.406,-3.19533,101.492,-3.22326,101.454,-3.17518,101.387,-3.23648,101.383,-3.428,101.456,-3.53563
100.824,-2.00622,101.091,-2.10434,101.197,-2.18023,101.235,-2.31833,101.134,-2.57871,100.959,-2.85749,100.859,-2.99401,100.952,-2.95245,101.12,-2.8279,101.149,-2.73652,101.105,-2.80886,101.118,-3.05452,101.168,-3.33118,101.161,-3.52143,101.135,-3.60135,101.169,-3.5665
100.566,-0.97089,100.84,-1.01971,100.759,-1.16163,100.711,-1.34601,100.767,-1.47897,100.876,-1.53811,101.005,-1.63247,101.115,-1.82728,101.123,-2.04714,101.016,-2.21278,100.932,-2.29942,100.934,-2.28577,100.972,-2.25438,101.005,-2.3403,101.042,-2.50169,101.044,-2.62154
100.051,-1.49004,100.244,-1.68824,100.242,-1.83538,100.333,-1.96641,100.5,-2.06011,100.634,-2.0859,100.623,-2.12649,100.513,-2.20612,100.498,-2.27399,100.658,-2.36826,100.79,-2.46917,100.747,-2.53095,100.624,-2.6108,100.553,-2.70995,100.593,-2.76767,100.733,-2.80871
99.8067,-2.11823,100.181,-2.19166,100.355,-2.22115,100.42,-2.26569,100.354,-2.40119,100.338,-2.62585,100.451,-2.83993,100.563,-2.9649,100.57,-3.04909,100.515,-3.09527,100.492,-3.12025,100.516,-3.17164,100.526,-3.23163,100.502,-3.31591,100.477,-3.45202,100.435,-3.58801
99.4113,0.354527,99.6003,0.295448,99.6247,0.151848,99.6776,0.0381584,99.7783,-0.0426559,99.9277,-0.154236,100.022,-0.32254,99.9991,-0.549946,99.9428,-0.745438,99.9002,-0.796673,99.8498,-0.774277,99.7883,-0.823204,99.7783,-0.958179,99.7835,-1.10474,99.7314,-1.21893,99.7091,-1.30011
99.1523,-3.30107,99.4082,-3.42178,99.3463,-3.47598,99.3369,-3.4902,99.41,-3.55436,99.4963,-3.64376,99.5332,-3.74368,99.535,-3.925,99.5098,-4.11512,99.473,-4.17416,99.483,-4.11866,99.5865,-4.10852,99.7533,-4.23078,99.8763,-4.4381,99.8671,-4.69075,99.7576,-4.93678
99.0776,-0.175533,99.3447,-0.335136,99.4025,-0.454445,99.4455,-0.605633,99.4711,-0.764141,99.5106,-0.839859,99.5989,-0.866879,99.71,-0.868904,99.7991,-0.867363,99.8247,-0.977135,99.7278,-1.21022,99.5374,-1.39793,99.4238,-1.48157,99.4436,-1.5348,99.4428,-1.59409,99.3825,-1.65792
98.7068,-2.42399,98.8289,-2.50092,98.8629,-2.61231,99.056,-2.73629,99.2204,-2.84674,99.2563,-2.94447,99.2353,-3.02256,99.2116,-3.0761,99.1747,-3.12241,99.1223,-3.19313,99.0955,-3.29415,99.1198,-3.42502,99.1523,-3.5575,99.1269,-3.63742,99.0452,-3.6564,98.9497,-3.72216
98.5116,-1.01347,98.7497,-1.09805,98.7962,-1.14774,98.8701,-1.28083,98.9327,-1.47251,98.8842,-1.66216,98.7615,-1.80348,98.7146,-1.88728,98.7601,-1.9528,98.8022,-2.05306,98.8374,-2.17936,98.9016,-2.26518,98.9552,-2.28885,98.9333,-2.31601,98.8721,-2.35966,98.8405,-2.43705
97.8547,-1.6229,97.9898,-1.61485,98.1192,-1.70921,98.3373,-1.82531,98.4477,-1.91736,98.4749,-2.0675,98.5319,-2.26411,98.6082,-2.40902,98.6643,-2.50597,98.6887,-2.61883,98.6515,-2.73188,98.6012,-2.81969,98.6919,-2.85852,98.8727,-2.84924,98.8857,-2.89249,98.7148,-3.01049
97.7612,-3.17015,97.9802,-3.19094,97.919,-3.28334,97.9253,-3.44482,97.9681,-3.58327,97.9811,-3.67526,98.0005,-3.7825,98.0407,-3.89641,98.0446,-3.9666,98.0157,-4.00178,98.0437,-4.12337,98.1499,-4.34547,98.2441,-4.50851,98.236,-4.50162,98.1282,-4.43411,98.0311,-4.4595
97.5816,0.583244,97.7788,0.376331,97.7631,0.218422,97.8722,0.154003,98.0062,0.128227,98.0813,0.077713,98.0964,-0.0133629,98.0749,-0.114731,98.0354,-0.215969,97.999,-0.31847,98.0041,-0.385559,98.0659,-0.428837,98.1185,-0.499065,98.1022,-0.60078,98.0828,-0.719231,98.1521,-0.872154
97.6208,-4.09337,97.8534,-4.21361,97.8641,-4.32452,97.841,-4.38551,97.7706,-4.50485,97.7005,-4.76513,97.6224,-5.098,97.608,-5.33229,97.6898,-5.36205,97.7284,-5.25863,97.6654,-5.20044,97.6163,-5.25443,97.6133,-5.38138,97.633,-5.53209,97.6483,-5.65389,97.6316,-5.73014
96.8123,0.277931,97.0724,0.22052,97.0902,0.1049,97.092,-0.0276718,97.0944,-0.216446,97.1462,-0.394699,97.2776,-0.426674,97.4286,-0.419674,97.5341,-0.506104,97.5608,-0.648796,97.5601,-0.836292,97.5516,-1.06039,97.5302,-1.24122,97.5473,-1.31865,97.6553,-1.28868,97.7707,-1.16066
96.5369,-4.76683,96.9256,-4.84967,97.1177,-4.95876,97.2157,-5.14324,97.2234,-5.33236,97.2173,-5.44004,97.2111,-5.48626,97.2232,-5.52732,97.2826,-5.55879,97.3899,-5.5701,97.4419,-5.60214,97.3708,-5.73203,97.2353,-5.9223,97.0919,-6.00821,96.9737,-5.95274,96.9664,-5.9353
96.3884,1.04868,96.6789,0.906612,96.6945,0.692596,96.6611,0.491344,96.6275,0.400318,96.6407,0.42382,96.7058,0.494762,96.7707,0.498955,96.8438,0.337315,96.9293,0.0911484,96.946,-0.0403023,96.8802,-0.0910568,96.8134,-0.219116,96.788,-0.396507,96.825,-0.42968,96.8878,-0.328918
96.2264,-1.36084,96.4708,-1.35045,96.6174,-1.42476,96.7745,-1.64598,96.8519,-1.88527,96.854,-1.98183,96.7895,-1.85254,96.7014,-1.6613,96.6219,-1.66135,96.6205,-1.85942,96.7023,-2.06613,96.7401,-2.19896,96.7095,-2.30927,96.6731,-2.41177,96.6663,-2.49927,96.7114,-2.6188
95.9012,-0.764015,96.2172,-0.856907,96.3398,-0.910549,96.3937,-0.928936,96.3785,-0.917343,96.3422,-0.922359,96.2931,-1.00708,96.2825,-1.1526,96.2875,-1.31718,96.2839,-1.43667,96.3178,-1.46859,96.4539,-1.49345,96.6411,-1.62765,96.7152,-1.82221,96.6577,-2.0028,96.6633,-2.12609
95.8923,-2.89117,96.086,-2.81492,96.0278,-2.74963,95.9635,-2.84076,95.9396,-3.05853,95.9228,-3.28101,95.8901,-3.42296,95.8727,-3.43028,95.8629,-3.3703,95.8054,-3.42267,95.7879,-3.60695,95.8852,-3.77125,95.9955,-3.88131,96.0092,-4.01148,95.9957,-4.16847,96.0281,-4.28823
95.3721,-0.914562,95.7047,-0.979942,95.6802,-1.06204,95.6124,-1.17518,95.6118,-1.29594,95.6434,-1.44425,95.693,-1.57469,95.7492,-1.54342,95.7784,-1.40547,95.7833,-1.41109,95.7782,-1.64917,95.8151,-1.95678,95.9132,-2.14126,95.9879,-2.19706,96.0285,-2.25695,96.0476,-2.4002
95.5302,-2.26118,95.7971,-2.40805,95.6534,-2.4325,95.467,-2.41597,95.4407,-2.44495,95.5408,-2.51831,95.5992,-2.64508,95.5823,-2.78808,95.558,-2.85216,95.6273,-2.92561,95.8301,-3.12761,96.0542,-3.31298,96.1215,-3.36934,96.0575,-3.45519,95.9991,-3.68233,95.9732,-3.88301
95.0826,-2.0261,95.2785,-2.20538,95.2497,-2.2713,95.2437,-2.33025,95.3278,-2.4693,95.459,-2.61677,95.5036,-2.72885,95.4985,-2.86944,95.5536,-2.98221,95.5169,-2.99251,95.2929,-3.01484,95.1282,-3.16609,95.2412,-3.3007,95.5237,-3.30767,95.7756,-3.29672,95.8397,-3.40055
94.4759,-0.942368,94.7067,-1.00951,94.7716,-1.13353,94.8038,-1.36876,94.8371,-1.66766,94.9408,-1.87794,95.076,-1.90063,95.1913,-1.83936,95.2764,-1.80364,95.3191,-1.81388,95.3616,-1.90887,95.4064,-2.06441,95.3355,-2.17629,95.062,-2.25787,94.8093,-2.34611,94.8436,-2.42148
94.479,-3.35429,94.6288,-3.46059,94.5574,-3.49828,94.6735,-3.55467,94.8955,-3.67421,95.0966,-3.8231,95.1965,-3.9632,95.1612,-4.12935,95.0245,-4.27398,94.8681,-4.29864,94.7917,-4.26923,94.8155,-4.27716,94.8582,-4.3054,94.8594,-4.35105,94.8543,-4.41217,94.8533,-4.45873
94.378,-0.257751,94.5705,-0.294815,94.4721,-0.42078,94.445,-0.704033,94.5115,-0.996639,94.5754,-1.13648,94.5677,-1.17307,94.5327,-1.25446,94.4972,-1.35915,94.4952,-1.37279,94.5106,-1.34837,94.4783,-1.38758,94.43,-1.41299,94.4234,-1.38501,94.4326,-1.43755,94.4945,-1.60904
93.954,-1.43354,94.1728,-1.44161,94.1379,-1.505,94.1865,-1.69999,94.2554,-1.92494,94.2595,-2.03859,94.2753,-2.03963,94.3384,-2.03108,94.3335,-2.0742,94.2601,-2.12552,94.2254,-2.17091,94.2902,-2.2642,94.4023,-2.39663,94.4777,-2.4906,94.4509,-2.54288,94.3616,-2.6599
93.8111,-1.65512,93.9899,-1.70823,94.0266,-1.82615,94.0886,-1.9309,94.1118,-1.98011,94.0416,-2.08144,93.9377,-2.24307,93.8961,-2.37596,93.8923,-2.46473,93.8965,-2.52964,93.8996,-2.62838,93.868,-2.78525,93.8327,-2.9514,93.889,-3.06108,94.024,-3.07104,94.147,-3.02193
93.5212,-1.82568,93.7934,-2.05237,93.8124,-2.26237,93.8209,-2.42294,93.8178,-2.47041,93.8097,-2.43279,93.7929,-2.42957,93.7631,-2.56005,93.7129,-2.77608,93.6638,-2.90955,93.6501,-2.87685,93.7228,-2.8668,93.8813,-2.96944,94.0114,-3.05326,93.9912,-3.10278,93.9078,-3.25835
93.0608,0.0632668,93.3172,0.191528,93.282,0.251072,93.2694,0.140644,93.3564,-0.0664215,93.5079,-0.243828,93.6203,-0.370972,93.624,-0.507919,93.6055,-0.65929,93.6305,-0.730865,93.6611,-0.748779,93.6792,-0.859116,93.6755,-1.0761,93.6215,-1.20393,93.5606,-1.21157,93.5179,-1.20133
93.2182,-3.93026,93.4367,-4.15129,93.2733,-4.3482,93.1497,-4.48734,93.2,-4.57649,93.3577,-4.65894,93.438,-4.75854,93.3153,-4.89986,93.0914,-5.0504,92.9978,-5.15125,93.0682,-5.20887,93.1759,-5.21492,93.234,-5.12125,93.2482,-5.00246,93.1776,-5.01158,93.0114,-5.17122
92.7035,0.590153,92.7812,0.563835,92.7386,0.366379,92.8739,0.105259,93.0972,-0.0599251,93.2598,-0.117271,93.2747,-0.164879,93.2406,-0.27919,93.2523,-0.392277,93.251,-0.444115,93.119,-0.484158,92.9625,-0.54483,92.9554,-0.619598,93.0679,-0.698013,93.1677,-0.807373,93.2583,-0.943684
92.4012,-2.77332,92.6234,-2.9236,92.6035,-3.19355,92.6241,-3.47465,92.6672,-3.65658,92.7041,-3.75649,92.7511,-3.83164,92.7912,-3.86607,92.7529,-3.88474,92.6766,-3.9168,92.6599,-3.94431,92.6937,-3.94548,92.7381,-3.94735,92.7878,-3.9983,92.8234,-4.13205,92.8435,-4.32622
92.3174,-0.797939,92.6386,-0.988663,92.7001,-1.11669,92.7335,-1.14114,92.6903,-1.10544,92.5183,-1.14179,92.3585,-1.26794,92.3584,-1.41416,92.4432,-1.57341,92.5027,-1.76383,92.5083,-1.90512,92.4683,-1.93216,92.4169,-1.95632,92.3986,-2.08969,92.4132,-2.27078,92.4627,-2.33974
91.919,-2.21171,92.2386,-2.28259,92.2926,-2.33171,92.3213,-2.31452,92.312,-2.26199,92.309,-2.3402,92.351,-2.58669,92.4126,-2.82493,92.4738,-2.95824,92.4916,-3.02511,92.4612,-3.06867,92.3889,-3.10417,92.2654,-3.14582,92.1798,-3.17409,92.242,-3.2121,92.3881,-3.30968
91.7146,0.215607,92.0195,0.0026474,92.0846,-0.134098,92.0958,-0.172989,92.0489,-0.177307,91.9316,-0.172749,91.8239,-0.215454,91.8388,-0.342533,91.9375,-0.485729,92.0076,-0.530621,92.0627,-0.515179,92.1374,-0.570965,92.1971,-0.694645,92.1898,-0.80542,92.1635,-0.913887,92.1905,-1.10004
90.987,-1.3852,91.2684,-1.58496,91.3619,-1.7098,91.3493,-1.74076,91.2395,-1.81511,91.2354,-1.95788,91.4131,-2.02682,91.6236,-2.01527,91.7199,-2.04918,91.7215,-2.18703,91.7105,-2.36856,91.7267,-2.54129,91.7664,-2.67848,91.8043,-2.76257,91.7924,-2.81371,91.7633,-2.85418
91.5688,-2.6538,91.8491,-2.7899,91.7813,-2.98251,91.6389,-3.15009,91.4807,-3.21913,91.3601,-3.23131,91.3289,-3.25468,91.3677,-3.26148,91.3953,-3.26012,91.3638,-3.36824,91.3498,-3.59726,91.4252,-3.81945,91.5651,-3.96325,91.6725,-4.05405,91.6868,-4.14293,91.6238,-4.23097
90.7368,-1.38778,90.9755,-1.30286,91.0553,-1.29752,91.1476,-1.50494,91.1706,-1.76712,91.0876,-1.91741,90.9545,-1.94255,90.8201,-1.8913,90.7369,-1.90065,90.7703,-2.08405,90.9399,-2.34106,91.1472,-2.47448,91.2895,-2.47114,91.3057,-2.49764,91.2198,-2.6594,91.0811,-2.91516
90.432,-2.55448,90.6737,-2.71452,90.5621,-2.94347,90.4545,-3.11438,90.5083,-3.13277,90.6325,-3.04982,90.7168,-3.02465,90.7782,-3.17069,90.8189,-3.42027,90.8242,-3.59758,90.8593,-3.67513,90.9715,-3.71007,91.0937,-3.76899,91.1626,-3.89646,91.1522,-4.00597,91.0998,-4.04596
90.3426,1.16754,90.7653,1.02205,90.9843,0.903769,91.0558,0.751766,90.9611,0.568336,90.8303,0.415897,90.7817,0.354462,90.8004,0.364887,90.82,0.373135,90.8077,0.347446,90.7786,0.306984,90.7709,0.190926,90.814,0.00901413,90.9106,-0.0683517,91.0026,-0.0553398,91.0275,-0.144928
90.3418,-1.7538,90.4531,-1.89678,90.402,-2.14137,90.516,-2.35763,90.6066,-2.44519,90.5664,-2.38002,90.5894,-2.20882,90.7474,-2.12704,90.8469,-2.27242,90.8116,-2.51805,90.7141,-2.6642,90.6185,-2.74797,90.5956,-2.87044,90.6537,-2.98447,90.7247,-3.04955,90.7423,-3.10369
89.6643,-0.715199,89.7969,-0.969782,89.8094,-1.13379,89.954,-1.191,90.141,-1.16625,90.2127,-1.12329,90.1463,-1.1666,90.1101,-1.33057,90.1826,-1.56423,90.3217,-1.73658,90.4729,-1.74232,90.5457,-1.66553,90.5477,-1.65189,90.544,-1.74064,90.5109,-1.88788,90.4615,-2.02661
89.5703,-2.0113,89.6913,-2.15279,89.6211,-2.25412,89.6646,-2.33328,89.7881,-2.51732,89.9039,-2.73794,89.9926,-2.83915,90.0593,-2.83932,90.1307,-2.85037,90.2101,-2.89906,90.2447,-2.87168,90.2126,-2.81339,90.1413,-2.96128,90.041,-3.3266,89.9218,-3.62285,89.928,-3.72286
89.5471,-1.91334,89.8241,-1.95597,89.7859,-2.03611,89.7554,-2.22589,89.7741,-2.4719,89.7799,-2.7054,89.7382,-2.90503,89.6862,-3.04996,89.6402,-3.1052,89.5807,-3.09174,89.5169,-3.11085,89.494,-3.18457,89.4933,-3.2926,89.5108,-3.36475,89.6127,-3.34499,89.7995,-3.32551
88.9335,-1.24028,89.1754,-1.26683,89.1451,-1.38987,89.1611,-1.5806,89.2579,-1.71943,89.3323,-1.82924,89.349,-2.00941,89.3516,-2.21092,89.3475,-2.30496,89.282,-2.3017,89.1995,-2.25175,89.2566,-2.17392,89.4574,-2.18186,89.6333,-2.32592,89.64,-2.48212,89.5293,-2.58504
88.7406,-1.46492,89.1064,-1.6395,89.2259,-1.67388,89.2631,-1.68905,89.2604,-1.76198,89.2752,-1.85832,89.3094,-1.98244,89.3613,-2.11195,89.3961,-2.14604,89.4143,-2.07942,89.432,-2.03608,89.4066,-2.116,89.3144,-2.29324,89.213,-2.49742,89.1987,-2.66496,89.249,-2.80285
88.5814,-0.713743,88.756,-0.878901,88.7302,-1.01283,88.7578,-1.13969,88.8049,-1.19684,88.8198,-1.19571,88.8727,-1.22991,89.0167,-1.32842,89.1374,-1.42645,89.1562,-1.47749,89.1677,-1.48036,89.2104,-1.50861,89.1754,-1.62074,89.0377,-1.7812,88.9319,-1.93847,88.9591,-2.08862
88.1408,-4.63287,88.3311,-4.67085,88.402,-4.83341,88.4671,-5.06765,88.5269,-5.17331,88.6188,-5.12956,88.6866,-5.14463,88.6776,-5.33053,88.5706,-5.4909,88.4063,-5.53941,88.2879,-5.59942,88.2666,-5.66478,88.2966,-5.72397,88.3601,-5.83836,88.4842,-5.98111,88.5826,-6.11158
88.0957,-0.735762,88.3772,-0.886774,88.3501,-1.07254,88.3256,-1.28286,88.4295,-1.4264,88.6088,-1.48697,88.7304,-1.55643,88.7227,-1.62375,88.5998,-1.67286,88.443,-1.7208,88.3584,-1.73324,88.3621,-1.74196,88.4153,-1.81964,88.456,-1.94101,88.4579,-2.02484,88.3887,-2.0616
87.8804,-1.46225,88.1104,-1.55794,88.0132,-1.5526,87.9923,-1.48446,88.1483,-1.46508,88.3033,-1.54099,88.2976,-1.69214,88.2312,-1.8944,88.1917,-2.04437,88.1407,-2.094,88.0986,-2.17069,88.0964,-2.29983,88.0568,-2.37033,88.018,-2.41227,88.1017,-2.52588,88.268,-2.6714
87.5524,-1.31029,87.92,-1.39174,88.0064,-1.56062,87.939,-1.7787,87.778,-1.93869,87.6723,-1.99848,87.6835,-2.03736,87.7455,-2.14211,87.7588,-2.27757,87.7473,-2.37217,87.7827,-2.41371,87.8452,-2.44644,87.8744,-2.5342,87.8466,-2.6023,87.7528,-2.5622,87.6625,-2.54884
87.3398,-0.114788,87.6536,-0.208599,87.8115,-0.193563,87.9396,-0.242285,87.9758,-0.401489,87.9623,-0.461,87.9038,-0.303499,87.773,-0.181498,87.683,-0.30908,87.7565,-0.59366,87.9206,-0.819592,88.048,-0.945606,88.0751,-1.06501,88.0204,-1.20339,87.9328,-1.29404,87.8318,-1.31599
87.258,-2.46494,87.42,-2.64305,87.3861,-2.78811,87.4279,-2.8449,87.4617,-2.84607,87.436,-2.83379,87.4058,-2.85934,87.3869,-2.93651,87.3537,-3.02227,87.287,-3.10158,87.2679,-3.21476,87.3889,-3.35626,87.6413,-3.48098,87.828,-3.51024,87.7946,-3.45505,87.6022,-3.39998
86.8083,-2.13331,87.021,-2.2978,87.0894,-2.46655,87.1542,-2.55983,87.1188,-2.56703,87.093,-2.57275,87.1585,-2.65548,87.2154,-2.82136,87.1937,-3.03821,87.1696,-3.19451,87.2317,-3.2325,87.3154,-3.24862,87.3125,-3.35757,87.2453,-3.50891,87.187,-3.58983,87.2361,-3.58459
86.8388,-1.55887,87.1113,-1.5726,87.2199,-1.61156,87.2945,-1.73409,87.2604,-1.94589,87.144,-2.16921,87.0472,-2.28681,87.0062,-2.25019,86.9621,-2.16358,86.924,-2.19497,86.9145,-2.35541,86.9264,-2.51197,86.9879,-2.59125,87.1005,-2.65166,87.179,-2.7469,87.1827,-2.8351
86.6847,-1.83906,86.786,-1.90931,86.6723,-2.01096,86.6358,-2.21094,86.6661,-2.44182,86.6639,-2.54022,86.5898,-2.52262,86.536,-2.53497,86.559,-2.57145,86.5858,-2.51917,86.6349,-2.41645,86.7659,-2.42297,86.9108,-2.60313,86.963,-2.90432,86.9305,-3.15649,86.9229,-3.2238
86.2812,-1.38543,86.4993,-1.53226,86.5307,-1.57035,86.5618,-1.61372,86.5109,-1.74282,86.4052,-1.85136,86.3532,-1.81933,86.3659,-1.73963,86.4053,-1.78461,86.4783,-1.99499,86.6277,-2.25279,86.7978,-2.43779,86.8564,-2.52855,86.8033,-2.53034,86.7601,-2.54338,86.7522,-2.69545
86.416,-0.192682,86.518,-0.429359,86.3999,-0.661051,86.3639,-0.758272,86.4562,-0.69125,86.6099,-0.562569,86.6234,-0.533791,86.4615,-0.691601,86.3216,-0.932451,86.3117,-1.06743,86.382,-1.04557,86.4041,-1.03114,86.3442,-1.12043,86.319,-1.21308,86.3511,-1.16115,86.385,-1.06484
85.8916,-0.94648,86.08,-1.07758,86.0976,-1.22921,86.1697,-1.38867,86.245,-1.58013,86.2673,-1.80413,86.277,-1.9796,86.3439,-1.99249,86.4116,-1.86662,86.3836,-1.8245,86.3281,-1.99145,86.3129,-2.20555,86.3164,-2.28101,86.3624,-2.27451,86.4604,-2.30004,86.4741,-2.38147
85.8007,-1.98741,85.92,-1.97831,85.8716,-1.973,85.877,-2.08356,85.8693,-2.24836,85.8216,-2.40945,85.7939,-2.55703,85.8064,-2.62356,85.8369,-2.61074,85.8585,-2.63759,85.8892,-2.76571,85.9301,-2.91781,85.9588,-3.02885,85.9679,-3.09939,85.9821,-3.15754,85.9699,-3.21395
85.5775,-1.90169,85.5835,-2.09918,85.4407,-2.27202,85.4572,-2.43947,85.4777,-2.53089,85.4337,-2.52375,85.4601,-2.47675,85.6034,-2.48831,85.7403,-2.58211,85.7488,-2.74267,85.6732,-2.94114,85.6582,-3.11922,85.764,-3.21839,85.8528,-3.22213,85.8211,-3.22004,85.7554,-3.25279
84.9788,-2.27123,85.2874,-2.44416,85.4015,-2.59368,85.4107,-2.69495,85.3803,-2.78725,85.3548,-2.91591,85.3316,-3.04365,85.3382,-3.12038,85.3668,-3.1032,85.3782,-3.07534,85.339,-3.14056,85.2291,-3.26366,85.1223,-3.35728,85.1614,-3.43827,85.3581,-3.50952,85.5153,-3.53578
84.7435,-0.680058,85.0879,-0.761034,85.1888,-0.757092,85.2275,-0.86137,85.2495,-1.0419,85.2385,-1.1927,85.1957,-1.35942,85.1942,-1.57548,85.2652,-1.76878,85.3592,-1.85233,85.3888,-1.80659,85.3415,-1.76745,85.2902,-1.82235,85.3376,-1.92296,85.4893,-1.98488,85.5752,-2.04882
84.87,-1.01158,85.01,-1.0579,84.9567,-1.04697,84.8886,-1.0679,84.8395,-1.20136,84.8995,-1.3685,85.0061,-1.51858,85.0191,-1.70805,84.9296,-1.84308,84.8448,-1.81205,84.8959,-1.74443,85.0983,-1.79274,85.2475,-1.94033,85.1912,-2.08709,85.083,-2.15307,85.037,-2.15957
84.2983,-0.249102,84.6001,-0.332577,84.6686,-0.30636,84.5808,-0.286802,84.4521,-0.487064,84.4216,-0.805065,84.4642,-0.930786,84.5124,-0.874624,84.6112,-0.822857,84.7301,-0.819042,84.8025,-0.81428,84.8145,-0.82461,84.7898,-0.893978,84.738,-1.06963,84.7259,-1.33374,84.7792,-1.57037
84.1755,-3.34995,84.5314,-3.49528,84.6628,-3.52726,84.6407,-3.49296,84.4324,-3.53432,84.2682,-3.75978,84.3354,-4.04184,84.4836,-4.15652,84.5414,-4.09887,84.5606,-4.06517,84.5677,-4.16736,84.4649,-4.3439,84.3179,-4.50056,84.275,-4.58781,84.3724,-4.55714,84.5316,-4.52102
83.5648,0.0684071,83.7525,0.10371,83.8689,0.0525951,83.9593,-0.119724,84.003,-0.339836,84.0941,-0.45286,84.1801,-0.45006,84.2067,-0.464527,84.2384,-0.594826,84.3012,-0.79924,84.3426,-1.00754,84.3064,-1.17151,84.2407,-1.18626,84.2622,-1.05416,84.3908,-0.902634,84.5105,-0.888271
83.6352,-1.869,83.8997,-1.95532,83.9839,-2.20458,84.1033,-2.40319,84.1259,-2.41421,83.9351,-2.39951,83.7187,-2.53148,83.7285,-2.67094,83.9484,-2.66319,84.1457,-2.6444,84.2005,-2.74444,84.2229,-2.96843,84.2607,-3.22948,84.228,-3.38944,84.1277,-3.38284,84.0559,-3.31558
83.7733,-2.1854,83.8999,-2.19374,83.7966,-2.31409,83.8092,-2.50883,83.8921,-2.63297,83.9586,-2.66915,83.9771,-2.69474,83.9464,-2.72556,83.8569,-2.73238,83.7054,-2.78067,83.5642,-2.94515,83.5069,-3.15647,83.5194,-3.32047,83.5614,-3.43874,83.6312,-3.48891,83.7134,-3.44665
83.0568,0.367865,83.3621,0.257666,83.4365,0.276079,83.4977,0.368469,83.5669,0.453972,83.5976,0.454065,83.6131,0.319532,83.6408,0.113195,83.6853,-0.0476227,83.7694,-0.137941,83.8331,-0.185575,83.7907,-0.200804,83.6943,-0.233652,83.6669,-0.327209,83.6823,-0.351536,83.6377,-0.288197
82.8044,-3.54142,83,-3.80544,83.0262,-4.05089,83.0568,-4.14828,83.0708,-4.14496,83.0244,-4.17475,82.9707,-4.29731,83.0284,-4.43463,83.2097,-4.53028,83.3447,-4.61972,83.3244,-4.71799,83.2236,-4.80141,83.1462,-4.89803,83.0621,-4.98467,82.9916,-4.94506,83.0582,-4.835
82.4947,0.954872,82.6773,0.831572,82.6764,0.705534,82.7735,0.55397,82.9021,0.479794,82.94,0.523916,82.8737,0.547356,82.8087,0.494421,82.8382,0.491419,82.934,0.562456,83.04,0.578785,83.1222,0.474819,83.1775,0.269838,83.2648,0.0193081,83.3365,-0.212181,83.3145,-0.385561
82.3907,-5.1873,82.6178,-5.29446,82.6686,-5.4398,82.5823,-5.5761,82.4089,-5.68229,82.3617,-5.77136,82.4601,-5.82236,82.5911,-5.85961,82.7138,-5.94398,82.7706,-6.03038,82.6754,-6.06013,82.4434,-6.07556,82.2341,-6.08402,82.2153,-6.06371,82.3428,-6.02549,82.4375,-6.03702
82.1193,0.291918,82.4397,0.329082,82.5117,0.377312,82.4998,0.356903,82.4216,0.311203,82.3175,0.308523,82.2038,0.335098,82.1703,0.292803,82.2461,0.173365,82.3379,0.0221405,82.3778,-0.127775,82.438,-0.258907,82.5444,-0.365519,82.5678,-0.476206,82.4863,-0.587391,82.3937,-0.641689
82.0202,-2.35274,82.1793,-2.41409,82.181,-2.43646,82.2284,-2.50634,82.2524,-2.57573,82.2415,-2.58031,82.232,-2.61253,82.2484,-2.74925,82.2824,-2.94011,82.287,-3.12796,82.2408,-3.24995,82.1885,-3.22319,82.1416,-3.14804,82.0993,-3.24274,82.1291,-3.46617,82.2525,-3.57072
81.4873,-1.32261,81.5989,-1.3501,81.5469,-1.41555,81.5305,-1.53527,81.5117,-1.61244,81.5531,-1.5463,81.7185,-1.46395,81.881,-1.58804,81.9073,-1.89495,81.8724,-2.13531,81.8911,-2.12488,81.8893,-1.99231,81.791,-1.97206,81.6858,-2.0573,81.6794,-2.12152,81.7538,-2.13385
81.1931,-0.738428,81.5322,-0.721582,81.5944,-0.759588,81.5767,-0.931141,81.5561,-1.21164,81.5331,-1.48033,81.5372,-1.59399,81.6096,-1.63796,81.6768,-1.74306,81.6919,-1.85213,81.7071,-1.89447,81.7229,-1.94425,81.6865,-1.99801,81.6266,-1.98982,81.5763,-1.94942,81.5275,-1.96739
80.3538,-2.42724,80.5818,-2.58533,80.7283,-2.75711,80.8578,-2.93095,80.8745,-3.0804,80.8494,-3.15504,80.8823,-3.20277,80.9578,-3.23,81.053,-3.24899,81.1386,-3.30021,81.1247,-3.383,81.0356,-3.43328,80.9764,-3.46328,80.9869,-3.5922,81.0325,-3.81667,81.0419,-3.97941
80.3302,0.332527,80.6441,0.207985,80.6958,0.139944,80.7468,0.110088,80.795,0.0380325,80.8071,-0.100513,80.8103,-0.260731,80.8268,-0.379438,80.8564,-0.413179,80.8685,-0.374765,80.821,-0.322895,80.7384,-0.37043,80.7676,-0.506924,80.8999,-0.620558,80.9296,-0.68503,80.8252,-0.741726
80.2321,-2.95539,80.4718,-3.0316,80.5348,-3.16927,80.5928,-3.35005,80.5635,-3.506,80.432,-3.5715,80.332,-3.62637,80.3615,-3.75758,80.4391,-3.93012,80.4604,-4.07246,80.4275,-4.12221,80.3683,-4.10348,80.2694,-4.09377,80.196,-4.1451,80.286,-4.24322,80.4895,-4.30644
79.8298,0.650557,80.098,0.604265,80.0545,0.457731,80.0192,0.260845,80.0748,0.122608,80.1127,0.0385208,80.1313,-0.0485401,80.212,-0.0941257,80.2878,-0.08535,80.2753,-0.0983009,80.2402,-0.179701,80.2337,-0.27993,80.2289,-0.335775,80.254,-0.340609,80.3451,-0.374165,80.4303,-0.479391
79.5902,-3.06354,79.8569,-3.14894,79.8957,-3.02752,79.9211,-2.89886,79.9253,-2.96378,79.8971,-3.13463,79.8776,-3.25309,79.8805,-3.3211,79.8626,-3.40045,79.8041,-3.54812,79.7853,-3.70477,79.8414,-3.72224,79.8798,-3.60609,79.8195,-3.57244,79.7351,-3.74383,79.7018,-4.0553
79.8586,-0.0708237,80.0415,-0.140112,79.9339,-0.213549,79.8642,-0.242853,79.8788,-0.326471,79.8884,-0.501947,79.8103,-0.65786,79.661,-0.705229,79.6222,-0.747175,79.7477,-0.86883,79.9014,-1.02732,79.9332,-1.13962,79.9099,-1.18788,79.928,-1.21874,79.9901,-1.22602,80.0502,-1.19819
79.1809,-2.8278,79.3847,-2.80627,79.4244,-2.7665,79.4982,-2.74064,79.5084,-2.82609,79.4407,-3.0007,79.3808,-3.13874,79.3913,-3.18818,79.4257,-3.24555,79.4363,-3.40519,79.4223,-3.58546,79.4165,-3.65714,79.4673,-3.62552,79.5409,-3.53818,79.5995,-3.46999,79.6699,-3.47887
78.9533,-0.815395,79.2445,-0.84944,79.2794,-0.932264,79.301,-1.06933,79.3253,-1.2002,79.3114,-1.31372,79.2121,-1.48625,79.1087,-1.70408,79.1237,-1.83116,79.2397,-1.75934,79.2604,-1.58904,79.1889,-1.56526,79.1876,-1.69657,79.2366,-1.83755,79.238,-1.94467,79.2009,-2.05772
78.7513,-3.2032,78.8447,-3.21784,78.766,-3.18934,78.737,-3.26053,78.816,-3.41198,78.9277,-3.4702,78.963,-3.43227,79.0039,-3.48688,79.1328,-3.65327,79.2325,-3.78064,79.1784,-3.82899,78.9947,-3.86774,78.8494,-3.9493,78.8366,-4.09574,78.887,-4.21562,78.9582,-4.19594
78.6003,-0.689342,78.7561,-0.816174,78.575,-1.05642,78.4414,-1.25106,78.4945,-1.37749,78.6947,-1.42671,78.8647,-1.40401,78.8836,-1.40631,78.8138,-1.48437,78.7721,-1.58652,78.7743,-1.71382,78.8125,-1.84137,78.8637,-1.9327,78.8997,-1.9817,78.9523,-2.00318,79.0215,-2.01515
78.6617,-0.43272,78.7158,-0.463837,78.58,-0.561913,78.5527,-0.734951,78.618,-0.853691,78.6613,-0.840647,78.5946,-0.791748,78.5004,-0.854412,78.5622,-1.02591,78.746,-1.19485,78.8697,-1.26341,78.8484,-1.24928,78.761,-1.27319,78.6996,-1.35286,78.687,-1.41455,78.7051,-1.44541
78.0131,-2.23372,78.2308,-2.22687,78.282,-2.26946,78.3469,-2.314,78.4242,-2.3636,78.4594,-2.47189,78.4659,-2.61536,78.5091,-2.73054,78.5584,-2.83551,78.5831,-2.97383,78.6047,-3.04943,78.6614,-2.97687,78.7459,-2.83621,78.7691,-2.80595,78.6649,-2.95485,78.5197,-3.16463
77.8065,-0.497141,78.1149,-0.706083,78.2013,-0.826216,78.1383,-0.816769,78.0356,-0.767612,78.0119,-0.741674,78.0967,-0.772701,78.2484,-0.883366,78.3634,-1.03505,78.3912,-1.14392,78.3436,-1.20753,78.2681,-1.25977,78.2246,-1.30883,78.2534,-1.40186,78.269,-1.56712,78.2229,-1.71985
77.7643,-2.39215,77.8733,-2.29761,77.7536,-2.2325,77.6969,-2.30506,77.7287,-2.46609,77.8229,-2.61112,77.89,-2.70349,77.8837,-2.7497,77.8479,-2.81092,77.8206,-2.90448,77.8323,-2.99956,77.922,-3.08495,78.091,-3.15755,78.2679,-3.17557,78.3838,-3.20122,78.3964,-3.29848
77.4552,-0.265228,77.7146,-0.333191,77.7589,-0.432541,77.7562,-0.505472,77.7543,-0.549854,77.8277,-0.626743,77.9251,-0.724295,77.937,-0.75263,77.8943,-0.693655,77.8767,-0.670248,77.8715,-0.749374,77.8828,-0.867739,77.8932,-1.01465,77.9082,-1.17247,77.9152,-1.29266,77.9074,-1.37799
77.4183,-2.75293,77.6124,-2.75089,77.5368,-2.72366,77.424,-2.82748,77.359,-3.10611,77.3999,-3.38643,77.4827,-3.44911,77.4872,-3.33179,77.4459,-3.33118,77.5087,-3.5356,77.6811,-3.7504,77.7829,-3.79738,77.7478,-3.75057,77.6437,-3.77125,77.5886,-3.83544,77.5973,-3.88051
77.2719,0.811789,77.5027,0.61643,77.4974,0.342337,77.5052,0.0917473,77.5273,-0.0400391,77.4985,-0.0264874,77.4418,0.0291767,77.4733,-0.0703945,77.5515,-0.299129,77.5595,-0.482971,77.5488,-0.549021,77.6154,-0.487715,77.6815,-0.352205,77.6812,-0.308739,77.7321,-0.405338,77.8092,-0.521683
76.9465,-3.44872,77.2017,-3.62873,77.2687,-3.80058,77.2785,-3.9093,77.1797,-3.93033,77.0583,-3.92233,77.041,-3.9604,77.1455,-4.11139,77.3518,-4.34011,77.5109,-4.4502,77.4638,-4.36231,77.2958,-4.2739,77.19,-4.35169,77.1832,-4.48793,77.1826,-4.60869,77.1088,-4.73204
76.624,-0.594009,76.9515,-0.415335,77.0431,-0.376865,77.0732,-0.466799,77.0404,-0.578018,77.0464,-0.647293,77.1525,-0.661705,77.2507,-0.7307,77.2375,-0.93116,77.1182,-1.1172,76.9558,-1.21881,76.8388,-1.3372,76.8398,-1.4676,76.9769,-1.47664,77.1558,-1.38353,77.2081,-1.36155
76.2776,-2.11928,76.5493,-2.24104,76.6079,-2.20359,76.6322,-2.18824,76.659,-2.31292,76.6923,-2.51432,76.7217,-2.71229,76.673,-2.87121,76.532,-2.96893,76.4416,-3.02231,76.5054,-3.13142,76.633,-3.27017,76.7154,-3.28938,76.7614,-3.2034,76.7994,-3.172,76.87,-3.24235
76.0019,-1.46322,76.3199,-1.62194,76.4552,-1.67536,76.5191,-1.76646,76.5918,-1.98212,76.6535,-2.17162,76.5806,-2.24841,76.4196,-2.28018,76.3081,-2.28343,76.3276,-2.24444,76.4722,-2.20418,76.6631,-2.17014,76.7951,-2.16082,76.8022,-2.21428,76.6679,-2.32198,76.4885,-2.40764
75.801,-1.19884,76.1024,-1.38507,76.2421,-1.4674,76.2499,-1.46156,76.1412,-1.52008,76.0938,-1.67591,76.1774,-1.83824,76.3241,-1.91255,76.4142,-1.84644,76.3376,-1.75555,76.1363,-1.81963,76.0206,-2.06314,76.0804,-2.29703,76.1417,-2.36358,76.1223,-2.25634,76.1223,-2.12812
75.7113,-1.06471,75.7997,-1.25068,75.7937,-1.35836,75.8641,-1.41598,75.9203,-1.54366,75.9409,-1.69655,75.9518,-1.74072,75.9078,-1.73357,75.7857,-1.83361,75.7164,-2.01659,75.8311,-2.12482,76.034,-2.14985,76.1594,-2.19203,76.1857,-2.29125,76.1733,-2.41441,76.1498,-2.49869
75.707,-0.889585,75.8263,-0.880497,75.7839,-0.94446,75.7964,-1.10847,75.8038,-1.28486,75.8118,-1.38922,75.8518,-1.39292,75.9102,-1.34273,75.9057,-1.36257,75.8687,-1.45762,75.8763,-1.56726,75.9663,-1.71412,76.1776,-1.89972,76.4166,-2.03521,76.4869,-2.0621,76.3558,-2.07359
75.318,-1.85576,75.54,-1.89582,75.6381,-1.98282,75.6976,-2.07575,75.7374,-2.11546,75.7885,-2.09658,75.8299,-2.07918,75.8379,-2.1348,75.8198,-2.2809,75.7848,-2.44178,75.7896,-2.59362,75.8805,-2.77339,75.9567,-2.9363,75.9573,-3.07197,75.9028,-3.22309,75.884,-3.37974
75.1145,-1.21292,75.2878,-1.33243,75.3133,-1.46021,75.4,-1.57507,75.5684,-1.65822,75.7268,-1.68138,75.7685,-1.67671,75.7378,-1.75628,75.6797,-1.92941,75.6305,-2.05013,75.6638,-2.07459,75.7227,-2.12934,75.702,-2.29962,75.6726,-2.50431,75.7758,-2.60967,75.9363,-2.57044
74.8342,-3.408,74.9807,-3.57979,74.9872,-3.754,74.9935,-3.78726,74.9904,-3.70652,75.0067,-3.68428,75.052,-3.7678,75.1812,-3.89818,75.3691,-4.02183,75.4424,-4.14746,75.3865,-4.2402,75.3611,-4.27137,75.3984,-4.26853,75.4074,-4.30833,75.3945,-4.42404,75.3852,-4.54847
74.6262,0.589918,74.924,0.509888,75.0384,0.445122,75.0939,0.435101,75.0894,0.494743,75.0801,0.626757,75.1534,0.775562,75.2264,0.772869,75.1945,0.531254,75.1538,0.219231,75.1829,0.0647259,75.2319,-0.0275135,75.2492,-0.166407,75.1966,-0.224401,75.0763,-0.169838,74.9701,-0.173437
74.3599,-2.59685,74.5694,-2.64986,74.5946,-2.68544,74.5559,-2.67864,74.5006,-2.68135,74.5113,-2.79226,74.5887,-3.00081,74.666,-3.12989,74.7485,-3.05162,74.8741,-2.89884,74.989,-2.84284,74.9622,-2.91311,74.8158,-3.10797,74.713,-3.382,74.7645,-3.645,74.8613,-3.83258
74.5421,-0.332769,74.7858,-0.461161,74.7498,-0.509644,74.6456,-0.481588,74.5439,-0.465349,74.4815,-0.560835,74.5176,-0.768784,74.6648,-0.978758,74.7346,-1.07767,74.6082,-1.03331,74.497,-1.00055,74.5549,-1.10185,74.666,-1.20136,74.6688,-1.15916,74.6256,-1.07472,74.6175,-1.08584
74.2039,-1.31606,74.4851,-1.45434,74.5348,-1.53604,74.5724,-1.52791,74.5234,-1.48441,74.372,-1.5147,74.3197,-1.6649,74.4423,-1.84676,74.5576,-1.99318,74.5365,-2.08927,74.4062,-2.12094,74.2762,-2.0986,74.3007,-2.06524,74.4868,-2.03831,74.647,-2.08384,74.6794,-2.25233
74.0006,-1.21683,74.1943,-1.29954,74.1492,-1.4057,74.1351,-1.5065,74.2253,-1.56861,74.3221,-1.62797,74.2731,-1.71269,74.1323,-1.7744,74.0065,-1.78624,73.96,-1.81602,74.0084,-1.87007,74.0905,-1.9433,74.148,-2.09863,74.2262,-2.27862,74.3163,-2.35873,74.3076,-2.3624
73.3878,-2.26679,73.5206,-2.35714,73.5352,-2.4895,73.6001,-2.58278,73.7007,-2.61484,73.8012,-2.63418,73.8433,-2.65497,73.8641,-2.69237,73.9075,-2.78954,73.8902,-2.90708,73.8197,-2.99568,73.8456,-3.06944,73.9395,-3.14027,73.9518,-3.19406,73.8858,-3.26283,73.829,-3.35339
73.1146,-1.07365,73.3583,-1.12256,73.4899,-1.03905,73.6056,-0.9725,73.6384,-0.9895,73.6367,-1.04661,73.6794,-1.15433,73.7221,-1.31079,73.713,-1.44794,73.6992,-1.56147,73.7384,-1.6732,73.7614,-1.75843,73.7761,-1.7933,73.8563,-1.78269,73.9754,-1.74287,73.9935,-1.74299
73.2445,-0.967775,73.4576,-0.998774,73.5069,-1.00626,73.4885,-1.06015,73.456,-1.1841,73.474,-1.26371,73.5615,-1.2398,73.6932,-1.21776,73.7692,-1.31919,73.7459,-1.54442,73.7226,-1.80038,73.703,-1.98557,73.6034,-2.0659,73.4809,-2.09173,73.4594,-2.14435,73.5108,-2.21767
73.0833,-0.150768,73.2929,-0.234518,73.2826,-0.246553,73.1854,-0.241207,73.0903,-0.252953,73.1013,-0.327848,73.1747,-0.532955,73.2647,-0.838768,73.3487,-1.12404,73.3828,-1.2969,73.4253,-1.39189,73.5173,-1.42762,73.5583,-1.41549,73.5325,-1.42121,73.5923,-1.39866,73.7077,-1.31938
72.8799,-2.88285,72.9639,-2.89369,72.8602,-2.98858,72.9518,-3.1578,73.1841,-3.36279,73.3745,-3.52899,73.4324,-3.6303,73.3808,-3.69047,73.3214,-3.70774,73.3407,-3.65603,73.4341,-3.62193,73.4673,-3.71312,73.3463,-3.87681,73.178,-4.05009,73.1028,-4.24327,73.0912,-4.38662
72.7913,0.1779,73.0398,0.154099,73.0834,0.123672,73.0898,0.108418,73.0414,0.0649834,72.9703,-0.0648994,72.9418,-0.223032,72.9245,-0.309832,72.9059,-0.350992,72.9029,-0.45994,72.901,-0.601803,72.8857,-0.656954,72.9054,-0.679443,72.999,-0.737543,73.1376,-0.774227,73.2378,-0.780834
72.5312,-2.14461,72.6142,-2.17128,72.5299,-2.19645,72.5066,-2.19597,72.4787,-2.23334,72.4149,-2.38066,72.4255,-2.55832,72.5841,-2.69169,72.7735,-2.77623,72.8713,-2.81977,72.8182,-2.87031,72.6497,-2.98212,72.5547,-3.07334,72.6376,-3.06927,72.7465,-3.04148,72.7188,-3.04284
72.1067,-1.23819,72.427,-1.24977,72.6538,-1.31347,72.7095,-1.51317,72.5657,-1.70184,72.4466,-1.7724,72.4779,-1.77976,72.6001,-1.78995,72.6771,-1.79608,72.6408,-1.83183,72.5177,-1.89895,72.4009,-1.99933,72.4085,-2.10897,72.5219,-2.14082,72.5962,-2.12241,72.6145,-2.166
72.0904,-0.119207,72.2936,-0.187706,72.2885,-0.377041,72.3784,-0.652121,72.4666,-0.922836,72.4212,-1.09575,72.3482,-1.11106,72.386,-1.03621,72.5113,-0.998905,72.5802,-1.04689,72.5432,-1.14194,72.4926,-1.18629,72.4466,-1.16205,72.3711,-1.16555,72.3114,-1.26759,72.2678,-1.41411
71.4994,-1.64214,71.8686,-1.71522,72.133,-1.7708,72.2864,-1.85509,72.2689,-1.9599,72.2361,-2.07112,72.2864,-2.209,72.3333,-2.38164,72.3096,-2.53266,72.2142,-2.58042,72.0848,-2.5348,72.0424,-2.51928,72.1319,-2.59194,72.1871,-2.63796,72.1614,-2.62568,72.1749,-2.69438
71.6213,-0.94976,71.7233,-1.00947,71.7087,-1.05407,71.784,-1.03784,71.911,-0.99217,72.0376,-1.04926,72.1214,-1.22433,72.1272,-1.40909,72.1152,-1.52697,72.0811,-1.61055,72.015,-1.69732,71.9855,-1.7738,72.04,-1.84838,72.1213,-1.93216,72.1707,-1.97038,72.1991,-1.90973
71.5465,-2.0532,71.6522,-2.07288,71.6824,-2.19355,71.781,-2.38549,71.7717,-2.55865,71.6347,-2.65983,71.5382,-2.69267,71.5528,-2.69681,71.6496,-2.70743,71.8219,-2.74528,71.9973,-2.83314,72.0668,-2.91932,72.0166,-2.95839,71.9674,-2.98163,71.9661,-3.03347,71.9191,-3.08653
71.2704,-0.00474548,71.5974,-0.123793,71.6788,-0.238302,71.6494,-0.266039,71.5238,-0.259869,71.3848,-0.325941,71.343,-0.446096,71.4176,-0.519892,71.4981,-0.504013,71.5184,-0.48522,71.5289,-0.632132,71.5858,-0.926228,71.6433,-1.17903,71.6184,-1.31514,71.5201,-1.39237,71.459,-1.46676
71.2766,-1.45367,71.4908,-1.49958,71.4875,-1.69328,71.4766,-1.87482,71.446,-1.90564,71.3331,-1.88125,71.1995,-1.94767,71.208,-2.10824,71.3516,-2.26075,71.4457,-2.34431,71.3748,-2.35871,71.1967,-2.34379,71.0647,-2.3531,71.0826,-2.40197,71.2079,-2.51089,71.3676,-2.67718
70.5694,-0.399334,70.8394,-0.578203,70.9311,-0.570473,71.0272,-0.494158,71.0845,-0.477797,71.0866,-0.525625,71.0349,-0.634537,70.9854,-0.840012,70.9725,-1.0352,70.9768,-1.0821,71.0211,-1.05324,71.1774,-1.12606,71.3485,-1.29523,71.3708,-1.391,71.2263,-1.36452,71.0429,-1.30051
70.8993,-1.98404,71.1509,-2.05785,71.0454,-2.09963,70.9393,-2.13396,70.9155,-2.15677,70.9164,-2.20769,70.9021,-2.29576,70.862,-2.38954,70.7728,-2.48856,70.6656,-2.58746,70.6143,-2.69109,70.7005,-2.7985,70.8476,-2.84953,70.9559,-2.81428,71.0451,-2.74599,71.1345,-2.75718
70.5025,-0.112005,70.6392,-0.321283,70.6361,-0.448238,70.6255,-0.545023,70.5941,-0.714617,70.5749,-0.845802,70.5584,-0.806568,70.573,-0.682489,70.6343,-0.651571,70.6938,-0.762512,70.703,-0.912527,70.7257,-1.03376,70.8399,-1.0858,70.9706,-1.12832,70.9798,-1.27833,70.8389,-1.48627
70.3951,-1.29065,70.6134,-1.24252,70.6633,-1.33694,70.6405,-1.53889,70.5206,-1.76622,70.4443,-1.92649,70.4848,-1.95565,70.602,-1.92947,70.7401,-1.9407,70.8697,-2.04778,70.9021,-2.24702,70.7907,-2.37848,70.6148,-2.3139,70.5046,-2.18583,70.4634,-2.16723,70.4088,-2.25687
70.136,-2.93824,70.3321,-3.13025,70.2773,-3.2379,70.2695,-3.29248,70.3783,-3.31343,70.4985,-3.30652,70.5226,-3.27844,70.4524,-3.23355,70.399,-3.24063,70.4069,-3.39373,70.3995,-3.60199,70.342,-3.7031,70.3469,-3.70873,70.4606,-3.7533,70.5645,-3.84811,70.5476,-3.91163
69.9112,1.70398,70.0739,1.74412,70.0527,1.77625,70.0644,1.7299,70.0817,1.54227,70.0819,1.30384,70.0994,1.18295,70.2068,1.18964,70.3412,1.18714,70.4028,1.10785,70.4116,1.0013,70.4139,0.922741,70.3684,0.908779,70.3148,0.963175,70.3144,1.03738,70.3068,1.0188
69.4263,-3.76989,69.4937,-3.90572,69.6239,-3.97153,69.8499,-3.9663,69.9718,-3.98176,69.9502,-4.05238,69.8487,-4.14635,69.7418,-4.23997,69.7192,-4.32643,69.7621,-4.39814,69.7584,-4.48689,69.6819,-4.63444,69.6247,-4.77902,69.6734,-4.74831,69.7673,-4.59344,69.8039,-4.55242
69.4393,0.428568,69.5865,0.169851,69.5771,0.124899,69.6617,0.234821,69.8027,0.28381,69.8499,0.147188,69.8199,-0.0987892,69.8174,-0.281935,69.7902,-0.388227,69.7093,-0.458126,69.6566,-0.454651,69.692,-0.39871,69.7479,-0.35471,69.7501,-0.402536,69.705,-0.539436,69.6525,-0.676907
69.1291,-2.60483,69.3187,-2.75084,69.32,-2.87597,69.3223,-2.93652,69.3459,-2.98046,69.4105,-3.03028,69.512,-3.06453,69.6244,-3.06346,69.7075,-2.99265,69.7417,-2.9398,69.7264,-3.0437,69.7399,-3.28935,69.8022,-3.46831,69.8325,-3.4915,69.809,-3.47829,69.7869,-3.5722
69.1544,-0.0347824,69.3999,-0.0880527,69.4018,-0.0436726,69.3454,0.0172634,69.3132,0.0268059,69.2955,-0.0165272,69.2644,-0.0706406,69.2856,-0.102766,69.3797,-0.137583,69.4474,-0.219402,69.4057,-0.321556,69.3217,-0.39019,69.275,-0.455986,69.253,-0.580631,69.2566,-0.735573,69.3501,-0.811674
68.9015,-2.03882,69.0833,-2.06246,69.1927,-2.21908,69.2495,-2.48244,69.2145,-2.64331,69.1392,-2.62881,69.1351,-2.59463,69.1909,-2.64811,69.1878,-2.72632,69.101,-2.75768,69.0405,-2.79079,69.0849,-2.92087,69.1396,-3.08766,69.1181,-3.18902,69.0339,-3.24493,68.9775,-3.28147
68.7081,-1.72514,68.9704,-1.8611,69.047,-1.87252,69.1204,-1.90067,69.1878,-2.0365,69.2005,-2.1645,69.1532,-2.14336,69.0453,-2.02711,68.9452,-2.0025,68.9248,-2.11877,68.9261,-2.24389,68.881,-2.30131,68.8688,-2.35773,68.9314,-2.4212,68.9992,-2.40553,69.023,-2.33399
68.4982,-2.04931,68.8013,-2.11168,68.8659,-2.06402,68.8616,-2.06586,68.8395,-2.15977,68.8164,-2.2695,68.8375,-2.35037,68.9798,-2.37777,69.1269,-2.34931,69.1222,-2.35642,68.9817,-2.41286,68.8366,-2.47641,68.7848,-2.55458,68.8647,-2.62873,69.056,-2.66889,69.2101,-2.74262
68.5934,-0.603903,68.6088,-0.676968,68.4898,-0.778265,68.4851,-0.816107,68.5544,-0.907557,68.6661,-1.12473,68.8371,-1.36065,69.0052,-1.4618,69.0578,-1.45255,69.0094,-1.44724,68.9661,-1.46028,68.9367,-1.45728,68.8945,-1.4545,68.8236,-1.54837,68.7221,-1.72182,68.6776,-1.83544
68.3,-1.10165,68.4579,-1.19684,68.4863,-1.31315,68.5077,-1.358,68.423,-1.35771,68.2886,-1.38595,68.2519,-1.44498,68.3412,-1.50491,68.4572,-1.5613,68.5107,-1.63371,68.4871,-1.71799,68.4107,-1.76805,68.3302,-1.78393,68.3221,-1.79505,68.4375,-1.79524,68.6576,-1.80022
68.1426,-1.8807,68.2054,-1.65172,68.158,-1.47164,68.1312,-1.57265,68.1184,-1.92679,68.2069,-2.2717,68.3647,-2.43364,68.4038,-2.4839,68.3045,-2.52821,68.2352,-2.53424,68.2684,-2.44848,68.3522,-2.36711,68.4069,-2.43642,68.4026,-2.64595,68.4031,-2.84836,68.4736,-2.96745
67.9716,-1.91923,68.0493,-2.12251,67.8619,-2.15253,67.7659,-2.08263,67.8318,-2.0626,67.8882,-2.12354,67.8383,-2.20608,67.8002,-2.31695,67.82,-2.41892,67.8275,-2.49782,67.8386,-2.60346,67.9109,-2.72691,68.056,-2.80958,68.218,-2.85947,68.2633,-2.86352,68.1534,-2.85839
67.4756,-0.891537,67.7168,-0.897902,67.8514,-0.96188,67.9449,-1.13546,67.9723,-1.37781,67.949,-1.52355,67.8555,-1.52693,67.8103,-1.55362,67.8955,-1.65884,68.0121,-1.72269,68.0358,-1.71789,67.9432,-1.77219,67.8,-1.87083,67.7195,-1.96619,67.7657,-2.06989,67.8743,-2.15759
67.2734,-1.83823,67.4875,-1.93288,67.5238,-1.9766,67.5405,-2.0773,67.5738,-2.19924,67.6399,-2.24068,67.7075,-2.21229,67.7309,-2.19476,67.6598,-2.19643,67.5181,-2.22523,67.4783,-2.31374,67.6047,-2.43757,67.7379,-2.52265,67.6877,-2.51298,67.5518,-2.50084,67.4932,-2.61777
67.5368,-0.0118389,67.7509,0.101198,67.7163,0.171297,67.6745,0.0998764,67.6864,-0.0259418,67.7158,-0.0776844,67.6813,-0.0383205,67.5983,-0.0116558,67.5636,-0.13652,67.5696,-0.382753,67.5561,-0.539747,67.5306,-0.540186,67.5437,-0.534691,67.5869,-0.570389,67.6536,-0.619291,67.7328,-0.703985
66.8355,-1.80936,67.1187,-1.75703,67.243,-1.7843,67.3309,-1.86533,67.3832,-1.89209,67.355,-1.88599,67.232,-1.93511,67.154,-2.07302,67.2446,-2.25807,67.4545,-2.43402,67.6305,-2.56008,67.6652,-2.6609,67.5493,-2.76346,67.3737,-2.83983,67.2192,-2.82011,67.1584,-2.73027
66.9568,-0.724882,67.0141,-0.836735,67.0429,-0.929766,67.1291,-0.908955,67.197,-0.777805,67.1981,-0.71324,67.118,-0.852062,67.0113,-1.10464,66.9384,-1.30964,66.9203,-1.45573,66.96,-1.59293,67.0355,-1.71764,67.1348,-1.80155,67.2499,-1.82502,67.372,-1.80447,67.4386,-1.74316
66.7115,-2.61286,66.8204,-2.53633,66.697,-2.55998,66.6996,-2.81022,66.8646,-3.05634,66.9967,-3.07776,66.9252,-2.95649,66.7399,-2.90613,66.6613,-2.95711,66.7203,-3.04259,66.7387,-3.16566,66.7042,-3.38273,66.7501,-3.57119,66.8395,-3.56437,66.874,-3.47551,66.8841,-3.49949
66.4604,-0.861691,66.3988,-0.959356,66.2989,-1.04495,66.3184,-1.13419,66.4076,-1.21212,66.5006,-1.23203,66.5385,-1.26738,66.5641,-1.37715,66.6063,-1.47742,66.6339,-1.47606,66.6355,-1.46769,66.613,-1.58488,66.5846,-1.77374,66.6139,-1.89223,66.6947,-1.91982,66.7125,-1.90721
66.0146,-0.807932,66.2234,-0.74328,66.2883,-0.610867,66.305,-0.614092,66.3415,-0.816761,66.4183,-1.01786,66.464,-1.09611,66.4568,-1.1094,66.4157,-1.17027,66.3733,-1.31371,66.3553,-1.41106,66.2937,-1.38051,66.2333,-1.36488,66.262,-1.47591,66.3278,-1.6021,66.3427,-1.64972
65.7865,-0.79607,65.9187,-0.945711,66.0615,-1.07804,66.3097,-1.1866,66.4786,-1.22846,66.5282,-1.1512,66.5045,-1.02778,66.3793,-0.998333,66.1772,-1.09097,66.0384,-1.26726,66.0508,-1.44927,66.1493,-1.56173,66.2581,-1.63142,66.3402,-1.73538,66.3411,-1.88378,66.2513,-1.97535
65.8912,-1.66763,66.0164,-1.82529,65.946,-2.04211,65.8782,-2.23473,65.8727,-2.39861,65.9539,-2.50039,66.0756,-2.45438,66.1589,-2.26807,66.1675,-2.10546,66.1778,-2.14216,66.229,-2.28223,66.2523,-2.41092,66.2525,-2.55187,66.2969,-2.68195,66.3676,-2.78304,66.3377,-2.88279
65.4617,-1.20698,65.6482,-1.25425,65.6133,-1.36638,65.5256,-1.47504,65.498,-1.60462,65.6053,-1.79289,65.7616,-1.94519,65.8142,-2.01541,65.7808,-2.08844,65.7895,-2.18225,65.8771,-2.25056,65.9333,-2.29877,65.9056,-2.34886,65.9174,-2.3952,66.019,-2.47819,66.0732,-2.57078
65.1098,-0.613701,65.263,-0.636517,65.2499,-0.690752,65.3295,-0.800903,65.4398,-0.880232,65.486,-0.886456,65.5367,-0.921585,65.6618,-1.04852,65.774,-1.16293,65.7724,-1.17131,65.659,-1.13946,65.5431,-1.19328,65.5212,-1.34866,65.6272,-1.55803,65.7935,-1.7343,65.8911,-1.81385
65.088,-1.81282,65.3302,-2.05979,65.4616,-2.26872,65.6075,-2.32285,65.6949,-2.29894,65.6799,-2.34881,65.5899,-2.47639,65.5364,-2.58095,65.6113,-2.61873,65.7306,-2.64038,65.7551,-2.65576,65.7234,-2.65368,65.7243,-2.65586,65.7011,-2.68612,65.6125,-2.74385,65.5383,-2.793
65.0634,-0.722961,65.2812,-0.875072,65.3549,-1.02617,65.3911,-1.08789,65.3805,-1.13593,65.3558,-1.25404,65.3482,-1.40083,65.4023,-1.48069,65.5468,-1.50717,65.6907,-1.5262,65.7009,-1.53217,65.5356,-1.54776,65.3208,-1.64061,65.2408,-1.79217,65.3686,-1.94365,65.5654,-2.1251
65.1279,-1.38313,65.3519,-1.53777,65.3985,-1.61819,65.4785,-1.64359,65.5378,-1.7238,65.4868,-1.87091,65.3172,-2.01655,65.0868,-2.10309,64.9074,-2.14,64.9259,-2.16559,65.1527,-2.18054,65.4409,-2.16458,65.5957,-2.17903,65.5613,-2.26788,65.4511,-2.34751,65.3385,-2.33585
64.8461,-0.498825,64.9333,-0.541668,64.9078,-0.56011,65.0025,-0.553644,65.1389,-0.621981,65.1298,-0.77714,64.9405,-0.931026,64.8009,-1.05639,64.8506,-1.18682,64.9858,-1.28898,65.0953,-1.29938,65.1506,-1.24793,65.1823,-1.25002,65.2127,-1.43216,65.2347,-1.7409,65.2067,-1.92449
64.4412,-1.61018,64.7073,-1.68812,64.7641,-1.77452,64.7111,-1.85579,64.6228,-1.95699,64.5454,-2.10236,64.5124,-2.24959,64.6058,-2.3437,64.8172,-2.38306,64.9908,-2.38709,65.0101,-2.41485,64.9313,-2.50184,64.8244,-2.59546,64.7068,-2.59618,64.6393,-2.5271,64.6703,-2.57047
64.534,-0.073473,64.785,0.0371304,64.7299,0.149908,64.6286,0.171423,64.6065,0.0775146,64.6358,-0.0717087,64.6432,-0.217363,64.601,-0.342796,64.572,-0.413996,64.6257,-0.370914,64.7886,-0.246021,64.9223,-0.210339,64.931,-0.304157,64.8885,-0.434866,64.9061,-0.537752,64.9163,-0.623194
64.1132,-1.63517,64.3645,-1.82446,64.406,-2.01476,64.3981,-2.21556,64.4372,-2.34529,64.504,-2.34546,64.4969,-2.29201,64.4383,-2.28073,64.4,-2.29939,64.4357,-2.33566,64.5259,-2.39777,64.5677,-2.50331,64.5471,-2.65559,64.5601,-2.74758,64.6623,-2.74054,64.7188,-2.73473
63.8634,-0.345028,63.9755,-0.379971,64.0011,-0.538483,64.1709,-0.710745,64.4237,-0.750717,64.5769,-0.724789,64.5542,-0.683035,64.4461,-0.651535,64.3923,-0.71262,64.4147,-0.839134,64.4182,-0.914598,64.353,-0.954805,64.2936,-1.05156,64.309,-1.2041,64.3564,-1.35345,64.3482,-1.41331
63.6016,-1.93734,63.6744,-1.9093,63.7159,-2.02011,63.8359,-2.20817,63.9245,-2.32738,64.0291,-2.33216,64.1956,-2.36221,64.2957,-2.4663,64.2394,-2.48484,64.1498,-2.38144,64.141,-2.35438,64.1838,-2.44408,64.2344,-2.52796,64.2624,-2.64954,64.2373,-2.8704,64.1765,-3.037
63.64,-0.679974,63.7736,-0.741772,63.8587,-0.785524,63.9844,-0.840431,64.0685,-0.930748,64.1184,-1.07391,64.1607,-1.23565,64.2112,-1.33752,64.2651,-1.35591,64.3044,-1.37016,64.3254,-1.46903,64.3407,-1.63958,64.304,-1.72935,64.1966,-1.6873,64.1145,-1.58334,64.0733,-1.51599
63.8658,-2.23663,63.9265,-2.44195,63.8212,-2.62468,63.8386,-2.69684,63.9828,-2.67985,64.0824,-2.64827,64.0434,-2.62874,63.9839,-2.61528,64.0193,-2.65682,64.0932,-2.78991,64.1174,-2.96952,64.0527,-3.11467,63.9177,-3.20219,63.7776,-3.25336,63.6825,-3.31384,63.6406,-3.40326
63.5224,-0.76017,63.586,-0.80781,63.5571,-0.940477,63.6341,-1.1543,63.7293,-1.35025,63.7938,-1.40007,63.8338,-1.32429,63.8548,-1.24621,63.834,-1.20881,63.7449,-1.21034,63.6666,-1.30479,63.6608,-1.50468,63.6567,-1.6962,63.6413,-1.84883,63.6765,-2.00587,63.738,-2.08515
63.3327,-0.662897,63.392,-0.791847,63.4001,-0.798735,63.54,-0.765575,63.6358,-0.792017,63.5607,-0.82098,63.3843,-0.828426,63.3169,-0.887552,63.4262,-1.01344,63.5542,-1.08016,63.5942,-1.05312,63.6268,-1.00865,63.6796,-0.994125,63.7084,-1.00768,63.6774,-1.09252,63.5973,-1.23135
62.946,-2.09227,63.1494,-2.1735,63.1769,-2.28763,63.2269,-2.36404,63.3016,-2.3891,63.3012,-2.44312,63.2493,-2.5393,63.2839,-2.56065,63.3624,-2.52768,63.3299,-2.55415,63.2033,-2.59454,63.1155,-2.62373,63.1044,-2.74379,63.1603,-2.95623,63.2674,-3.13177,63.3274,-3.17069
62.7429,-0.302946,63.0958,-0.44701,63.1366,-0.64785,63.1277,-0.815744,63.0975,-0.87203,62.9887,-0.80234,62.8682,-0.717041,62.8384,-0.768057,62.8965,-0.930834,63.0065,-1.04617,63.0823,-1.08613,63.0499,-1.14334,62.9988,-1.25971,62.9829,-1.35615,63.0093,-1.40662,63.0718,-1.47009
62.7133,-1.25148,62.8451,-1.53461,62.7463,-1.66585,62.6635,-1.70066,62.6919,-1.71949,62.7328,-1.69463,62.6965,-1.68164,62.6441,-1.77037,62.6437,-1.9526,62.6351,-2.16396,62.6078,-2.23952,62.6578,-2.15698,62.7575,-2.10739,62.7943,-2.17657,62.779,-2.23173,62.8167,-2.25434
62.544,-0.0736656,62.6915,-0.119413,62.6322,-0.19816,62.6941,-0.272175,62.9116,-0.380819,63.1146,-0.5648,63.1047,-0.730515,62.889,-0.803186,62.658,-0.851534,62.5671,-0.897457,62.5982,-0.843349,62.6751,-0.721264,62.7151,-0.676222,62.6879,-0.751781,62.6454,-0.88249,62.6782,-1.0277
62.2577,-1.79682,62.3711,-1.95688,62.4436,-2.06233,62.6205,-2.11108,62.7297,-2.1755,62.7249,-2.28008,62.6954,-2.32582,62.609,-2.25443,62.4609,-2.17049,62.3981,-2.17377,62.4587,-2.25088,62.5401,-2.28592,62.6192,-2.2604,62.6956,-2.25908,62.6984,-2.34509,62.6696,-2.45975
62.1974,-0.139824,62.3285,-0.12833,62.3429,-0.199219,62.4133,-0.336313,62.4606,-0.503672,62.5063,-0.661396,62.5793,-0.743563,62.5628,-0.704327,62.4204,-0.694937,62.2713,-0.834515,62.2302,-1.0236,62.3011,-1.10668,62.3848,-1.07406,62.3795,-1.07371,62.3165,-1.16174,62.2939,-1.2482
61.9092,-2.21253,62.198,-2.38098,62.2978,-2.49034,62.31,-2.5134,62.2609,-2.48791,62.2327,-2.48181,62.2697,-2.51498,62.316,-2.60068,62.3452,-2.71917,62.4042,-2.80465,62.454,-2.8376,62.3839,-2.82344,62.2345,-2.79134,62.1769,-2.86172,62.2611,-3.06224,62.3875,-3.23482
61.9806,-0.374542,61.9677,-0.490246,61.9614,-0.585199,62.1296,-0.637617,62.2243,-0.67989,62.1523,-0.758854,62.058,-0.839525,62.0368,-0.85614,62.031,-0.799597,62.0526,-0.777706,62.164,-0.871943,62.2243,-1.0338,62.0933,-1.1555,61.8376,-1.19374,61.7208,-1.19664,61.8628,-1.18057
61.7616,-1.22052,61.8005,-1.12984,61.6517,-1.26414,61.6088,-1.49761,61.6181,-1.58088,61.6371,-1.61392,61.7206,-1.79426,61.8862,-2.04783,61.9693,-2.1847,61.8748,-2.20391,61.7291,-2.18052,61.6959,-2.1688,61.7614,-2.2208,61.8292,-2.33335,61.8299,-2.49976,61.7857,-2.68758
60.8853,-0.819424,61.1003,-0.885519,61.2868,-0.853312,61.4422,-0.826469,61.5227,-0.890064,61.576,-1.04722,61.628,-1.2382,61.6444,-1.37492,61.5667,-1.42808,61.4555,-1.44406,61.4325,-1.48705,61.5083,-1.52701,61.6289,-1.54556,61.7106,-1.59333,61.6848,-1.72726,61.5795,-1.90999
61.11,-0.689075,61.263,-0.747902,61.2483,-0.76177,61.2295,-0.790195,61.1944,-0.79212,61.1827,-0.776514,61.279,-0.810415,61.4098,-0.883675,61.4132,-0.977146,61.2936,-1.02225,61.2219,-0.985723,61.3276,-0.956671,61.447,-1.02706,61.4223,-1.1759,61.3686,-1.39594,61.3682,-1.62691
60.9885,-1.27869,61.067,-1.42268,61.0087,-1.53434,60.9993,-1.54855,61.0458,-1.51876,61.1266,-1.54635,61.1648,-1.67391,61.1597,-1.78377,61.1573,-1.77195,61.1594,-1.7403,61.1399,-1.77928,61.1676,-1.8574,61.3409,-2.02565,61.5083,-2.23484,61.4709,-2.33516,61.281,-2.2739
60.716,-0.782837,60.825,-0.785778,60.8685,-0.816202,60.9539,-0.903423,60.9955,-1.0757,61.0511,-1.24468,61.1857,-1.30865,61.3409,-1.31782,61.3808,-1.33952,61.3348,-1.34603,61.3351,-1.34075,61.3494,-1.38091,61.3262,-1.4599,61.2942,-1.51183,61.2548,-1.54632,61.204,-1.62668
60.9651,-2.21175,61.1245,-2.41405,61.0869,-2.50164,61.0066,-2.49952,60.9254,-2.47721,60.9413,-2.50899,61.0317,-2.63257,61.1043,-2.76875,61.1392,-2.83357,61.12,-2.83654,61.0333,-2.80116,60.984,-2.74493,61.0134,-2.76593,61.0516,-2.89349,61.0657,-3.04913,61.1067,-3.18322
60.5405,-0.102633,60.8082,-0.172207,60.8792,-0.365498,60.8612,-0.493589,60.8077,-0.549404,60.8262,-0.605726,60.965,-0.65514,61.1003,-0.708563,61.1043,-0.791483,60.993,-0.825464,60.886,-0.808874,60.9114,-0.857174,61.0283,-1.01323,61.0881,-1.19837,61.0724,-1.30754,61.0776,-1.32589
60.3098,-2.78206,60.5085,-2.82165,60.5684,-2.86057,60.5941,-2.92161,60.5649,-3.09028,60.5229,-3.32593,60.5339,-3.4803,60.6803,-3.51114,60.9165,-3.51188,61.038,-3.53261,60.9464,-3.4916,60.8103,-3.38726,60.7643,-3.39377,60.7166,-3.55486,60.6461,-3.6922,60.6108,-3.71213
60.4798,-0.251219,60.6458,-0.353294,60.5815,-0.364944,60.4985,-0.369017,60.4764,-0.43219,60.5604,-0.491772,60.7286,-0.495443,60.8401,-0.492199,60.779,-0.566587,60.6572,-0.758823,60.6361,-0.98313,60.7001,-1.10497,60.7456,-1.12175,60.7248,-1.11508,60.6568,-1.11801,60.6199,-1.11558
60.3366,-2.68105,60.4523,-2.69397,60.3638,-2.65423,60.2677,-2.63306,60.2443,-2.65059,60.3007,-2.66278,60.4005,-2.64393,60.455,-2.65177,60.41,-2.73993,60.3083,-2.90064,60.1942,-3.10505,60.1127,-3.29571,60.1177,-3.38081,60.2008,-3.35873,60.2688,-3.35579,60.263,-3.42747
59.9992,-0.645508,60.1765,-0.737724,60.1858,-0.820993,60.1976,-0.916073,60.2157,-0.977673,60.1451,-0.956062,60.0138,-0.906082,59.9724,-0.923483,60.0558,-1.02435,60.1453,-1.19449,60.2055,-1.37435,60.2502,-1.49916,60.2396,-1.59595,60.1565,-1.71551,60.0936,-1.78554,60.1128,-1.75183
59.77,-1.14961,60.0066,-1.35277,60.0406,-1.56163,59.9728,-1.75425,59.8999,-1.91051,59.856,-2.01359,59.7983,-2.05322,59.7425,-2.04849,59.7834,-2.05436,59.9641,-2.14257,60.159,-2.28893,60.2083,-2.42463,60.101,-2.49279,59.9732,-2.48754,59.8984,-2.43176,59.8823,-2.33851
59.3271,0.313271,59.608,0.218456,59.7866,0.275557,59.9411,0.353315,60.0494,0.339821,60.0647,0.266756,59.9878,0.242155,59.8494,0.248102,59.7163,0.174227,59.6753,0.0826225,59.704,0.0510635,59.7814,-0.0112667,59.8792,-0.152283,59.8932,-0.27718,59.7779,-0.289715,59.6802,-0.276918
59.3108,-3.16336,59.3848,-3.15023,59.4501,-3.14076,59.5055,-3.19951,59.4599,-3.32896,59.3858,-3.48832,59.3484,-3.63738,59.3616,-3.79084,59.4104,-3.87035,59.4834,-3.77556,59.5215,-3.61594,59.4943,-3.56329,59.4316,-3.5973,59.419,-3.62826,59.4445,-3.70729,59.4905,-3.87774
59.2505,0.422161,59.359,0.347197,59.3571,0.174597,59.4562,0.0546799,59.5865,0.0376129,59.621,0.0469952,59.5459,0.048769,59.4501,0.0572071,59.407,0.031435,59.4167,-0.0465565,59.459,-0.128815,59.4554,-0.199572,59.3876,-0.29471,59.3155,-0.391685,59.2897,-0.446142,59.322,-0.486418
58.9392,-1.71155,59.0128,-1.80116,58.9785,-1.87201,58.9836,-2.01859,59.0896,-2.09974,59.2604,-2.07922,59.3475,-2.10933,59.3217,-2.24326,59.2436,-2.39918,59.1682,-2.48215,59.1377,-2.49498,59.2242,-2.54837,59.3643,-2.67416,59.3828,-2.77922,59.2064,-2.83541,59.0031,-2.8644
58.9746,-1.67361,59.0853,-1.72965,58.9508,-1.69641,58.8466,-1.63762,58.8786,-1.68317,59.023,-1.80714,59.2262,-1.87563,59.4189,-1.84595,59.4688,-1.81216,59.3583,-1.89706,59.2475,-2.06671,59.2128,-2.19158,59.1744,-2.25899,59.0892,-2.33072,59.005,-2.41736,58.9889,-2.50107
58.7329,-0.775003,58.7774,-0.807604,58.6941,-0.816954,58.6826,-0.814074,58.7443,-0.875359,58.8145,-1.04847,58.7979,-1.2042,58.7238,-1.23534,58.6555,-1.22554,58.5676,-1.27273,58.4994,-1.39115,58.5388,-1.53362,58.6878,-1.61974,58.8349,-1.62202,58.904,-1.60326,58.9039,-1.62127
58.5007,-1.03414,58.7141,-1.05986,58.7913,-1.02999,58.8458,-1.05583,58.8765,-1.15322,58.8704,-1.30965,58.8595,-1.44244,58.8231,-1.44746,58.7682,-1.31668,58.7993,-1.1831,58.8909,-1.17536,58.8623,-1.27202,58.7109,-1.38178,58.589,-1.49454,58.5754,-1.66954,58.6331,-1.8556
58.1838,-1.37246,58.2884,-1.47472,58.382,-1.58156,58.5476,-1.60943,58.636,-1.52096,58.5996,-1.36703,58.475,-1.29629,58.3789,-1.45208,58.3839,-1.74487,58.4194,-1.91462,58.4125,-1.92265,58.4159,-1.91864,58.4882,-1.96261,58.5988,-2.00593,58.6258,-2.04585,58.5648,-2.15098
58.3002,-0.813231,58.4845,-0.781937,58.4818,-0.7754,58.4542,-0.807489,58.477,-0.879986,58.5553,-0.993235,58.6509,-1.08643,58.7204,-1.14187,58.6984,-1.21778,58.6195,-1.3535,58.6093,-1.52449,58.6943,-1.71447,58.7857,-1.87096,58.8124,-1.99564,58.7761,-2.12888,58.6681,-2.20759
57.9238,-0.961136,58.2164,-1.07155,58.4073,-1.11699,58.4902,-1.11292,58.4602,-1.05372,58.4212,-1.00346,58.3985,-1.04118,58.3336,-1.22233,58.2906,-1.50454,58.3622,-1.70529,58.4537,-1.71556,58.4339,-1.66233,58.3773,-1.71688,58.3454,-1.83028,58.2963,-1.88426,58.2518,-1.82093
57.7002,-0.929441,57.7939,-1.01827,57.904,-1.13361,58.0758,-1.32296,58.2153,-1.49004,58.276,-1.46967,58.2506,-1.32388,58.1976,-1.27694,58.2041,-1.35367,58.2311,-1.4116,58.1822,-1.47831,58.0565,-1.60036,57.9617,-1.70432,57.9903,-1.78461,58.1269,-1.91442,58.2449,-2.08538
57.7341,-0.961342,57.8472,-0.949726,57.8302,-0.982513,57.7896,-1.0201,57.7568,-1.08258,57.7843,-1.19671,57.8257,-1.35627,57.8138,-1.50489,57.7846,-1.54535,57.7436,-1.46,57.7064,-1.36536,57.7338,-1.40001,57.8248,-1.53104,57.8812,-1.62272,57.9133,-1.65026,57.9736,-1.68391
57.4094,-0.7439,57.5034,-0.92494,57.461,-1.03764,57.3913,-1.09769,57.3016,-1.18926,57.3102,-1.28308,57.4915,-1.33,57.7498,-1.33431,57.9029,-1.32639,57.9062,-1.34038,57.8352,-1.37279,57.7469,-1.39451,57.6377,-1.42758,57.5637,-1.48946,57.536,-1.53955,57.5444,-1.54117
57.1456,-2.09343,57.3084,-2.24298,57.1923,-2.33281,57.0807,-2.4028,57.1031,-2.48057,57.2277,-2.50257,57.367,-2.43122,57.3771,-2.35771,57.3042,-2.35502,57.3372,-2.38475,57.4756,-2.43944,57.5315,-2.57239,57.4539,-2.73577,57.3216,-2.82983,57.2148,-2.87471,57.1662,-2.90541
57.0178,-0.269865,57.1771,-0.361956,57.27,-0.430603,57.3785,-0.408083,57.3753,-0.296612,57.2733,-0.267637,57.2257,-0.379992,57.2621,-0.503189,57.302,-0.555628,57.302,-0.60437,57.312,-0.725828,57.3408,-0.867598,57.3441,-0.979073,57.3149,-1.01953,57.2915,-0.988325,57.2412,-0.94792
57.07,-1.40711,57.1864,-1.36074,57.1037,-1.37754,57.0377,-1.49505,57.0592,-1.61938,57.1966,-1.64116,57.3287,-1.5651,57.3702,-1.49895,57.3455,-1.56832,57.3014,-1.73813,57.278,-1.85315,57.2756,-1.87207,57.2703,-1.92046,57.2621,-2.02906,57.2893,-2.13046,57.3446,-2.17649
56.9511,-0.526138,57.0365,-0.613356,57.1561,-0.647732,57.3247,-0.646132,57.3933,-0.730129,57.347,-0.918863,57.2411,-1.09414,57.1192,-1.20691,57.0745,-1.25905,57.1658,-1.2566,57.2784,-1.21952,57.2685,-1.20827,57.2037,-1.2432,57.208,-1.29011,57.2569,-1.27214,57.2931,-1.20565
56.4618,-1.71139,56.7501,-1.7749,56.8555,-1.8486,56.9517,-1.93124,57.0179,-1.92395,57.0998,-1.88697,57.2077,-1.95448,57.2411,-2.0584,57.2289,-2.06608,57.2405,-2.05095,57.2493,-2.12676,57.2428,-2.25772,57.1955,-2.31607,57.0866,-2.21564,56.9577,-2.098,56.8759,-2.16572
56.4577,-1.77469,56.6516,-1.8394,56.7029,-1.91272,56.733,-2.05139,56.7249,-2.22146,56.7001,-2.30884,56.656,-2.35043,56.5774,-2.45016,56.5367,-2.53648,56.5682,-2.52584,56.5558,-2.47204,56.4398,-2.41565,56.3858,-2.36653,56.4897,-2.38186,56.6121,-2.50224,56.6274,-2.70353
56.3151,-1.12422,56.4484,-1.24003,56.4994,-1.19041,56.5092,-1.07344,56.4227,-1.05079,56.3381,-1.16071,56.3784,-1.30535,56.5206,-1.43023,56.6057,-1.47398,56.5792,-1.41077,56.5662,-1.34952,56.7089,-1.37164,56.8795,-1.43587,56.8864,-1.50733,56.7474,-1.54267,56.5771,-1.5219
55.9209,-2.21826,55.9913,-2.30661,55.9672,-2.38343,56.0336,-2.38887,56.1666,-2.36374,56.2379,-2.42353,56.2668,-2.51656,56.3037,-2.56774,56.2805,-2.598,56.2041,-2.64806,56.2035,-2.68935,56.2524,-2.70211,56.2496,-2.74431,56.2247,-2.80095,56.2876,-2.77966,56.3782,-2.73902
55.9115,0.532104,56.102,0.60961,56.071,0.750463,56.0418,0.838217,56.0382,0.767462,56.0603,0.556196,56.0752,0.380379,56.0711,0.414553,56.1017,0.524858,56.1763,0.451063,56.1693,0.199337,55.9983,-0.0468807,55.8233,-0.210184,55.8341,-0.27235,55.9848,-0.203873,56.1189,-0.114174
55.5668,-2.10802,55.8008,-2.0302,55.8364,-2.005,55.7602,-2.06779,55.7,-2.19309,55.7602,-2.32422,55.8905,-2.39003,55.9707,-2.41016,55.9694,-2.46199,55.9229,-2.54052,55.8626,-2.63509,55.8482,-2.74116,55.8728,-2.81802,55.8517,-2.86537,55.7724,-2.9269,55.7203,-3.01035
55.4662,0.560402,55.7621,0.661686,55.9077,0.620298,55.9146,0.402624,55.8521,0.178919,55.8339,0.14304,55.8553,0.226397,55.8916,0.182674,55.9284,-0.0147209,55.9066,-0.200838,55.8652,-0.297716,55.878,-0.297495,55.8988,-0.255421,55.8226,-0.269474,55.7668,-0.295469,55.8253,-0.196539
55.3724,-2.54873,55.5677,-2.51286,55.6385,-2.41898,55.6802,-2.3963,55.6955,-2.43863,55.6732,-2.47107,55.6511,-2.51624,55.704,-2.62993,55.7857,-2.75717,55.8184,-2.87165,55.8149,-2.97314,55.8128,-3.10228,55.8142,-3.28887,55.8133,-3.46364,55.8252,-3.58946,55.8971,-3.63871
55.5773,-0.631586,55.8112,-0.651249,55.8581,-0.695662,55.8888,-0.823786,55.9208,-0.948818,55.8337,-0.985455,55.6358,-1.04552,55.5193,-1.18937,55.5601,-1.21325,55.6554,-1.03728,55.7049,-0.880541,55.685,-0.894062,55.6199,-1.01374,55.5796,-1.17427,55.6168,-1.36639,55.7092,-1.5558
54.9796,-0.985304,55.2011,-0.871696,55.3682,-0.829725,55.5824,-0.875639,55.761,-0.946754,55.8134,-1.00425,55.7337,-1.07105,55.6188,-1.20653,55.5882,-1.36557,55.6407,-1.4538,55.6413,-1.49199,55.4779,-1.51195,55.2504,-1.50754,55.1931,-1.44442,55.3617,-1.34534,55.5139,-1.38399
55.0952,-0.582848,55.2195,-0.689592,55.156,-0.800907,55.0414,-0.90037,54.9814,-0.910187,55.0304,-0.874214,55.0868,-0.935152,55.0349,-1.11081,54.9277,-1.25844,54.8799,-1.26059,54.9233,-1.1808,55.0282,-1.22904,55.1366,-1.43223,55.1795,-1.65016,55.1397,-1.7874,55.035,-1.84937
54.6785,-1.4709,54.8798,-1.53503,55.0798,-1.651,55.2822,-1.74806,55.3968,-1.74607,55.4018,-1.68495,55.3213,-1.70083,55.156,-1.81391,54.9914,-1.94717,54.9672,-2.12147,55.0623,-2.36616,55.1114,-2.53788,55.0797,-2.55379,55.0351,-2.56993,55.0201,-2.63782,55.0679,-2.63567
55.0826,-0.870237,55.0692,-0.783525,54.9775,-0.711782,54.9691,-0.758911,54.9878,-0.876709,55.0016,-0.988878,54.9804,-1.05423,54.9111,-1.109,54.8186,-1.19403,54.7551,-1.2566,54.7465,-1.291,54.8125,-1.30171,54.9303,-1.28299,55.0282,-1.22904,55.0849,-1.20523,55.1176,-1.31971
54.5854,-0.840639,54.8656,-0.866529,54.8893,-0.843721,54.8438,-0.924427,54.8214,-1.05435,54.7952,-1.11408,54.7218,-1.13467,54.649,-1.16272,54.6992,-1.17238,54.9004,-1.20579,55.0679,-1.26875,55.0704,-1.3113,54.97,-1.37144,54.9321,-1.46431,55.0037,-1.53684,55.0832,-1.56752
54.3996,-0.0262508,54.5245,-0.109716,54.4661,-0.159906,54.3837,-0.220167,54.3726,-0.340235,54.4879,-0.407179,54.6198,-0.367136,54.6887,-0.335644,54.6983,-0.3829,54.6495,-0.480347,54.5082,-0.61408,54.3577,-0.774763,54.3359,-0.91214,54.4535,-1.0089,54.572,-1.07711,54.6385,-1.11328
54.1096,-2.3203,54.1445,-2.51333,54.1255,-2.65725,54.1941,-2.78999,54.3492,-2.89664,54.4907,-2.90385,54.5001,-2.8589,54.4101,-2.84026,54.324,-2.81233,54.2899,-2.81643,54.2848,-2.95703,54.2774,-3.13456,54.257,-3.20209,54.2349,-3.16779,54.2621,-3.18971,54.2978,-3.27472
53.9783,-0.56749,54.2091,-0.585888,54.2659,-0.59281,54.1915,-0.611221,54.1303,-0.672876,54.185,-0.742186,54.2488,-0.771818,54.2271,-0.762974,54.1812,-0.800215,54.2103,-0.985451,54.2782,-1.17748,54.3107,-1.15101,54.2979,-1.02301,54.3268,-1.0673,54.4501,-1.26935,54.5844,-1.41807
53.6136,-1.69526,53.8652,-1.84854,54.0334,-1.85222,54.1542,-1.85277,54.1675,-1.93947,54.099,-2.06317,54.0349,-2.16703,54.085,-2.24344,54.2302,-2.33885,54.3532,-2.4667,54.3731,-2.55066,54.2546,-2.57993,54.0511,-2.64492,53.921,-2.68933,54.0023,-2.61415,54.2255,-2.52291
53.7059,-0.840931,54.0078,-0.955143,54.114,-1.12851,54.1665,-1.29621,54.1866,-1.31343,54.1573,-1.19494,54.0445,-1.1218,53.9186,-1.15165,53.8456,-1.24644,53.8593,-1.35861,53.9757,-1.45847,54.1219,-1.50731,54.1654,-1.45826,54.11,-1.30202,54.0483,-1.19199,54.0339,-1.21859
53.645,-1.45892,53.6723,-1.56032,53.5884,-1.61095,53.5948,-1.57747,53.7103,-1.49819,53.8765,-1.43603,53.9138,-1.43319,53.7652,-1.54949,53.606,-1.79331,53.578,-2.02564,53.6188,-2.09826,53.6313,-2.03658,53.6253,-1.9673,53.6118,-1.94733,53.5518,-1.95716,53.4627,-1.9587
53.5893,-1.3567,53.6514,-1.44344,53.6065,-1.41612,53.6544,-1.31649,53.7295,-1.28753,53.7775,-1.42633,53.8097,-1.61283,53.8134,-1.67029,53.7683,-1.67897,53.7078,-1.76081,53.7055,-1.85921,53.768,-1.94068,53.8157,-2.03602,53.8404,-2.14361,53.8551,-2.25796,53.7978,-2.42054
53.1292,-0.701181,53.3591,-0.766142,53.4794,-0.820702,53.515,-0.795496,53.4618,-0.815296,53.4565,-0.943169,53.5878,-1.04189,53.7453,-0.9834,53.7685,-0.855658,53.6819,-0.851007,53.6528,-0.970947,53.6529,-1.05042,53.5195,-1.08083,53.3509,-1.21065,53.3164,-1.39699,53.3492,-1.46273
52.9343,-2.30639,53.0681,-2.39892,53.0869,-2.49871,53.1896,-2.51713,53.347,-2.50738,53.4379,-2.47946,53.4152,-2.38896,53.3533,-2.28421,53.3432,-2.30897,53.3769,-2.50511,53.4358,-2.73681,53.5111,-2.87953,53.5334,-2.92657,53.5216,-2.92897,53.543,-2.97382,53.5752,-3.08085
52.9944,0.132095,53.2178,-0.015089,53.3755,-0.195026,53.4509,-0.337746,53.3872,-0.387589,53.2547,-0.371439,53.145,-0.348307,53.1153,-0.332575,53.1292,-0.347269,53.083,-0.420519,53.0367,-0.560513,53.1155,-0.699221,53.1924,-0.754095,53.1323,-0.781921,53.1153,-0.863449,53.2338,-0.962391
52.7091,-1.80093,52.8608,-1.73463,52.8731,-1.78843,52.7855,-1.87909,52.7154,-1.91367,52.754,-1.98721,52.8417,-2.18373,52.8781,-2.43514,52.8565,-2.60325,52.8451,-2.67985,52.9434,-2.73084,53.1027,-2.77419,53.1495,-2.78787,53.05,-2.80145,52.9515,-2.81721,52.9411,-2.7985
52.539,-0.346504,52.7229,-0.417969,52.7584,-0.490244,52.7977,-0.473757,52.8103,-0.442802,52.7779,-0.500002,52.6811,-0.586868,52.6138,-0.609983,52.6723,-0.639271,52.8076,-0.741434,52.9344,-0.84199,52.9685,-0.855892,52.8875,-0.846313,52.7485,-0.881655,52.6747,-0.956261,52.7172,-1.05125
52.5045,-0.886755,52.5788,-0.996557,52.6268,-1.05588,52.7837,-1.03868,52.9012,-1.02523,52.8544,-1.09103,52.712,-1.20985,52.6566,-1.27931,52.7122,-1.32006,52.7737,-1.44809,52.8089,-1.65386,52.8602,-1.80666,52.8758,-1.79497,52.831,-1.63943,52.7668,-1.50486,52.7334,-1.52915
52.2682,-1.19119,52.4203,-1.37605,52.4741,-1.31496,52.4999,-1.13229,52.5178,-1.02221,52.5653,-1.02534,52.5968,-1.1249,52.6332,-1.29684,52.7168,-1.45918,52.8252,-1.53414,52.821,-1.46923,52.6476,-1.31898,52.5163,-1.26901,52.6174,-1.42402,52.8227,-1.66856,52.903,-1.86564
52.328,-1.95594,52.4757,-2.01443,52.4958,-2.11111,52.4387,-2.28643,52.319,-2.47775,52.282,-2.5728,52.3987,-2.49042,52.5432,-2.33994,52.5693,-2.29822,52.4826,-2.39105,52.3613,-2.51126,52.2545,-2.55615,52.2308,-2.53021,52.3051,-2.5118,52.3778,-2.5505,52.4027,-2.59135
52.2476,-0.556168,52.3617,-0.65694,52.2852,-0.725008,52.2075,-0.729425,52.1899,-0.724024,52.2262,-0.767746,52.2618,-0.822018,52.2962,-0.830643,52.3283,-0.778711,52.3435,-0.692823,52.337,-0.646833,52.3186,-0.70072,52.3109,-0.816776,52.388,-0.981859,52.5175,-1.18643,52.4932,-1.37874
51.9789,-0.88707,52.195,-0.791119,52.3153,-0.766203,52.4213,-0.926834,52.4127,-1.16893,52.3203,-1.28469,52.2569,-1.21905,52.2688,-1.1499,52.3295,-1.12953,52.3926,-1.07224,52.3888,-1.00204,52.2975,-1.0045,52.2134,-1.0424,52.1908,-1.08012,52.2052,-1.151,52.2343,-1.2875
51.8843,-0.649837,52.0507,-0.777367,52.097,-0.734852,52.2132,-0.547541,52.3851,-0.382978,52.4349,-0.318445,52.319,-0.372265,52.1393,-0.542673,51.9939,-0.739712,51.9295,-0.848846,51.931,-0.937952,51.9451,-1.14233,51.9875,-1.3348,52.0625,-1.35458,52.0946,-1.28465,52.1042,-1.20369
52.021,-1.29251,52.1723,-1.28023,52.1374,-1.24614,52.1278,-1.19889,52.0686,-1.19816,51.9357,-1.28477,51.8561,-1.43104,51.8754,-1.60503,51.877,-1.77362,51.8332,-1.90742,51.8003,-1.90843,51.789,-1.79007,51.7875,-1.7317,51.8025,-1.81003,51.8315,-1.88506,51.8679,-1.91077
51.6116,-1.15425,51.7885,-1.203,51.7563,-1.27294,51.705,-1.42532,51.6914,-1.63105,51.7333,-1.76732,51.7974,-1.79168,51.809,-1.80729,51.7651,-1.87962,51.7064,-1.91708,51.6708,-1.86281,51.705,-1.80997,51.7842,-1.84592,51.8344,-1.95307,51.8163,-2.09916,51.7433,-2.2427
51.1159,-0.829115,51.3028,-0.79163,51.4381,-0.698832,51.4955,-0.615728,51.4298,-0.648481,51.3502,-0.79476,51.2926,-0.913877,51.2288,-0.981726,51.15,-1.05071,51.139,-1.12204,51.2271,-1.16705,51.3086,-1.15335,51.2968,-1.15575,51.2803,-1.24473,51.2981,-1.36034,51.299,-1.41126
51.0113,-0.567905,51.0955,-0.640219,51.0769,-0.730116,51.0763,-0.850878,51.1012,-0.971199,51.1456,-1.0218,51.2208,-1.00558,51.2755,-0.995407,51.2951,-1.0359,51.307,-1.11298,51.3093,-1.22228,51.3261,-1.30497,51.3392,-1.29948,51.2971,-1.27869,51.2387,-1.37762,51.2441,-1.53692
51.0083,-0.725594,51.2091,-0.733532,51.275,-0.682779,51.2663,-0.637697,51.2548,-0.683565,51.294,-0.844036,51.2614,-1.01673,51.0805,-1.14149,50.9069,-1.28369,50.963,-1.46011,51.1389,-1.57343,51.2109,-1.57394,51.2225,-1.51007,51.3034,-1.44017,51.3566,-1.38963,51.2961,-1.37399
50.7146,-1.69274,50.8331,-1.74295,50.8967,-1.88807,51.0465,-1.99437,51.1115,-2.02091,51.0535,-2.01708,50.9959,-1.98997,51.0189,-1.99573,51.0981,-2.11116,51.1483,-2.26705,51.1075,-2.37138,51.0463,-2.41503,51.0596,-2.47101,51.1523,-2.57566,51.2545,-2.69684,51.2802,-2.78861
50.8898,0.258135,50.9241,0.103289,50.8362,0.00735855,50.8002,0.00761604,50.7734,-0.0139256,50.7592,-0.0839882,50.8085,-0.140219,50.894,-0.209435,50.979,-0.301931,51.0415,-0.334661,51.0149,-0.320189,50.8947,-0.375841,50.8292,-0.54954,50.9502,-0.77051,51.1027,-0.901356,51.0704,-0.940552
50.3647,-1.87313,50.4655,-1.83845,50.4348,-1.91801,50.4039,-2.16181,50.411,-2.39222,50.4434,-2.41449,50.4572,-2.3497,50.5148,-2.37681,50.6838,-2.44941,50.8737,-2.46193,50.9171,-2.46161,50.7488,-2.55542,50.5455,-2.73063,50.5112,-2.88096,50.6614,-2.98198,50.8997,-2.99981
50.6001,0.636456,50.7816,0.753761,50.8262,0.739164,50.8765,0.570545,50.9157,0.361334,50.942,0.213371,50.9195,0.144922,50.7735,0.132296,50.5727,0.109503,50.4642,0.0382423,50.456,-0.021616,50.4897,-0.0407887,50.5762,-0.063446,50.7231,-0.0529957,50.8011,0.00543213,50.7426,-0.0140171
50.2214,-2.55138,50.4144,-2.51642,50.3356,-2.55467,50.2459,-2.64624,50.2681,-2.71128,50.3025,-2.79938,50.3246,-2.93117,50.3865,-3.00518,50.4255,-2.97597,50.3825,-2.953,50.3428,-2.99277,50.426,-3.03217,50.5643,-3.05612,50.563,-3.10795,50.4286,-3.18492,50.3478,-3.28556
50.364,-0.132105,50.3768,-0.242098,50.219,-0.305862,50.1585,-0.387705,50.1931,-0.537277,50.2228,-0.650492,50.2517,-0.725513,50.3706,-0.819181,50.4906,-0.879017,50.514,-0.861485,50.4709,-0.807783,50.4077,-0.754868,50.3953,-0.749817,50.4621,-0.78071,50.4974,-0.791517,50.4793,-0.809395
49.7207,-1.83597,49.8642,-1.92701,49.8861,-1.97932,49.906,-1.98381,49.929,-1.97156,49.9241,-1.91719,49.9407,-1.8102,50.0123,-1.73651,50.0248,-1.7723,49.9629,-1.92399,49.9417,-2.11756,50.0252,-2.24916,50.1661,-2.29766,50.2999,-2.34145,50.3156,-2.43997,50.1443,-2.56325
49.7984,-0.641586,49.9072,-0.839495,49.9042,-0.966448,49.8611,-0.961487,49.7718,-0.90156,49.7399,-0.838003,49.7909,-0.788378,49.817,-0.826126,49.7893,-0.973705,49.8043,-1.13152,49.8728,-1.23352,49.8701,-1.25772,49.8189,-1.26388,49.8345,-1.33167,49.8729,-1.44122,49.8773,-1.51886
49.6426,-1.1251,49.9053,-1.15832,49.9884,-1.16698,49.9918,-1.13223,49.9358,-1.06602,49.8891,-1.03433,49.8915,-1.09489,49.9016,-1.24708,49.8996,-1.43768,49.9113,-1.53277,49.9516,-1.50045,50.0029,-1.44555,50.0052,-1.42663,49.9388,-1.42119,49.8698,-1.43995,49.8741,-1.48687
49.6337,-0.969812,49.6922,-0.950356,49.6573,-0.836796,49.6696,-0.731636,49.661,-0.796774,49.5931,-0.958656,49.5724,-1.08021,49.6593,-1.17707,49.7957,-1.29414,49.8968,-1.35166,49.896,-1.33148,49.8139,-1.30699,49.7444,-1.30029,49.7714,-1.26075,49.8978,-1.20762,50.036,-1.20084
49.3189,-1.6304,49.4146,-1.6261,49.4342,-1.69734,49.4834,-1.82032,49.5513,-1.91486,49.6802,-1.90429,49.8487,-1.87195,49.9441,-1.95242,49.8717,-2.13414,49.6978,-2.26361,49.5894,-2.23738,49.5966,-2.14461,49.6761,-2.17529,49.7602,-2.31434,49.7796,-2.42158,49.7502,-2.44932
49.2445,-0.525595,49.4726,-0.48871,49.5098,-0.455137,49.5472,-0.483032,49.5778,-0.580421,49.583,-0.678247,49.568,-0.697392,49.5186,-0.659168,49.459,-0.66371,49.4735,-0.796066,49.5128,-0.956537,49.4755,-1.00812,49.4178,-0.99902,49.4702,-1.08725,49.585,-1.19548,49.5865,-1.23585
49.0797,-1.00004,49.1971,-1.08407,49.2259,-1.12836,49.233,-1.13307,49.2163,-1.17858,49.2474,-1.25269,49.3574,-1.23981,49.4302,-1.21177,49.3969,-1.31553,49.3139,-1.46582,49.2453,-1.51004,49.186,-1.50931,49.1551,-1.57615,49.1424,-1.65585,49.0883,-1.62473,49.0349,-1.53432
49.1002,-0.865759,49.3084,-0.921873,49.3652,-0.928793,49.3699,-0.921684,49.2765,-1.00454,49.1572,-1.19059,49.1463,-1.37212,49.2508,-1.42564,49.4257,-1.32908,49.5387,-1.23799,49.4874,-1.34163,49.3994,-1.61451,49.4263,-1.81867,49.454,-1.79931,49.3652,-1.66736,49.2149,-1.58434
49.0287,-0.311096,49.2779,-0.324345,49.3165,-0.300406,49.2619,-0.261833,49.2525,-0.227304,49.3185,-0.238018,49.3356,-0.284704,49.2353,-0.37558,49.1727,-0.489075,49.2624,-0.574463,49.3548,-0.635654,49.2854,-0.708429,49.1885,-0.764555,49.2191,-0.782469,49.3045,-0.820948,49.2925,-0.938833
48.6186,-2.01444,48.6063,-2.08886,48.5386,-2.08651,48.5939,-2.03506,48.7141,-2.02815,48.7924,-2.11066,48.8689,-2.2683,48.9828,-2.45382,49.0601,-2.5829,49.0317,-2.56406,48.8975,-2.47681,48.7049,-2.50649,48.6083,-2.63682,48.6843,-2.68951,48.9089,-2.62591,49.1148,-2.57273
48.6644,-0.243633,48.8557,-0.36327,48.7552,-0.44141,48.6261,-0.46999,48.5799,-0.463764,48.5921,-0.456091,48.6434,-0.480671,48.7765,-0.504274,48.9289,-0.506905,49.0249,-0.497341,49.135,-0.515196,49.2714,-0.583527,49.2677,-0.703026,49.12,-0.79077,49.0287,-0.793224,49.0058,-0.818214
48.2802,-0.220423,48.4426,-0.344513,48.5441,-0.396765,48.5626,-0.373611,48.4756,-0.374239,48.4181,-0.426609,48.4911,-0.508774,48.6259,-0.585476,48.7196,-0.692314,48.7848,-0.859802,48.9011,-1.0084,49.0223,-1.0344,49.0065,-1.03336,48.8662,-1.12053,48.7532,-1.24236,48.7476,-1.29603
48.4253,-0.99292,48.4335,-0.981804,48.3089,-0.990545,48.2734,-1.09523,48.369,-1.26789,48.4992,-1.38244,48.4948,-1.35354,48.4043,-1.2787,48.3985,-1.2709,48.4985,-1.31352,48.5412,-1.37249,48.4669,-1.47038,48.3837,-1.5592,48.3763,-1.55977,48.4515,-1.54354,48.49,-1.63508
48.2634,-0.363424,48.441,-0.4811,48.4502,-0.551638,48.3924,-0.688755,48.3627,-0.801239,48.4028,-0.756199,48.4277,-0.650822,48.3706,-0.649176,48.3204,-0.767725,48.4092,-0.899672,48.5861,-0.997168,48.651,-1.04171,48.5327,-1.03497,48.4632,-1.02827,48.5615,-1.04852,48.666,-1.0713
48.368,-0.319458,48.409,-0.35607,48.333,-0.303375,48.2802,-0.220425,48.3094,-0.17996,48.3717,-0.151218,48.3856,-0.117167,48.3968,-0.107313,48.4444,-0.141178,48.4461,-0.243017,48.3888,-0.4056,48.3812,-0.552389,48.4773,-0.622297,48.6197,-0.631691,48.6753,-0.623701,48.5956,-0.611027
48.0351,-1.68774,48.1006,-1.73974,48.1722,-1.74553,48.2714,-1.76796,48.3506,-1.90139,48.4281,-2.09194,48.4965,-2.21195,48.5207,-2.2146,48.448,-2.1759,48.2698,-2.13025,48.1024,-2.09802,48.0526,-2.16255,48.095,-2.35502,48.1162,-2.51536,48.1239,-2.55826,48.2032,-2.59421
48.0462,-0.298241,48.1094,-0.399895,48.0645,-0.390575,48.0503,-0.28368,48.0011,-0.227448,47.9089,-0.307203,47.8507,-0.418863,47.9012,-0.472002,48.0658,-0.515697,48.2378,-0.58956,48.3191,-0.691343,48.3271,-0.746967,48.3093,-0.710833,48.2303,-0.608133,48.0926,-0.542894,48.0491,-0.591951
47.7844,-1.53664,47.7916,-1.52334,47.7269,-1.41206,47.8009,-1.2707,47.8952,-1.23877,47.9053,-1.39096,47.8963,-1.6076,47.9332,-1.73825,47.9894,-1.73771,48.0224,-1.68796,48.0073,-1.70711,48.0131,-1.81239,48.1047,-1.90214,48.1696,-1.94668,48.0994,-2.03001,48.0099,-2.08556
47.8422,-0.130085,47.9339,-0.153088,47.8646,-0.207857,47.8139,-0.300943,47.7516,-0.378426,47.7217,-0.47818,47.7792,-0.602768,47.8645,-0.659252,47.9118,-0.600912,47.9314,-0.513193,47.9396,-0.484068,47.9172,-0.534515,47.8652,-0.599962,47.776,-0.570768,47.6691,-0.456694,47.6259,-0.421
47.3143,-0.710926,47.4436,-0.774555,47.552,-0.867527,47.6693,-0.951559,47.6999,-1.01821,47.7062,-1.10022,47.7659,-1.12641,47.8162,-1.11807,47.7504,-1.16883,47.6132,-1.288,47.5775,-1.37995,47.6751,-1.36201,47.7696,-1.26334,47.7782,-1.22894,47.7586,-1.31666,47.7287,-1.46515
47.0186,-0.519768,47.313,-0.585808,47.5321,-0.606606,47.6537,-0.609329,47.6556,-0.693165,47.5828,-0.84943,47.489,-0.986292,47.4406,-1.07847,47.4747,-1.1231,47.5274,-1.09584,47.5566,-1.08611,47.5977,-1.12273,47.624,-1.12447,47.5808,-1.08877,47.5195,-1.15043,47.5033,-1.30088
47.4142,-0.771551,47.5033,-0.898226,47.4291,-0.947372,47.3101,-0.951189,47.2253,-0.920164,47.2038,-0.893307,47.2495,-0.922817,47.3085,-1.0083,47.2829,-1.07549,47.1981,-1.0752,47.1823,-1.02541,47.2852,-0.928349,47.3864,-0.839655,47.4307,-0.890261,47.4538,-1.05497,47.4514,-1.17137
47.5093,-1.44963,47.6245,-1.53458,47.6114,-1.58882,47.5016,-1.58369,47.3634,-1.54173,47.3441,-1.59344,47.4301,-1.71885,47.4765,-1.78655,47.4035,-1.80186,47.2901,-1.84949,47.2284,-1.93443,47.2461,-2.01931,47.3296,-2.10217,47.4557,-2.18254,47.5451,-2.22446,47.5012,-2.24805
47.032,-0.637217,47.1567,-0.738684,47.235,-0.772459,47.3276,-0.766903,47.3568,-0.805918,47.2685,-0.90712,47.1905,-0.965553,47.2605,-0.948977,47.4133,-0.977064,47.5022,-1.06027,47.4918,-1.07231,47.4078,-1.01273,47.3365,-0.952929,47.356,-0.913948,47.4115,-0.89323,47.3882,-0.892756
46.9455,-1.01722,47.0916,-1.21228,47.1426,-1.37035,47.1478,-1.43745,47.1737,-1.46247,47.277,-1.47034,47.2989,-1.44317,47.1327,-1.37712,46.9283,-1.29371,46.8639,-1.27462,46.9206,-1.37903,46.9498,-1.54626,46.8681,-1.64471,46.7633,-1.62721,46.7028,-1.53209,46.7318,-1.4789
46.5216,-0.728601,46.663,-0.753817,46.7803,-0.807112,46.8352,-0.809673,46.7936,-0.765608,46.7715,-0.780043,46.8041,-0.863783,46.826,-0.885359,46.8216,-0.807718,46.8507,-0.767254,46.8954,-0.861324,46.8797,-1.06797,46.816,-1.32551,46.7738,-1.49969,46.787,-1.47618,46.8519,-1.34377
46.7054,-1.65411,46.8893,-1.72558,46.8852,-1.94783,46.7655,-2.10842,46.5705,-2.15703,46.4956,-2.16798,46.5839,-2.14625,46.6978,-2.10608,46.7624,-2.05842,46.8629,-2.02901,46.9883,-1.99172,46.9724,-1.95994,46.794,-2.02977,46.6058,-2.21657,46.4938,-2.34058,46.4544,-2.32633
46.3959,-0.594213,46.6153,-0.737957,46.6289,-0.837397,46.5973,-0.866045,46.5605,-0.894346,46.5693,-0.921417,46.6398,-0.881557,46.714,-0.832411,46.7254,-0.884027,46.6526,-1.04029,46.5885,-1.19289,46.6793,-1.26245,46.8589,-1.287,46.9773,-1.35522,46.9756,-1.46106,46.8563,-1.56763
46.3502,-1.43149,46.3984,-1.55229,46.424,-1.7108,46.5161,-1.77727,46.5253,-1.65284,46.449,-1.50794,46.4141,-1.57134,46.4731,-1.7543,46.5227,-1.85399,46.5011,-1.87589,46.4216,-1.92468,46.3357,-1.98896,46.3378,-2.00605,46.3989,-2.01114,46.4649,-2.07059,46.5447,-2.16274
46.5309,-0.0733013,46.5129,-0.0731754,46.3268,-0.179585,46.2489,-0.396969,46.3405,-0.663673,46.5326,-0.803497,46.6442,-0.782244,46.6019,-0.699986,46.5132,-0.647512,46.4742,-0.627989,46.4718,-0.616175,46.4821,-0.65288,46.4989,-0.784317,46.5489,-0.95822,46.6058,-1.07535,46.6031,-1.02007
46.4162,-0.270248,46.4489,-0.433466,46.4345,-0.667757,46.4814,-0.889132,46.4757,-0.991539,46.4109,-0.928989,46.3616,-0.842022,46.3202,-0.810684,46.2575,-0.716486,46.2051,-0.530777,46.2067,-0.442924,46.2352,-0.571968,46.2782,-0.820633,46.3062,-1.07043,46.3381,-1.21347,46.3696,-1.20282
45.8928,-1.05695,46.097,-1.2071,46.1834,-1.2785,46.1726,-1.26507,46.1049,-1.31147,46.0576,-1.49803,46.0745,-1.70894,46.1555,-1.79799,46.2185,-1.70996,46.2212,-1.50881,46.1888,-1.34032,46.122,-1.30942,46.0169,-1.42541,45.9932,-1.6559,46.1123,-1.89052,46.2754,-2.00405
45.891,0.216845,46.0933,0.119791,46.2004,0.121206,46.1698,0.0903778,46.009,-0.0335941,45.8834,-0.186377,45.8593,-0.311939,45.9178,-0.420706,46.0264,-0.477665,46.0702,-0.423336,46.0265,-0.33144,46.015,-0.328568,46.073,-0.381132,46.0781,-0.399487,45.991,-0.436123,45.9392,-0.514301
45.5275,-1.03605,45.5481,-1.20694,45.509,-1.20543,45.5141,-1.09556,45.4733,-1.07168,45.4202,-1.15295,45.4458,-1.26272,45.5182,-1.38617,45.5956,-1.51525,45.6265,-1.57663,45.5451,-1.54159,45.4564,-1.48912,45.4905,-1.48501,45.6149,-1.54301,45.7481,-1.67683,45.8191,-1.82138
45.2561,-0.219193,45.4484,-0.292267,45.517,-0.425005,45.5704,-0.515417,45.5901,-0.489168,45.563,-0.369762,45.5111,-0.337727,45.4669,-0.476807,45.4475,-0.595263,45.4762,-0.578081,45.5644,-0.605093,45.6636,-0.804483,45.6481,-1.02387,45.5043,-1.11505,45.3774,-1.06324,45.4097,-0.975298
45.0752,-0.472168,45.2641,-0.451777,45.3755,-0.417795,45.4088,-0.442247,45.3817,-0.499798,45.3657,-0.5655,45.4219,-0.613708,45.5397,-0.594984,45.6211,-0.532537,45.5822,-0.513016,45.4717,-0.597916,45.4284,-0.78792,45.5108,-0.984087,45.5975,-1.11695,45.521,-1.16702,45.3763,-1.17654
45.1429,-0.859163,45.264,-0.982649,45.2566,-0.983217,45.1986,-0.979392,45.1891,-1.09109,45.3319,-1.22342,45.5402,-1.18205,45.6809,-1.04086,45.7207,-1.03183,45.6806,-1.17435,45.6244,-1.3031,45.6078,-1.36135,45.6644,-1.43501,45.7692,-1.55001,45.8209,-1.64878,45.734,-1.69815
45.3698,-0.904856,45.4229,-0.903057,45.3849,-0.885712,45.3777,-0.929745,45.3094,-1.01743,45.1647,-1.0757,45.1252,-1.07946,45.3013,-1.07729,45.4731,-1.13843,45.4556,-1.24323,45.3659,-1.28606,45.3579,-1.27917,45.438,-1.36605,45.5347,-1.52289,45.6032,-1.62489,45.6127,-1.64141
45.167,-1.05678,45.1799,-1.16677,45.1184,-1.29518,45.1094,-1.38359,45.128,-1.34243,45.1568,-1.17903,45.2259,-1.06279,45.2979,-1.11204,45.266,-1.22544,45.1439,-1.29473,45.0405,-1.3356,45.0572,-1.38757,45.1674,-1.43615,45.2267,-1.51636,45.1936,-1.63286,45.1808,-1.73056
44.9948,-0.775223,45.0406,-0.932946,44.9968,-0.969272,45.0133,-0.880288,45.0621,-0.831581,45.074,-0.939393,45.0128,-1.12927,44.9631,-1.30401,45.0131,-1.42917,45.0709,-1.469,45.0599,-1.49159,45.0781,-1.50444,45.1847,-1.49557,45.2422,-1.52268,45.1915,-1.58503,45.1605,-1.62114
44.5453,-0.987185,44.7013,-0.967801,44.7713,-0.951221,44.831,-0.97741,44.9078,-1.05029,44.958,-1.1087,44.9054,-1.16669,44.7832,-1.33347,44.7079,-1.52666,44.722,-1.60282,44.7634,-1.58542,44.7807,-1.59609,44.8099,-1.63511,44.8472,-1.63227,44.7981,-1.58877,44.7417,-1.52783
44.6823,0.078248,44.7281,0.0487404,44.7119,0.044508,44.6932,0.0828276,44.6343,0.0888309,44.6702,-0.0089035,44.8148,-0.145594,44.9299,-0.248549,44.9447,-0.314159,44.8849,-0.336709,44.8073,-0.292386,44.7757,-0.241558,44.8203,-0.256153,44.9007,-0.337751,44.9246,-0.425158,44.8662,-0.475348
44.5396,-1.44351,44.7613,-1.39137,44.881,-1.27952,44.8637,-1.26885,44.6862,-1.43834,44.493,-1.61952,44.433,-1.62934,44.5329,-1.56174,44.6978,-1.55142,44.7615,-1.58106,44.7013,-1.62689,44.6746,-1.7099,44.6908,-1.75441,44.6805,-1.71771,44.6801,-1.6435,44.678,-1.54694
44.4446,-0.875639,44.6326,-0.981282,44.6351,-1.02383,44.5399,-1.00484,44.4859,-0.955719,44.5186,-0.941981,44.6105,-1.02645,44.7381,-1.1652,44.862,-1.29522,44.9153,-1.43437,44.8978,-1.53918,44.8844,-1.50121,44.8992,-1.38986,44.9115,-1.36418,44.9236,-1.40525,44.9348,-1.39539
44.2127,-2.31946,44.4162,-2.25446,44.534,-2.187,44.5558,-2.17784,44.4483,-2.1538,44.3563,-2.06932,44.404,-2.00571,44.4821,-2.02675,44.5162,-2.07139,44.5242,-2.12701,44.5235,-2.26578,44.5147,-2.46441,44.5248,-2.56786,44.5341,-2.52291,44.5103,-2.46624,44.4608,-2.49476
43.997,-0.0302143,44.0249,-0.218547,43.9728,-0.460953,44.0429,-0.700806,44.1222,-0.846972,44.1146,-0.834807,44.1102,-0.708422,44.1808,-0.681294,44.2746,-0.818868,44.2979,-0.898817,44.2445,-0.759668,44.1406,-0.53665,43.9999,-0.45214,43.8851,-0.569613,43.8952,-0.770543,44.0331,-0.897254
43.7438,-2.7781,43.8744,-2.74115,43.868,-2.64641,43.8828,-2.61454,43.9378,-2.69658,44.0338,-2.76649,44.0907,-2.7554,44.075,-2.7851,44.0904,-2.96837,44.2211,-3.18785,44.3515,-3.2844,44.3231,-3.2963,44.1661,-3.38026,44.0228,-3.52764,43.9165,-3.54924,43.8801,-3.42604
43.495,0.889791,43.5868,0.91553,43.6429,0.867323,43.7119,0.7886,43.6795,0.682657,43.6259,0.608837,43.6945,0.604318,43.8388,0.559832,43.92,0.409307,43.9484,0.292996,43.9775,0.28472,44.042,0.314375,44.092,0.317438,44.0699,0.272268,44.0344,0.247062,44.001,0.271515
43.3211,-1.97352,43.4147,-1.98287,43.4699,-2.0469,43.5741,-2.1057,43.6725,-2.18742,43.7019,-2.2879,43.6819,-2.35016,43.6719,-2.32619,43.6836,-2.29305,43.7111,-2.38918,43.7124,-2.56304,43.7061,-2.65799,43.7674,-2.64508,43.8503,-2.64101,43.8565,-2.69228,43.8151,-2.78916
43.5696,0.639039,43.8182,0.584502,43.8339,0.437235,43.8003,0.248721,43.771,0.19025,43.6786,0.251445,43.5638,0.262189,43.5831,0.216419,43.7127,0.237543,43.7779,0.247016,43.7861,0.129918,43.7943,0.0128193,43.782,-0.0128603,43.737,-0.0522795,43.6374,-0.181344,43.4971,-0.299254
43.5393,-0.881649,43.6584,-0.890565,43.6604,-0.956393,43.6893,-1.04942,43.7706,-1.1332,43.8149,-1.28129,43.8175,-1.53153,43.88,-1.74122,43.9555,-1.76845,43.9083,-1.68057,43.7607,-1.57335,43.6375,-1.48151,43.6169,-1.48758,43.702,-1.58008,43.7648,-1.65627,43.6752,-1.68109
42.9587,-0.622968,43.1851,-0.661203,43.3191,-0.668982,43.3737,-0.725562,43.2415,-0.801619,43.0228,-0.824283,42.9393,-0.772161,43.0559,-0.707789,43.2326,-0.743812,43.3175,-0.90305,43.2864,-1.08538,43.2884,-1.23068,43.3701,-1.27845,43.4093,-1.26196,43.3568,-1.27122,43.3037,-1.30375
43.0383,-0.556163,43.2251,-0.56742,43.1969,-0.561324,43.1004,-0.563433,43.0703,-0.601718,43.1284,-0.685019,43.2575,-0.815391,43.4102,-0.958969,43.4668,-1.08138,43.4324,-1.15223,43.3932,-1.16871,43.319,-1.16912,43.2355,-1.21447,43.2093,-1.27421,43.2532,-1.29935,43.3532,-1.37271
42.8338,-0.813944,42.8475,-0.84664,42.7196,-0.938869,42.7239,-1.11399,42.8531,-1.24437,42.9717,-1.24583,43.0194,-1.21295,43.0417,-1.25998,43.0489,-1.39291,42.9878,-1.51603,42.8868,-1.51997,42.8254,-1.42268,42.8284,-1.36247,42.864,-1.368,42.9505,-1.39066,43.1011,-1.4684
42.9871,-0.385362,43.0852,-0.374883,42.9381,-0.372597,42.7856,-0.387973,42.7216,-0.345611,42.7591,-0.306758,42.8287,-0.441674,42.9184,-0.704023,43.0567,-0.90493,43.1897,-0.928535,43.1808,-0.821988,43.0556,-0.743799,42.9985,-0.790895,43.0953,-0.92973,43.2531,-1.09166,43.316,-1.19859
42.8811,-0.450427,42.9454,-0.438776,42.8964,-0.426014,42.9226,-0.463761,43.0454,-0.560872,43.1883,-0.723939,43.2879,-0.918056,43.3217,-1.04744,43.2834,-1.06611,43.1907,-1.04093,43.1452,-1.07289,43.1864,-1.12223,43.2388,-1.05151,43.2826,-0.868966,43.3066,-0.730675,43.2162,-0.735312
42.7623,-1.12606,42.7648,-1.21735,42.7505,-1.35416,42.8564,-1.38658,43.0099,-1.2759,43.0852,-1.21093,43.0362,-1.29564,42.9545,-1.47358,42.899,-1.64052,42.9068,-1.73216,42.9965,-1.7688,43.0894,-1.80672,43.063,-1.80498,42.9249,-1.71428,42.8175,-1.62349,42.8299,-1.62854
42.6642,-0.349237,42.9109,-0.271199,42.8882,-0.278179,42.7592,-0.386234,42.7158,-0.514765,42.7835,-0.596581,42.814,-0.583759,42.7906,-0.47307,42.7766,-0.378907,42.7547,-0.454811,42.7373,-0.669831,42.7528,-0.853108,42.7359,-0.916631,42.7129,-0.880145,42.7372,-0.767314,42.7591,-0.61193
42.7204,-0.959053,42.7065,-0.944362,42.6563,-0.983434,42.6784,-1.04848,42.6189,-1.08376,42.4861,-1.12162,42.4203,-1.20312,42.5261,-1.30228,42.746,-1.374,42.9041,-1.45118,42.8587,-1.54461,42.6741,-1.61192,42.5401,-1.60414,42.5104,-1.5884,42.5013,-1.64609,42.4856,-1.75525
42.2515,-0.35594,42.3602,-0.346156,42.4175,-0.329798,42.491,-0.291202,42.4378,-0.262261,42.3212,-0.295896,42.2984,-0.351615,42.3244,-0.407369,42.2674,-0.4852,42.1585,-0.561732,42.123,-0.568933,42.1717,-0.489491,42.2243,-0.4315,42.2756,-0.553558,42.3938,-0.785991,42.5629,-0.920063
42.0794,-1.16686,42.2612,-1.04428,42.3999,-0.886002,42.5509,-0.860994,42.5853,-0.967099,42.5109,-1.08299,42.4444,-1.1263,42.4337,-1.11287,42.4658,-1.14042,42.4525,-1.2614,42.3281,-1.38035,42.2042,-1.42729,42.2036,-1.41983,42.2694,-1.38707,42.3756,-1.33474,42.4762,-1.28733
42.2388,-0.307421,42.2066,-0.346621,42.0486,-0.37965,41.9984,-0.418723,42.0861,-0.438279,42.2078,-0.441004,42.2623,-0.448843,42.2731,-0.462268,42.3048,-0.464355,42.324,-0.461387,42.2965,-0.49348,42.2539,-0.544713,42.2547,-0.564898,42.2642,-0.532679,42.2084,-0.479196,42.1879,-0.485257
41.9748,-0.985131,42.0556,-1.11019,41.9817,-1.23354,41.8832,-1.29804,41.8561,-1.35559,41.9373,-1.40863,42.0371,-1.43852,42.0866,-1.45874,42.0883,-1.4811,42.0914,-1.48237,42.0922,-1.45381,42.0701,-1.46825,42.0329,-1.63004,42.0163,-1.83451,42.0154,-1.83233,42.0162,-1.62682
41.8671,-0.368741,41.9815,-0.384765,41.9621,-0.454477,42.0043,-0.585476,42.0463,-0.703743,42.0648,-0.808809,42.1652,-0.846152,42.243,-0.72625,42.1656,-0.566441,42.0217,-0.547413,41.9483,-0.598742,41.9253,-0.610996,41.9609,-0.665267,42.0868,-0.861122,42.1635,-1.08022,42.0545,-1.17476
41.8165,-0.364347,41.8919,-0.458328,41.834,-0.436497,41.8024,-0.336927,41.8628,-0.321833,41.9569,-0.405389,41.9767,-0.489353,41.8712,-0.531135,41.7393,-0.522442,41.7483,-0.531506,41.8949,-0.654553,42.0094,-0.82953,42.0363,-0.936203,42.0726,-0.979923,42.1514,-0.990418,42.1894,-0.977021
41.7173,-1.12922,41.8899,-1.22854,41.8412,-1.25924,41.7001,-1.27749,41.6039,-1.27433,41.5824,-1.24748,41.5917,-1.25127,41.6472,-1.34076,41.6977,-1.49138,41.6801,-1.61419,41.6727,-1.6455,41.7757,-1.6099,41.9422,-1.51174,42.0309,-1.43599,41.979,-1.53217,41.8849,-1.75379
41.398,0.29584,41.4672,0.20439,41.4448,0.153946,41.5589,0.132647,41.7765,0.121484,41.9118,0.0680599,41.9012,-0.0287285,41.8315,-0.0887728,41.8083,-0.0395575,41.8762,0.0915937,41.9691,0.181897,41.9817,0.164111,41.8977,0.0954781,41.7715,0.0296211,41.6969,-0.0735388,41.7609,-0.195379
41.4935,-1.92084,41.4348,-2.00704,41.3342,-1.97497,41.3631,-1.92178,41.4694,-1.94892,41.5424,-2.03109,41.5582,-2.16035,41.6135,-2.38333,41.6977,-2.58386,41.6989,-2.59877,41.6283,-2.47967,41.6088,-2.39044,41.694,-2.44692,41.7657,-2.58092,41.7536,-2.66807,41.7333,-2.68687
41.4362,0.296503,41.5053,0.187045,41.4441,0.0459118,41.4251,-0.000522614,41.4793,0.0658407,41.5189,0.0876026,41.498,0.027524,41.5616,-0.0201139,41.7014,-0.0537033,41.7225,-0.0858297,41.6181,-0.0630465,41.5493,0.0029459,41.5875,0.00360584,41.6861,-0.108852,41.7538,-0.270147,41.7041,-0.414156
41.3204,-1.6371,41.47,-1.73068,41.552,-1.77317,41.6139,-1.70096,41.6112,-1.56621,41.6134,-1.38833,41.627,-1.21333,41.595,-1.21652,41.5906,-1.44405,41.6848,-1.68656,41.7629,-1.75634,41.7278,-1.70953,41.6424,-1.71979,41.5664,-1.84405,41.5053,-2.04665,41.542,-2.21332
41.1986,-0.639379,41.2401,-0.573236,41.0764,-0.452243,40.9797,-0.472357,41.0827,-0.613722,41.2881,-0.712038,41.4099,-0.745499,41.4218,-0.773834,41.3754,-0.803618,41.3256,-0.898883,41.2925,-1.06412,41.2657,-1.16514,41.2768,-1.12455,41.4044,-1.03759,41.6093,-1.00024,41.6623,-1.01645
40.7846,-0.972357,40.8815,-1.01371,40.912,-1.00089,40.8345,-0.987301,40.6728,-1.06036,40.5791,-1.22796,40.5837,-1.33634,40.6507,-1.30049,40.814,-1.2498,40.9804,-1.29786,40.9825,-1.39442,40.8679,-1.44514,40.8064,-1.44533,40.8405,-1.45923,40.912,-1.48302,40.9265,-1.45642
40.6853,-0.662754,40.8445,-0.675369,40.9232,-0.7346,40.9468,-0.778543,40.9291,-0.82188,40.9354,-0.934616,40.972,-1.03981,40.984,-1.05014,40.9757,-1.07926,41.0042,-1.17757,41.0628,-1.23759,41.0737,-1.23301,41.0036,-1.26759,40.8732,-1.34801,40.7661,-1.39817,40.8262,-1.41908
40.8495,-0.888683,40.9151,-0.825196,40.9091,-0.658443,40.882,-0.636517,40.792,-0.715355,40.7117,-0.743969,40.7095,-0.744885,40.7523,-0.803865,40.7899,-0.923964,40.8435,-1.0271,40.9194,-1.04906,40.9469,-1.06571,40.9211,-1.12017,40.9034,-1.11477,40.9538,-1.10643,41.0084,-1.24248
40.918,-0.282858,41.0114,-0.248749,40.9795,-0.362149,40.8782,-0.517587,40.782,-0.642637,40.7889,-0.762834,40.8806,-0.834577,40.9097,-0.842851,40.8769,-0.874596,40.8623,-0.919201,40.8149,-0.898064,40.7249,-0.848685,40.6838,-0.878818,40.6825,-0.96139,40.6487,-1.00896,40.6475,-0.99405
40.6872,-1.1005,40.7539,-1.22888,40.7033,-1.40145,40.6958,-1.45076,40.6793,-1.38079,40.6456,-1.31287,40.5989,-1.32993,40.5236,-1.44364,40.5152,-1.57024,40.6536,-1.62493,40.8384,-1.6191,40.9152,-1.64324,40.888,-1.67005,40.8362,-1.62001,40.8244,-1.4942,40.8547,-1.4199
40.463,-0.0483494,40.5392,-0.211256,40.6043,-0.348002,40.6689,-0.428557,40.7003,-0.515395,40.7115,-0.603023,40.7402,-0.616576,40.8042,-0.530724,40.846,-0.410564,40.7752,-0.376224,40.6007,-0.467504,40.451,-0.599627,40.4214,-0.712113,40.4749,-0.784513,40.5516,-0.826659,40.6384,-0.844036
40.3315,-1.12686,40.4776,-1.27318,40.5558,-1.45318,40.5974,-1.54599,40.5137,-1.52987,40.4094,-1.44035,40.4187,-1.3954,40.4792,-1.49051,40.4993,-1.63595,40.4842,-1.65509,40.4929,-1.52321,40.5421,-1.42049,40.5844,-1.53348,40.5699,-1.78577,40.5306,-1.94848,40.5524,-1.93932
40.1695,-0.46662,40.2499,-0.420005,40.2117,-0.371922,40.2238,-0.382254,40.2769,-0.508672,40.3094,-0.738637,40.3525,-0.920558,40.4533,-0.93462,40.518,-0.868952,40.4941,-0.830287,40.4846,-0.813765,40.5067,-0.799331,40.4968,-0.80609,40.4472,-0.83461,40.4021,-0.843297,40.3888,-0.836061
40.02,-0.355042,40.3127,-0.319241,40.425,-0.287438,40.3983,-0.242234,40.3144,-0.213387,40.2996,-0.275994,40.3816,-0.367229,40.4668,-0.392978,40.4852,-0.418564,40.4545,-0.498133,40.429,-0.547315,40.4399,-0.591476,40.4933,-0.730626,40.4957,-0.870657,40.3931,-0.852234,40.2266,-0.724704
40.0641,-0.746835,40.0526,-1.04914,39.9343,-1.23736,39.8826,-1.34627,39.9947,-1.38122,40.2395,-1.26808,40.4259,-1.12566,40.4637,-1.13028,40.3935,-1.23161,40.2352,-1.26992,40.0688,-1.2706,40.0417,-1.32815,40.1743,-1.45451,40.2896,-1.52146,40.2225,-1.47783,40.0595,-1.44377
40.1066,-0.487909,40.0931,-0.596161,40.0515,-0.729051,40.096,-0.761654,40.0779,-0.730789,39.9719,-0.698375,39.9622,-0.669121,40.0766,-0.685144,40.1579,-0.738186,40.1272,-0.738278,40.0616,-0.704288,40.0402,-0.70817,40.1111,-0.773247,40.2379,-0.891805,40.2876,-1.05297,40.1905,-1.22458
39.8026,-1.4671,39.992,-1.5029,39.963,-1.47661,39.837,-1.47572,39.6949,-1.54053,39.6123,-1.63681,39.5835,-1.75147,39.6226,-1.85047,39.7721,-1.86457,39.973,-1.82377,40.1013,-1.80574,40.0884,-1.79323,40.0387,-1.79101,40.0652,-1.82349,40.1048,-1.8812,40.0658,-1.95916
39.895,-0.0331507,39.8467,0.0696402,39.6603,0.0554361,39.574,-0.111597,39.6524,-0.273587,39.7526,-0.328936,39.7451,-0.329502,39.6898,-0.380959,39.7163,-0.492907,39.8482,-0.550343,39.9717,-0.508686,40.0309,-0.478682,40.0508,-0.562644,40.047,-0.700147,40.0056,-0.815031,39.9373,-0.853974
39.2609,-1.37416,39.4436,-1.47945,39.5933,-1.47555,39.7135,-1.49937,39.8204,-1.53397,39.9051,-1.50352,39.9566,-1.5101,39.9943,-1.61219,40.0068,-1.69672,39.9769,-1.69899,39.9063,-1.67738,39.8719,-1.66876,39.9247,-1.6235,39.9956,-1.56036,40.0015,-1.56816,39.9231,-1.68061
39.4319,-0.194413,39.519,-0.255258,39.542,-0.291742,39.6402,-0.281261,39.7935,-0.157855,39.8465,-0.045846,39.7418,-0.0590763,39.6525,-0.127365,39.6522,-0.163376,39.6235,-0.180557,39.5193,-0.219246,39.4459,-0.319312,39.5009,-0.450091,39.6592,-0.540002,39.7515,-0.570461,39.6721,-0.552511
39.1387,-1.34598,39.2672,-1.53564,39.3437,-1.69327,39.3414,-1.66345,39.2823,-1.59597,39.2666,-1.70514,39.2252,-1.85076,39.1025,-1.86386,39.0349,-1.81278,39.1299,-1.84978,39.2484,-1.99746,39.2481,-2.13095,39.1578,-2.11759,39.0995,-2.02155,39.1423,-1.98305,39.2495,-1.96363
39.104,-0.909235,39.3874,-0.997855,39.5177,-1.14314,39.5203,-1.2959,39.4533,-1.42923,39.3938,-1.54399,39.3511,-1.56448,39.2772,-1.4314,39.1858,-1.22616,39.1211,-1.11487,39.1449,-1.17155,39.26,-1.32324,39.3665,-1.49133,39.3662,-1.62482,39.2957,-1.66468,39.2606,-1.58713
39.2328,-0.0318775,39.3385,-0.100306,39.3278,-0.24583,39.3579,-0.335766,39.4241,-0.328469,39.4127,-0.276857,39.2543,-0.284429,39.0614,-0.380855,38.9727,-0.505339,38.9825,-0.565326,39.0311,-0.503889,39.1004,-0.400376,39.1857,-0.408123,39.2578,-0.48811,39.3217,-0.548479,39.4005,-0.638447
39.0056,-1.16342,39.1445,-1.32304,39.2586,-1.47256,39.3065,-1.54989,39.2653,-1.53128,39.2022,-1.46036,39.1241,-1.35984,39.0368,-1.26826,39.0547,-1.2864,39.2253,-1.39936,39.3577,-1.513,39.2651,-1.56729,39.031,-1.56563,38.9304,-1.5643,39.0454,-1.63652,39.1997,-1.72298
38.8547,0.373454,38.8222,0.475202,38.7956,0.440931,38.8686,0.310022,38.8254,0.168763,38.6497,0.0923939,38.5697,0.0997896,38.6955,0.111629,38.8855,0.0196314,39.0065,-0.121861,39.0555,-0.214101,39.0547,-0.242657,39.0217,-0.243663,39.0046,-0.294456,39.0003,-0.424505,38.9729,-0.566808
38.9074,-2.4126,38.9429,-2.30792,38.8659,-2.17357,38.786,-2.14817,38.7306,-2.24836,38.7848,-2.35896,38.9275,-2.41181,38.9609,-2.43626,38.8456,-2.4488,38.7446,-2.47075,38.7258,-2.52991,38.7098,-2.64435,38.6796,-2.74938,38.7193,-2.78909,38.8593,-2.75593,39.0082,-2.6831
38.6621,0.441255,38.5913,0.573077,38.4571,0.691067,38.4981,0.73393,38.6408,0.711807,38.7431,0.657376,38.7448,0.53753,38.7007,0.367716,38.6657,0.206837,38.6597,0.0991535,38.6878,0.0750494,38.739,0.111941,38.7954,0.148485,38.8147,0.151453,38.7703,0.104578,38.7313,-0.00411224
38.5731,-1.82472,38.5706,-1.83091,38.4405,-1.79584,38.4016,-1.80705,38.4441,-1.8533,38.4429,-1.88713,38.3533,-1.9607,38.2042,-2.14902,38.0984,-2.35503,38.1421,-2.41619,38.3198,-2.35691,38.5043,-2.33835,38.6275,-2.38144,38.6848,-2.41382,38.7075,-2.40684,38.7066,-2.35592
38.1169,0.73787,38.2781,0.579949,38.3477,0.445033,38.3969,0.388803,38.4264,0.337059,38.4578,0.219485,38.5079,0.0943308,38.571,0.0234127,38.5678,0.00666904,38.4529,-0.000587463,38.3188,0.0071907,38.2928,0.111687,38.3826,0.251996,38.5073,0.278741,38.6011,0.159177,38.6475,-0.00600243
38.5487,-1.7606,38.6039,-1.72715,38.5059,-1.71963,38.458,-1.81925,38.5345,-1.92814,38.628,-1.92477,38.6034,-1.79917,38.4512,-1.68105,38.3036,-1.70205,38.2911,-1.84322,38.4395,-1.97062,38.6163,-2.03738,38.7105,-2.0722,38.7492,-2.07899,38.7276,-2.10088,38.5929,-2.18313
38.3287,-0.309231,38.4588,-0.3443,38.4632,-0.293728,38.4283,-0.228906,38.4302,-0.264,38.4433,-0.386723,38.4013,-0.524888,38.3608,-0.641952,38.3673,-0.687943,38.3885,-0.720072,38.422,-0.805992,38.4706,-0.824033,38.4631,-0.696383,38.4088,-0.603796,38.4117,-0.68981,38.5242,-0.847695
38.1239,-0.731236,38.2291,-0.694727,38.2268,-0.793123,38.245,-0.982939,38.3079,-1.13861,38.3729,-1.21389,38.3877,-1.26149,38.3976,-1.32148,38.4301,-1.37449,38.389,-1.38661,38.2264,-1.37801,38.0611,-1.39361,38.0686,-1.44178,38.2269,-1.48295,38.3369,-1.51881,38.3353,-1.60666
37.9519,-0.0777578,38.0329,-0.118072,37.992,-0.112191,37.9518,-0.175242,37.9453,-0.306205,37.9965,-0.39753,38.0955,-0.437971,38.2026,-0.485295,38.2801,-0.547625,38.2797,-0.60164,38.1856,-0.6463,38.0796,-0.711365,38.0084,-0.77978,38.0028,-0.735968,38.0564,-0.613407,38.126,-0.602104
37.7304,-0.447802,37.9253,-0.368465,37.898,-0.315807,37.7862,-0.324326,37.7278,-0.325777,37.7371,-0.280828,37.7228,-0.289419,37.6858,-0.433205,37.7377,-0.642198,37.8911,-0.854702,37.9921,-1.05845,37.9884,-1.14721,37.966,-1.06944,37.9422,-0.964031,37.9264,-0.914246,37.9811,-0.904078
37.6855,-1.5617,37.8231,-1.69368,37.8689,-1.75392,37.9493,-1.75604,37.9631,-1.74,37.8544,-1.70104,37.7576,-1.64168,37.7456,-1.58261,37.7675,-1.52471,37.7878,-1.50592,37.8035,-1.52497,37.7995,-1.55226,37.8334,-1.55343,37.8925,-1.57216,37.903,-1.67034,37.8538,-1.87055
37.5031,-0.0534725,37.4929,-0.096241,37.4366,-0.114781,37.5125,-0.136739,37.6981,-0.181828,37.7435,-0.216608,37.6102,-0.277754,37.5132,-0.431363,37.5584,-0.581631,37.6517,-0.645003,37.6274,-0.69109,37.4517,-0.736724,37.3037,-0.732261,37.3603,-0.708446,37.5751,-0.713072,37.7571,-0.798181
37.2093,-1.29506,37.2277,-1.24117,37.2205,-1.33395,37.3686,-1.51537,37.5385,-1.63889,37.5556,-1.71631,37.4292,-1.81818,37.2797,-1.88356,37.2779,-1.78171,37.407,-1.57618,37.5131,-1.49311,37.5518,-1.59738,37.626,-1.72519,37.7534,-1.80247,37.8374,-1.86205,37.8416,-1.92696
37.4297,-0.427978,37.3628,-0.494563,37.3101,-0.521819,37.3607,-0.477472,37.4231,-0.35125,37.4685,-0.288549,37.5327,-0.343645,37.5751,-0.328421,37.5646,-0.230245,37.5259,-0.254186,37.4896,-0.466899,37.5126,-0.729082,37.6015,-0.940508,37.6717,-1.01613,37.6561,-0.97908,37.5806,-0.903106
37.3015,-0.910133,37.5917,-0.911258,37.8204,-0.979311,37.9298,-1.13593,37.8607,-1.28291,37.7056,-1.32248,37.5242,-1.24482,37.3328,-1.17393,37.1877,-1.23747,37.187,-1.37624,37.3357,-1.4189,37.4712,-1.35683,37.4592,-1.3465,37.3687,-1.41789,37.3444,-1.46397,37.3972,-1.41871
37.2833,-0.366404,37.1761,-0.416558,37.1388,-0.468142,37.3022,-0.625144,37.4504,-0.78856,37.4394,-0.859884,37.3288,-0.865311,37.3008,-0.871943,37.4282,-0.851735,37.5576,-0.738402,37.5422,-0.634604,37.4725,-0.743392,37.4604,-1.0075,37.4812,-1.09364,37.4365,-0.950828,37.3571,-0.853404
37.2249,-0.416595,37.3753,-0.353395,37.4168,-0.366727,37.4442,-0.529599,37.4731,-0.653362,37.4649,-0.585006,37.407,-0.434958,37.3735,-0.379771,37.4354,-0.453786,37.5444,-0.584947,37.6339,-0.737081,37.7148,-0.844137,37.7967,-0.855895,37.8063,-0.823673,37.7201,-0.795745,37.5712,-0.789103
36.9281,-0.497693,37.1366,-0.469056,37.2172,-0.532646,37.2465,-0.651139,37.248,-0.788988,37.2061,-0.878413,37.1261,-0.901752,37.0804,-0.872245,37.0879,-0.822936,37.0598,-0.87831,36.9734,-1.11209,36.9538,-1.34603,37.0174,-1.44241,37.072,-1.48098,37.1134,-1.51232,37.1962,-1.44678
36.8867,-0.081707,37.1058,-0.181981,37.1653,-0.195438,37.1322,-0.214453,37.0566,-0.284703,36.9565,-0.388306,36.8297,-0.495446,36.7421,-0.555363,36.7525,-0.574063,36.8489,-0.589959,36.9857,-0.604278,37.1238,-0.615499,37.1818,-0.619326,37.1006,-0.645759,36.9923,-0.729744,36.9961,-0.769197
36.4703,-0.885,36.4504,-1.00873,36.4656,-1.19728,36.5777,-1.28097,36.7074,-1.1931,36.8138,-1.07401,36.8688,-1.07658,36.8265,-1.17128,36.7267,-1.23887,36.6543,-1.29237,36.7189,-1.37293,36.9154,-1.46218,37.0065,-1.52647,36.8905,-1.59829,36.7282,-1.68189,36.6505,-1.73505
36.698,0.367302,36.7543,0.337099,36.6873,0.173033,36.6534,0.0279818,36.6967,-0.0384502,36.8058,-0.102865,36.8674,-0.21289,36.771,-0.276473,36.6332,-0.229239,36.6404,-0.136463,36.7721,-0.132428,36.9108,-0.230582,37.0196,-0.331008,37.0793,-0.40594,37.0333,-0.461184,36.9656,-0.507583
36.8517,-1.02989,36.9131,-1.04771,36.8882,-1.0556,36.9122,-1.125,36.8969,-1.18016,36.8197,-1.08182,36.7736,-0.929371,36.7946,-0.900025,36.8562,-1.01005,36.8789,-1.18003,36.8488,-1.34653,36.8643,-1.40159,36.9529,-1.29511,37.0016,-1.16693,37.0152,-1.13815,37.048,-1.15515
36.701,-0.390532,36.7902,-0.291509,36.8014,-0.281655,36.7532,-0.386553,36.6591,-0.528697,36.6238,-0.646108,36.6591,-0.736389,36.6903,-0.810498,36.7253,-0.85731,36.8291,-0.841903,36.9655,-0.782022,37.0198,-0.697653,36.9367,-0.640251,36.8287,-0.639486,36.8363,-0.669654,36.9069,-0.691265
36.597,-0.521427,36.5173,-0.557497,36.3718,-0.577576,36.3686,-0.643061,36.5296,-0.788249,36.7576,-0.89759,36.8947,-0.924639,36.821,-0.981237,36.6315,-1.09166,36.5025,-1.15097,36.4142,-1.12396,36.3426,-1.06944,36.3629,-1.05064,36.4585,-1.09509,36.5,-1.20591,36.4774,-1.3231
36.2856,-0.390697,36.4749,-0.444503,36.4198,-0.508686,36.3883,-0.61681,36.3982,-0.676798,36.3334,-0.66299,36.2556,-0.685412,36.327,-0.775949,36.4796,-0.840052,36.5325,-0.825524,36.5198,-0.777002,36.548,-0.734362,36.6076,-0.729816,36.6666,-0.815298,36.7171,-0.965912,36.7071,-1.07015
36.368,-1.34343,36.4288,-1.3538,36.349,-1.26165,36.2534,-1.29668,36.2065,-1.5267,36.2179,-1.70653,36.2421,-1.67845,36.2556,-1.64968,36.3361,-1.73127,36.4512,-1.78549,36.4709,-1.80798,36.401,-1.85529,36.3703,-1.85539,36.4237,-1.84831,36.4933,-1.93449,36.511,-1.97063
36.0705,0.139525,36.1077,-0.0833321,36.1579,-0.318699,36.305,-0.418463,36.3982,-0.402359,36.3631,-0.404284,36.311,-0.487736,36.3067,-0.569042,36.3072,-0.594504,36.273,-0.549868,36.2085,-0.451311,36.1682,-0.355403,36.2152,-0.302339,36.3309,-0.315267,36.4478,-0.373837,36.4831,-0.433385
35.9884,-1.28238,35.9943,-1.36966,35.9395,-1.34909,35.9074,-1.32155,35.8814,-1.31453,35.8263,-1.32998,35.8166,-1.34947,35.9257,-1.36514,36.0337,-1.41465,36.0609,-1.48531,36.1105,-1.48752,36.1876,-1.42691,36.2271,-1.42315,36.2373,-1.47787,36.2261,-1.5672,36.1801,-1.70192
35.7808,-1.23372,35.9274,-1.17981,36.022,-1.09386,36.1042,-1.06961,36.1751,-1.08595,36.1987,-1.09915,36.1011,-1.14782,35.9346,-1.21525,35.8479,-1.22861,35.8683,-1.24055,36.0029,-1.30453,36.1705,-1.34949,36.2556,-1.3445,36.2432,-1.33945,36.1762,-1.37529,36.0645,-1.41455
35.793,-0.469477,35.9797,-0.45,36.0131,-0.376969,35.9673,-0.365471,35.8303,-0.369158,35.6627,-0.275456,35.6354,-0.143319,35.7464,-0.0838785,35.8176,-0.112941,35.805,-0.174634,35.7761,-0.227827,35.7681,-0.349157,35.8046,-0.503087,35.8454,-0.606449,35.8049,-0.723511,35.7395,-0.879205
35.9923,-0.772959,36.0101,-0.888571,35.8371,-1.03823,35.7462,-1.16363,35.7707,-1.20975,35.8318,-1.21484,35.839,-1.20154,35.743,-1.2111,35.6456,-1.29051,35.641,-1.37709,35.6817,-1.41898,35.729,-1.44012,35.8362,-1.38996,35.9548,-1.2452,35.986,-1.09361,35.9994,-1.05211
35.5628,-0.361053,35.6693,-0.449665,35.6747,-0.511484,35.7128,-0.577569,35.7058,-0.554856,35.6282,-0.46179,35.6046,-0.466591,35.6939,-0.654737,35.7977,-0.895762,35.8508,-0.991446,35.8671,-0.920468,35.8822,-0.803844,35.9469,-0.738177,36.0548,-0.756948,36.1177,-0.863877,36.08,-1.01822
35.7324,-0.953974,35.7393,-0.994694,35.6904,-1.18962,35.7942,-1.35117,35.9043,-1.41776,35.92,-1.46755,35.9201,-1.54702,35.924,-1.64795,35.8766,-1.7243,35.7923,-1.74946,35.7386,-1.71307,35.7385,-1.68234,35.7608,-1.72937,35.7827,-1.83043,35.8299,-1.91831,35.8532,-1.96752
35.7691,0.405234,35.9458,0.417953,35.9267,0.530472,35.8661,0.607582,35.9326,0.571408,36.0711,0.437245,36.0776,0.311776,35.9643,0.312889,35.8633,0.388423,35.8371,0.359427,35.8923,0.18518,35.9774,0.0132113,35.9821,-0.0284243,35.944,-0.0110779,35.8992,-0.0324936,35.8384,-0.0708685
35.3539,-2.1158,35.4857,-2.12449,35.5721,-2.11641,35.679,-2.15101,35.7265,-2.18487,35.6735,-2.13793,35.5652,-2.04496,35.488,-2.0261,35.4767,-2.13343,35.5427,-2.3211,35.63,-2.49216,35.6162,-2.55694,35.539,-2.48934,35.5975,-2.39041,35.7946,-2.38963,35.9287,-2.52563
35.3251,0.405893,35.507,0.479734,35.533,0.472721,35.5131,0.379726,35.4636,0.27173,35.4066,0.163164,35.3764,0.0581341,35.3731,-0.00734711,35.3118,-0.0382671,35.2305,-0.064702,35.2627,-0.0435085,35.4088,-0.0128784,35.5059,-0.0669632,35.4552,-0.160049,35.2713,-0.186069,35.1426,-0.160631
34.7143,-1.06381,34.8399,-1.08798,34.9297,-1.07589,35.0022,-1.10186,35.0811,-1.17382,35.1432,-1.26057,35.1249,-1.39393,35.1141,-1.6062,35.2077,-1.76178,35.2669,-1.73178,35.1269,-1.63672,34.8889,-1.66235,34.8028,-1.81138,34.8604,-1.9667,34.9121,-2.06548,34.9598,-2.08134
34.7619,0.171765,34.8067,0.0956974,34.8608,0.06458,34.9741,0.0634661,35.0286,-0.041851,34.9905,-0.201467,34.9198,-0.277335,34.8947,-0.2725,34.9738,-0.277718,35.1407,-0.302494,35.2877,-0.27404,35.3811,-0.191191,35.3908,-0.140965,35.3134,-0.158113,35.2249,-0.197848,35.121,-0.28
34.8793,-1.30992,34.9742,-1.36492,34.8869,-1.54778,34.8163,-1.65439,34.8212,-1.58053,34.8866,-1.45557,34.9777,-1.44039,35.0464,-1.60386,35.0743,-1.82293,35.0969,-1.88269,35.1304,-1.79166,35.1486,-1.77378,35.0939,-1.86342,35.0025,-1.93263,34.9819,-1.93869,35.0313,-1.94618
35.0063,-0.123034,35.101,-0.244779,35.1494,-0.250088,35.228,-0.247851,35.292,-0.290214,35.2968,-0.313845,35.2096,-0.301739,35.0585,-0.296011,34.9064,-0.336847,34.8334,-0.382898,34.8486,-0.425227,34.8949,-0.51093,34.9261,-0.536298,34.9678,-0.434143,35.0347,-0.318819,35.0982,-0.335722
34.9732,-0.898619,35.011,-0.951972,35.0184,-0.951403,35.0229,-0.931564,34.9744,-0.993001,34.9585,-1.16892,34.9612,-1.40115,34.9532,-1.57122,34.9597,-1.61722,34.9528,-1.62524,34.9407,-1.66365,34.9661,-1.68122,34.9836,-1.65588,34.9904,-1.61712,35.029,-1.56245,35.1097,-1.47982
34.8075,-0.132181,34.8938,-0.142106,34.8084,-0.103625,34.789,-0.124599,34.8892,-0.210683,35.0103,-0.254692,35.0407,-0.180398,35.0099,-0.0522747,35.0238,-0.0669641,35.0726,-0.274693,35.0043,-0.441853,34.8212,-0.439314,34.6759,-0.392649,34.6854,-0.409171,34.822,-0.459498,34.9548,-0.54985
34.713,-1.42082,34.9238,-1.47074,34.9472,-1.50195,34.8674,-1.45854,34.7769,-1.38371,34.6973,-1.40177,34.6627,-1.55737,34.7143,-1.77164,34.7757,-1.94841,34.729,-2.0142,34.6194,-1.97307,34.5236,-1.91589,34.4703,-1.93569,34.5427,-1.97967,34.7742,-2.03626,34.9876,-2.06198
34.4743,-0.718437,34.6188,-0.793656,34.6036,-0.830805,34.5768,-0.803606,34.5232,-0.779943,34.4628,-0.813043,34.4756,-0.8923,34.5763,-0.955103,34.6903,-0.945664,34.7743,-0.87703,34.7929,-0.835874,34.7192,-0.861738,34.6241,-0.922223,34.5623,-1.00716,34.5412,-1.08524,34.527,-1.12457
34.4943,-0.784395,34.6017,-0.74697,34.5186,-0.640829,34.4711,-0.558223,34.5245,-0.55115,34.5226,-0.564795,34.4352,-0.539962,34.3871,-0.578118,34.3823,-0.731445,34.3303,-0.845634,34.2305,-0.815747,34.1521,-0.751237,34.134,-0.720375,34.208,-0.707238,34.3021,-0.711319,34.3413,-0.694833
34.2,0.26391,34.4395,0.249173,34.4519,0.146639,34.2946,-0.00405598,34.1284,-0.194429,34.0962,-0.361846,34.1659,-0.381278,34.2396,-0.324676,34.2679,-0.41025,34.2639,-0.66324,34.2731,-0.813252,34.3494,-0.781198,34.4174,-0.729522,34.4034,-0.732836,34.3528,-0.728444,34.3115,-0.697105
34.2443,-0.671483,34.4124,-0.693164,34.3654,-0.715493,34.3273,-0.746889,34.4327,-0.851326,34.485,-0.957561,34.3144,-0.942073,34.1377,-0.857309,34.1602,-0.837603,34.2665,-0.913484,34.3313,-1.00677,34.3379,-1.0835,34.2617,-1.19503,34.1724,-1.31206,34.1713,-1.32788,34.2025,-1.27377
34.384,-0.625595,34.5653,-0.623773,34.5058,-0.78727,34.3773,-0.951521,34.2557,-1.02827,34.2235,-1.06747,34.3198,-1.10137,34.4157,-1.10981,34.3783,-1.13066,34.377,-1.13375,34.5306,-1.10255,34.6454,-1.1133,34.6318,-1.19082,34.6267,-1.25194,34.6309,-1.26812,34.5994,-1.24802
34.2117,-0.49026,34.3708,-0.649095,34.4557,-0.710854,34.4698,-0.689534,34.3769,-0.700363,34.2627,-0.745811,34.2732,-0.795248,34.4156,-0.853378,34.5087,-0.90402,34.4144,-0.935951,34.2267,-0.922515,34.1495,-0.85491,34.1906,-0.794043,34.2334,-0.804278,34.2056,-0.872383,34.175,-0.982686
34.1343,-0.684366,34.3045,-0.625652,34.3377,-0.588634,34.2894,-0.662799,34.2388,-0.835365,34.2286,-0.957607,34.2644,-0.945132,34.3283,-0.859282,34.3295,-0.776709,34.2663,-0.723795,34.2254,-0.748652,34.2006,-0.836023,34.173,-0.916856,34.1964,-0.948068,34.2498,-0.940994,34.2082,-0.945668
33.7419,-0.238884,33.8799,-0.396328,33.8956,-0.592333,33.8655,-0.679356,33.8399,-0.697803,33.8892,-0.65655,33.9747,-0.518074,33.9857,-0.367271,33.9343,-0.342692,33.9532,-0.393741,34.0423,-0.440939,34.0647,-0.518711,33.9479,-0.619092,33.7508,-0.699345,33.6692,-0.779796,33.7862,-0.869102
33.5319,-0.178411,33.6259,-0.13375,33.721,-0.122005,33.7974,-0.169424,33.7594,-0.231555,33.6389,-0.323217,33.5531,-0.418229,33.5279,-0.431399,33.5662,-0.412732,33.6589,-0.437916,33.7577,-0.465625,33.7812,-0.478829,33.6964,-0.527281,33.601,-0.59304,33.5624,-0.598978,33.5225,-0.577275
33.4969,-1.30355,33.5049,-1.23096,33.5187,-1.11743,33.5789,-1.16908,33.6072,-1.33413,33.6326,-1.43118,33.7023,-1.40187,33.7908,-1.31339,33.8543,-1.25082,33.87,-1.26987,33.8478,-1.33304,33.8108,-1.34861,33.7729,-1.344,33.7101,-1.39602,33.6283,-1.46374,33.5683,-1.5223
33.3164,-0.135593,33.3847,-0.176126,33.448,-0.100823,33.5664,-0.0408125,33.6644,-0.0970783,33.7084,-0.2017,33.7214,-0.293687,33.7865,-0.35096,33.9128,-0.346577,33.9663,-0.339507,33.9015,-0.374437,33.7925,-0.420234,33.7182,-0.51812,33.7506,-0.686614,33.85,-0.801254,33.8699,-0.757002
33.4289,-0.952569,33.4251,-0.882379,33.4817,-0.907306,33.619,-0.977819,33.7189,-1.03844,33.7058,-1.09268,33.6026,-1.14628,33.5203,-1.1578,33.5111,-1.13601,33.5238,-1.10505,33.5216,-1.10597,33.5496,-1.17881,33.6666,-1.31686,33.7676,-1.39239,33.7321,-1.36886,33.6204,-1.35938
33.5515,0.23249,33.5687,0.0755882,33.5521,-0.000663757,33.5968,-0.0459948,33.5861,-0.142782,33.5436,-0.273491,33.5846,-0.358845,33.6186,-0.34201,33.5399,-0.264772,33.4644,-0.237538,33.5009,-0.29399,33.5907,-0.379378,33.6725,-0.488616,33.7257,-0.59703,33.7586,-0.64476,33.8021,-0.595707
33.3161,-0.623,33.3192,-0.703739,33.2797,-0.853719,33.2643,-1.00635,33.2854,-1.05648,33.3697,-0.982574,33.4582,-0.845359,33.4633,-0.735497,33.4481,-0.693168,33.5131,-0.719706,33.5667,-0.822844,33.5138,-1.01433,33.397,-1.24292,33.2756,-1.42989,33.1894,-1.49944,33.1748,-1.41583
33.1438,0.0432053,33.1831,0.157173,33.0898,0.09233,33.0549,-0.0198078,33.0526,-0.0387297,33.0879,-0.0495338,33.1765,-0.168754,33.2233,-0.310652,33.1891,-0.363494,33.1486,-0.334337,33.1051,-0.255175,33.0401,-0.228636,33.0277,-0.303056,33.0839,-0.351265,33.1039,-0.337748,33.0857,-0.355624
33.0111,-1.11787,33.0358,-1.22547,33.0132,-1.26318,33.0681,-1.18626,33.1628,-1.05158,33.1841,-1.01696,33.1427,-1.16258,33.1565,-1.37223,33.1989,-1.46722,33.1721,-1.44002,33.0924,-1.42735,33.0503,-1.50404,33.1178,-1.62187,33.2756,-1.68632,33.3688,-1.63948,33.2879,-1.53242
32.9455,-0.345317,33.0535,-0.217865,33.0457,-0.046752,33.0987,0.065259,33.0861,0.0035677,32.9683,-0.192115,32.881,-0.326233,32.8397,-0.294896,32.7964,-0.228463,32.834,-0.299826,33.0095,-0.467157,33.1884,-0.581738,33.2818,-0.596371,33.3144,-0.551894,33.2771,-0.47526,33.1289,-0.39132
32.7213,-0.531862,32.9881,-0.599258,33.0806,-0.691185,33.0681,-0.832354,32.9648,-0.952698,32.8468,-0.958691,32.8164,-0.856029,32.8788,-0.778545,32.9531,-0.808874,32.9486,-0.877451,32.8596,-0.940467,32.7912,-0.997416,32.8109,-1.06865,32.918,-1.16471,33.0171,-1.28463,33.0558,-1.38891
32.7156,0.506948,32.8856,0.498914,32.861,0.57577,32.8485,0.562819,32.9344,0.419403,32.9834,0.278422,32.9006,0.243616,32.7953,0.237842,32.7688,0.172836,32.828,0.123366,32.9457,0.172825,33.0241,0.236533,33.012,0.2776,32.9891,0.283349,33.0289,0.212905,33.132,0.0895462
32.9334,-1.17103,33.0658,-1.28467,32.9417,-1.44708,32.731,-1.57412,32.6666,-1.58577,32.7622,-1.502,32.8297,-1.44287,32.822,-1.47945,32.8431,-1.56032,32.897,-1.57871,32.9002,-1.61071,32.8579,-1.75415,32.8516,-1.89784,32.8983,-1.92953,32.9056,-1.89822,32.8383,-1.89061
32.6475,0.455275,32.742,0.425733,32.7052,0.317957,32.739,0.219305,32.8049,0.141846,32.7726,0.0539064,32.672,0.00650024,32.6272,0.033824,32.6726,0.0965242,32.7817,0.160326,32.8803,0.224824,32.9144,0.259662,32.8623,0.273692,32.7578,0.247732,32.6951,0.116236,32.7325,-0.0398769
32.3939,-1.91323,32.4527,-1.98598,32.4624,-2.06397,32.5453,-2.0599,32.6426,-1.9985,32.641,-1.95813,32.5971,-1.98172,32.6414,-2.08107,32.7373,-2.21773,32.7716,-2.27509,32.7312,-2.1972,32.651,-2.07959,32.607,-2.07245,32.6179,-2.19608,32.6156,-2.29448,32.5848,-2.26384
32.4696,-0.476065,32.7099,-0.431507,32.6733,-0.375056,32.5551,-0.368321,32.5401,-0.387461,32.6506,-0.333295,32.6917,-0.272428,32.5754,-0.349525,32.5029,-0.500513,32.5728,-0.581415,32.6183,-0.598193,32.5325,-0.613729,32.4178,-0.633718,32.3334,-0.676893,32.262,-0.763313,32.2631,-0.826964
32.3859,-1.11904,32.4708,-1.22954,32.3866,-1.31618,32.2849,-1.34868,32.3123,-1.38333,32.3695,-1.41571,32.2785,-1.4129,32.1357,-1.40878,32.1345,-1.46062,32.2538,-1.57974,32.3473,-1.73532,32.3975,-1.79373,32.4733,-1.70548,32.5755,-1.60096,32.6091,-1.5894,32.5169,-1.68716
32.034,-0.428275,32.1633,-0.412424,32.2669,-0.384287,32.3425,-0.314037,32.448,-0.272254,32.5011,-0.319198,32.3895,-0.389192,32.2097,-0.43138,32.1155,-0.494046,32.1432,-0.572167,32.1877,-0.604768,32.155,-0.618508,32.1418,-0.642007,32.2911,-0.643374,32.5212,-0.592848,32.6063,-0.508387
32.1407,-0.627098,32.2559,-0.663305,32.2116,-0.692175,32.1755,-0.709925,32.2846,-0.725598,32.4315,-0.812634,32.4374,-0.979388,32.35,-1.10078,32.3147,-1.12071,32.3218,-1.12542,32.2551,-1.12525,32.0912,-1.04027,31.9574,-0.947738,31.9626,-0.996828,32.036,-1.15319,32.0747,-1.25747
32.2455,-0.901038,32.3437,-0.890557,32.1866,-0.895032,32.0379,-0.980597,31.9739,-1.11519,31.9283,-1.24463,31.9012,-1.38166,31.9695,-1.47093,32.1114,-1.47287,32.251,-1.44499,32.3492,-1.43451,32.424,-1.39281,32.4184,-1.349,32.2877,-1.38595,32.191,-1.45481,32.2137,-1.49657
31.905,-0.279896,31.8724,-0.324369,31.8132,-0.305634,31.8856,-0.252129,32.0498,-0.221624,32.1593,-0.232025,32.1954,-0.263014,32.228,-0.346758,32.2204,-0.462813,32.1703,-0.514614,32.181,-0.448564,32.2318,-0.33747,32.2553,-0.271199,32.2534,-0.31558,32.2571,-0.452517,32.2219,-0.551922
31.7811,-1.29109,31.828,-1.15855,31.9124,-0.987159,31.986,-0.948562,32.0088,-1.05179,32.073,-1.15563,32.1564,-1.20775,32.1527,-1.29652,32.1014,-1.43089,32.1161,-1.5145,32.1443,-1.5206,32.0988,-1.53456,32.0139,-1.60102,31.9389,-1.62998,31.8514,-1.57441,31.8233,-1.59905
31.8204,-0.164121,31.9188,-0.343327,31.9329,-0.370747,31.8829,-0.24559,31.7899,-0.176944,31.7559,-0.242518,31.7813,-0.339559,31.7868,-0.401377,31.755,-0.466037,31.7536,-0.535879,31.8311,-0.549466,31.9407,-0.493121,32.0121,-0.455439,32.033,-0.492841,31.9926,-0.494418,31.9097,-0.449748
32.0957,-1.40508,31.9865,-1.48689,31.8202,-1.51831,31.7717,-1.43352,31.8137,-1.42358,31.8715,-1.54289,31.8444,-1.69792,31.7665,-1.81782,31.7599,-1.86931,31.8141,-1.85169,31.8251,-1.82911,31.7298,-1.87686,31.6635,-1.98164,31.7674,-2.0457,31.9398,-2.03482,32.0286,-1.98981
31.5168,0.357106,31.5899,0.244204,31.6845,0.104451,31.8017,0.0818911,31.812,0.173401,31.7528,0.240877,31.7066,0.247102,31.6582,0.252411,31.6189,0.266662,31.6037,0.229513,31.5848,0.134341,31.6127,0.0434914,31.7209,-0.0187454,31.8199,-0.107924,31.7844,-0.163867,31.6983,-0.135935
31.8881,-1.08199,31.8379,-1.1698,31.7092,-1.1931,31.6922,-1.12841,31.759,-1.12857,31.7598,-1.32571,31.6495,-1.55156,31.5121,-1.62727,31.4231,-1.69028,31.4164,-1.85726,31.4571,-1.97862,31.4424,-1.99249,31.4277,-2.00635,31.5605,-2.01723,31.7654,-1.93113,31.8297,-1.79126
31.3468,0.511363,31.4784,0.417914,31.6368,0.376744,31.7294,0.351563,31.6183,0.353591,31.42,0.416468,31.2921,0.452453,31.2558,0.416698,31.2924,0.408986,31.4321,0.454877,31.5759,0.466586,31.5786,0.411305,31.5109,0.364906,31.4733,0.356791,31.4704,0.345325,31.5142,0.302174
31.0188,-1.84482,31.0297,-1.84024,31.031,-1.73966,31.1042,-1.6576,31.1385,-1.68423,31.0372,-1.82167,30.9152,-1.95243,31.001,-1.98564,31.2663,-1.96392,31.3944,-1.9819,31.279,-2.09192,31.1154,-2.22736,31.0632,-2.28007,31.076,-2.26185,31.1013,-2.24868,31.1667,-2.2212
31.0286,0.328895,31.073,0.296292,31.1056,0.16381,31.1332,-0.0605307,31.1745,-0.23809,31.2715,-0.212699,31.3043,-0.0527391,31.204,0.0640821,31.1458,0.0986414,31.2503,0.0758591,31.4154,-0.0240316,31.4773,-0.128783,31.402,-0.16302,31.2525,-0.179658,31.1132,-0.251007,31.0579,-0.351203
31.0558,-0.864985,31.1694,-0.958302,31.1439,-1.00748,31.1083,-1.08143,31.0983,-1.13693,31.121,-1.12995,31.1488,-1.11059,31.1266,-1.12502,31.0668,-1.19631,31.0581,-1.32819,31.1584,-1.41428,31.2775,-1.34372,31.2918,-1.25565,31.1705,-1.32713,31.0394,-1.46683,31.0052,-1.51968
31.0273,-0.33329,31.0343,-0.356002,30.9684,-0.40676,30.9197,-0.486201,30.8488,-0.500601,30.8252,-0.505401,30.8877,-0.617606,30.9018,-0.742506,30.8695,-0.702229,30.8987,-0.515546,30.9603,-0.369138,30.9645,-0.385311,30.9699,-0.465135,31.0485,-0.444891,31.1818,-0.35301,31.2787,-0.345624
31.0392,-0.135927,31.0446,-0.21575,30.9745,-0.250336,30.9842,-0.230845,31.0198,-0.254381,31.0323,-0.320909,31.0595,-0.342832,31.1391,-0.324767,31.2447,-0.362458,31.2994,-0.480507,31.289,-0.590025,31.2533,-0.681973,31.2082,-0.788141,31.1909,-0.856937,31.1921,-0.871849,31.116,-0.867895
30.5587,-0.530212,30.6284,-0.421428,30.7953,-0.348721,30.9862,-0.394156,31.031,-0.470223,30.9306,-0.481621,30.8283,-0.457924,30.8007,-0.508019,30.9196,-0.632422,31.1496,-0.728118,31.3037,-0.673637,31.2434,-0.463035,31.0742,-0.280224,30.9809,-0.265593,30.9903,-0.379596,31.0404,-0.535486
30.6657,-1.28537,30.778,-1.38178,30.8238,-1.49077,30.8025,-1.52538,30.7495,-1.55792,30.7527,-1.66939,30.7787,-1.77389,30.7498,-1.77834,30.7177,-1.70205,30.7447,-1.61376,30.804,-1.61449,30.8581,-1.77383,30.8971,-2.01905,30.8928,-2.17984,30.8497,-2.17487,30.8082,-2.1128
30.4995,0.0988712,30.635,-0.0160236,30.7391,-0.172297,30.8072,-0.24884,30.7893,-0.230706,30.7458,-0.23102,30.7252,-0.25509,30.6635,-0.242545,30.5622,-0.251762,30.5123,-0.365035,30.5326,-0.523198,30.5899,-0.635056,30.6333,-0.683482,30.6221,-0.644597,30.5955,-0.550653,30.6328,-0.45033
30.8329,-1.35361,31.0277,-1.32301,31.1068,-1.29749,31.0819,-1.25665,30.9176,-1.22568,30.7058,-1.24032,30.6171,-1.26733,30.6956,-1.31383,30.8116,-1.41896,30.9348,-1.55954,31.0907,-1.68638,31.1432,-1.72586,30.994,-1.70649,30.7909,-1.71747,30.6952,-1.7705,30.6713,-1.81131
30.4452,-0.724064,30.5812,-0.766936,30.6407,-0.780397,30.7483,-0.804441,30.8614,-0.872303,30.8572,-0.935603,30.7132,-0.983325,30.5509,-1.01819,30.4474,-1.02832,30.4208,-1.01385,30.4853,-1.03294,30.6112,-1.13131,30.7646,-1.26434,30.9118,-1.3461,30.9846,-1.36679,30.9279,-1.34186
30.6109,-0.477494,30.6446,-0.496673,30.6065,-0.479326,30.5806,-0.551788,30.5683,-0.656945,30.5634,-0.651321,30.5645,-0.538015,30.5513,-0.4333,30.5489,-0.421484,30.6276,-0.52946,30.8095,-0.663308,30.9126,-0.707192,30.8511,-0.658638,30.7315,-0.624263,30.6402,-0.675462,30.6306,-0.756421
30.4278,-0.554433,30.3647,-0.691205,30.2628,-0.83919,30.3654,-0.955094,30.5064,-0.985584,30.5198,-0.974814,30.4738,-1.03006,30.4911,-1.08948,30.5641,-1.07416,30.5681,-1.07761,30.4724,-1.0999,30.444,-1.03233,30.535,-0.937668,30.5954,-0.904568,30.5208,-0.879514,30.4129,-0.860743
30.2663,-0.206824,30.3653,-0.0883141,30.2752,0.0405416,30.2225,0.0440197,30.3096,-0.0655651,30.3952,-0.165515,30.3787,-0.254499,30.359,-0.360225,30.3666,-0.421126,30.3168,-0.406181,30.2187,-0.398659,30.1551,-0.479235,30.1492,-0.617656,30.1875,-0.727206,30.2256,-0.793291,30.2506,-0.846866
30.1575,-0.893705,30.1343,-0.972706,30.0635,-0.840886,29.995,-0.6414,29.9376,-0.596288,29.9904,-0.807459,30.1198,-1.12752,30.2032,-1.32587,30.258,-1.34643,30.3865,-1.26166,30.5129,-1.15979,30.502,-1.0849,30.3815,-1.04834,30.2499,-1.03437,30.1852,-1.10004,30.2651,-1.25366
30.2215,-0.484674,30.2371,-0.521728,30.1198,-0.596648,30.0509,-0.646141,30.0563,-0.628484,30.0754,-0.564044,30.0629,-0.528255,30.066,-0.529517,30.1364,-0.538399,30.2407,-0.579186,30.3831,-0.637319,30.5096,-0.614929,30.5115,-0.570547,30.343,-0.602883,30.1347,-0.692992,30.037,-0.759669
29.7722,-1.41719,30.0044,-1.46323,30.0645,-1.53289,30.041,-1.59916,29.9981,-1.60693,29.9362,-1.58165,29.826,-1.5818,29.7832,-1.62031,29.8878,-1.70456,29.969,-1.77561,29.9329,-1.79336,29.9388,-1.78315,30.0815,-1.75653,30.2148,-1.69539,30.2357,-1.63531,30.1612,-1.64099
30.1117,-0.735982,30.1728,-0.612856,30.2061,-0.380874,30.1531,-0.236448,30.0464,-0.232588,29.9742,-0.298824,29.9417,-0.325294,29.959,-0.28723,30.0449,-0.302428,30.1522,-0.411225,30.1872,-0.506783,30.125,-0.56626,29.9925,-0.598849,29.8633,-0.565957,29.8426,-0.51055,29.9816,-0.523955
30.208,-0.769882,30.094,-0.907537,29.8723,-1.00842,29.7672,-1.02692,29.7606,-0.998933,29.788,-0.984847,29.8779,-1.00349,30.0685,-1.00546,30.3107,-0.995998,30.3947,-1.02484,30.2688,-1.13416,30.0971,-1.26272,30.0454,-1.29215,30.0267,-1.20509,29.983,-1.1132,29.9961,-1.10771
29.2896,0.311093,29.4924,0.316798,29.6246,0.313377,29.6921,0.29303,29.7452,0.246087,29.7602,0.216489,29.7334,0.243688,29.7396,0.289902,29.8295,0.271257,29.936,0.182647,29.9717,0.09764,29.9619,0.0294104,29.9297,-0.0892639,29.8288,-0.172684,29.7,-0.0857744,29.6637,0.0861616
29.6156,-0.128952,29.7707,-0.138122,29.702,-0.151606,29.598,-0.154284,29.6108,-0.184799,29.6668,-0.251012,29.6468,-0.282535,29.5768,-0.250374,29.5329,-0.225227,29.5357,-0.311243,29.5829,-0.447865,29.6582,-0.511107,29.6763,-0.493232,29.6215,-0.521406,29.585,-0.59317,29.6175,-0.597437
29.605,-0.610386,29.7183,-0.660241,29.6962,-0.882369,29.6148,-1.07303,29.5184,-1.13661,29.5241,-1.16242,29.6332,-1.1961,29.6822,-1.2396,29.6176,-1.28726,29.4761,-1.28005,29.3158,-1.25253,29.2936,-1.3157,29.4527,-1.4258,29.6129,-1.47132,29.6292,-1.49783,29.5554,-1.57244
29.4609,-0.175977,29.3682,-0.168799,29.2642,-0.122738,29.2411,-0.134994,29.2933,-0.259233,29.3383,-0.396772,29.3065,-0.46143,29.2894,-0.512224,29.3842,-0.615965,29.4998,-0.695638,29.5029,-0.696899,29.4334,-0.641459,29.43,-0.517256,29.525,-0.377293,29.6452,-0.370383,29.6981,-0.532813
29.245,-0.638574,29.3595,-0.685331,29.4306,-0.781143,29.478,-0.833014,29.4723,-0.758466,29.4705,-0.625889,29.4693,-0.61098,29.3888,-0.75508,29.2897,-0.860863,29.3072,-0.835529,29.3966,-0.797977,29.4328,-0.810963,29.3988,-0.876537,29.3344,-0.985672,29.3151,-1.03738,29.3757,-0.986277
29.1108,-1.13093,29.0942,-0.981486,29.0245,-0.962055,29.0233,-0.995886,29.0314,-0.984768,28.9913,-0.999073,29.0259,-1.06917,29.2076,-1.09281,29.3897,-1.11118,29.4401,-1.2798,29.3837,-1.47529,29.3149,-1.45804,29.2866,-1.29299,29.333,-1.18373,29.4388,-1.20341,29.5159,-1.31976
29.2697,0.0898809,29.2928,0.0226603,29.2467,-0.0505896,29.2649,-0.112187,29.33,-0.120722,29.374,-0.0483875,29.3997,0.0368061,29.4801,0.0346832,29.5781,-0.0215816,29.5649,-0.0450811,29.4866,-0.10879,29.4972,-0.268438,29.5813,-0.456237,29.5964,-0.596046,29.5092,-0.632683,29.4909,-0.589088
29.1989,-0.663085,29.4078,-0.757387,29.4118,-0.840306,29.3107,-0.83152,29.2047,-0.768368,29.1252,-0.768425,29.1121,-0.82266,29.1738,-0.865941,29.2308,-0.885593,29.2705,-0.943308,29.2774,-1.0635,29.2666,-1.17829,29.2563,-1.19033,29.2637,-1.11028,29.3102,-1.0805,29.3825,-1.17321
28.946,-0.818069,28.9532,-0.853514,28.924,-0.8145,28.9021,-0.792924,28.9331,-0.75682,29.0228,-0.713991,29.0986,-0.753956,29.1586,-0.872354,29.2091,-0.974228,29.1896,-1.09268,29.1192,-1.3095,29.1174,-1.51283,29.1746,-1.54522,29.1906,-1.43077,29.2056,-1.33215,29.31,-1.37294
28.9206,-0.190158,29.1176,-0.353608,29.2564,-0.385015,29.2858,-0.229064,29.2225,-0.0479345,29.166,-0.00500393,29.1168,-0.107725,29.0279,-0.219479,28.9515,-0.220802,28.9397,-0.17446,28.9624,-0.216222,28.9664,-0.347881,28.9888,-0.474394,29.0595,-0.526739,29.1202,-0.55511,29.1459,-0.518657
28.9986,-1.06525,28.9705,-1.08989,28.7741,-1.15959,28.6861,-1.22479,28.8034,-1.22934,28.9534,-1.22016,28.9278,-1.28735,28.766,-1.3784,28.6868,-1.39119,28.7646,-1.39951,28.8725,-1.46702,28.8666,-1.50795,28.7763,-1.46385,28.7383,-1.4285,28.8314,-1.47914,29.0068,-1.567
28.848,-0.761806,28.7762,-0.853503,28.5993,-0.932967,28.6147,-0.957291,28.7704,-0.8457,28.8524,-0.711232,28.8368,-0.72292,28.8416,-0.874765,28.8863,-1.04832,28.8879,-1.13742,28.8495,-1.15609,28.8839,-1.13398,28.9882,-1.04655,29.0292,-0.954948,28.999,-0.962497,28.9739,-1.03714
28.6936,-0.418906,28.7205,-0.446105,28.648,-0.548351,28.5954,-0.703826,28.5892,-0.829515,28.5944,-0.799129,28.6349,-0.651329,28.695,-0.574763,28.6817,-0.616267,28.6018,-0.670342,28.5625,-0.704836,28.6532,-0.774398,28.8583,-0.847253,28.985,-0.837595,28.8462,-0.788181,28.5904,-0.795684
28.2684,-0.102649,28.4405,-0.127772,28.5139,-0.204663,28.5559,-0.225451,28.6626,-0.198576,28.8127,-0.268868,28.8775,-0.410894,28.763,-0.492353,28.5501,-0.522821,28.439,-0.520794,28.5154,-0.470731,28.6535,-0.433214,28.7482,-0.426744,28.7942,-0.420238,28.8019,-0.481142,28.7871,-0.641232
28.8256,-0.763512,28.7847,-0.708894,28.7211,-0.709995,28.7166,-0.729832,28.7566,-0.73353,28.7878,-0.710156,28.7504,-0.731,28.7167,-0.840042,28.8308,-0.910081,29.0069,-0.859171,29.013,-0.782223,28.8726,-0.789922,28.8069,-0.871415,28.9057,-0.947863,28.9807,-0.998377,28.9058,-1.05807
28.3784,-0.169245,28.469,-0.226077,28.5486,-0.33623,28.66,-0.430465,28.7171,-0.480852,28.7307,-0.531552,28.8139,-0.619689,28.9354,-0.689159,28.9918,-0.670618,29.0001,-0.592755,28.9973,-0.506741,28.9674,-0.380795,28.9306,-0.280878,28.8358,-0.33609,28.6658,-0.487007,28.575,-0.563668
28.3557,-0.755836,28.3861,-0.889235,28.4555,-1.04216,28.5289,-1.14979,28.5627,-1.1997,28.6151,-1.15971,28.6788,-1.06113,28.7189,-1.06483,28.7545,-1.16784,28.8107,-1.24678,28.8604,-1.24899,28.8817,-1.21437,28.8422,-1.26687,28.7285,-1.41726,28.5862,-1.51808,28.487,-1.49564
28.0819,0.267797,28.1687,0.250418,28.1988,0.19122,28.2582,0.031539,28.3335,-0.208663,28.3791,-0.384394,28.365,-0.356973,28.2862,-0.218264,28.2401,-0.194034,28.2985,-0.272059,28.3779,-0.290007,28.3892,-0.310886,28.3934,-0.473283,28.4559,-0.634229,28.5005,-0.600085,28.498,-0.429317
27.964,-0.910153,27.9826,-0.789516,27.9783,-0.69387,27.9484,-0.616666,27.8992,-0.639911,27.9098,-0.768824,27.9631,-0.907973,28.0037,-0.998602,28.0248,-1.04873,28.0552,-1.05392,28.0939,-1.02997,28.089,-1.05509,27.9971,-1.14757,27.9211,-1.22309,27.9693,-1.21567,28.0868,-1.15348
28.3402,-0.346863,28.284,-0.347396,28.0668,-0.379698,27.9696,-0.471835,28.0406,-0.567647,28.1564,-0.61131,28.219,-0.626034,28.2156,-0.630044,28.2362,-0.654716,28.3498,-0.699294,28.437,-0.711398,28.3485,-0.671654,28.1806,-0.613964,28.1841,-0.609952,28.3919,-0.720081,28.5812,-0.82263
28.0351,-0.554568,28.066,-0.53647,28.0559,-0.609975,28.08,-0.710112,28.112,-0.835139,28.1152,-0.915879,28.1191,-0.888588,28.1552,-0.791362,28.1915,-0.706865,28.1625,-0.680581,28.167,-0.740221,28.3665,-0.848739,28.6092,-0.992954,28.6031,-1.14938,28.4277,-1.23848,28.3552,-1.21251
27.9726,-0.668061,28.098,-0.887197,28.2446,-0.9615,28.3885,-0.90105,28.5028,-0.709381,28.5188,-0.515461,28.4094,-0.438315,28.3339,-0.490558,28.4284,-0.648315,28.5854,-0.838802,28.6248,-0.981267,28.4746,-1.0572,28.2156,-1.06344,28.0325,-1.01215,28.0519,-0.991181,28.2029,-1.06365
27.8314,-0.527359,27.9115,-0.61423,27.9352,-0.719642,27.9822,-0.715318,28.0902,-0.716081,28.2431,-0.823649,28.4051,-0.922279,28.4867,-0.921305,28.4185,-0.862768,28.2735,-0.828832,28.1972,-0.860888,28.2182,-0.880286,28.2223,-0.786249,28.1689,-0.647099,28.1389,-0.636642,28.1511,-0.757183
27.8569,-0.478178,27.8098,-0.421031,27.6835,-0.407409,27.6967,-0.383908,27.8345,-0.351664,27.9766,-0.397066,28.0493,-0.533247,28.0135,-0.67394,27.9042,-0.72501,27.8142,-0.675632,27.8392,-0.600991,27.9373,-0.608515,27.9907,-0.698925,27.9542,-0.721948,27.9093,-0.615147,27.9659,-0.511857
27.9034,-0.833042,27.9425,-0.785818,27.8213,-0.631599,27.6722,-0.563485,27.6218,-0.74878,27.7122,-1.09806,27.8116,-1.34091,27.815,-1.35491,27.7184,-1.2288,27.5922,-1.06895,27.5527,-0.944495,27.623,-0.922642,27.6857,-0.937364,27.6915,-0.896427,27.7145,-0.853437,27.769,-0.879278
27.5714,0.0301895,27.5871,-0.0375986,27.661,-0.121944,27.8136,-0.137304,27.953,-0.0479517,27.9613,0.060648,27.8514,0.114513,27.7331,0.103245,27.6576,0.0997438,27.6171,0.159637,27.6331,0.145863,27.6995,-0.0365314,27.8256,-0.245117,27.966,-0.365635,28.0196,-0.420033,27.9152,-0.397251
27.8047,-0.384672,27.8744,-0.452846,27.8623,-0.637477,27.8372,-0.889076,27.8005,-0.978847,27.8048,-0.769321,27.8667,-0.489424,27.9206,-0.379593,27.9453,-0.438445,27.9334,-0.587066,27.8579,-0.767527,27.7715,-0.873089,27.7504,-0.871696,27.7715,-0.824348,27.7664,-0.805994,27.7135,-0.869261
27.8441,-0.527137,27.8599,-0.576921,27.7809,-0.633175,27.7781,-0.644642,27.8519,-0.649512,27.923,-0.64784,27.92,-0.677314,27.874,-0.781297,27.8466,-0.826121,27.8304,-0.750877,27.8163,-0.723457,27.848,-0.80502,27.8977,-0.886709,27.8681,-0.950452,27.7263,-1.02799,27.5872,-1.08134
27.7021,-0.768906,27.6577,-0.718297,27.5472,-0.723725,27.5567,-0.819722,27.6954,-0.966616,27.8714,-1.09266,27.9788,-1.15272,27.9402,-1.10992,27.829,-0.997676,27.7636,-0.927673,27.7084,-0.930386,27.61,-0.928137,27.6221,-0.920462,27.7194,-0.956541,27.7363,-1.02123,27.7107,-1.08842
27.8469,-0.131021,27.8957,-0.210531,27.9229,-0.409414,27.9279,-0.57399,27.8531,-0.61568,27.7476,-0.657466,27.7056,-0.79563,27.6947,-0.928428,27.6581,-0.920715,27.5984,-0.76631,27.5376,-0.627728,27.5421,-0.607891,27.6501,-0.657396,27.7389,-0.740604,27.7231,-0.819037,27.6551,-0.870711
27.1498,-1.28562,27.225,-1.31813,27.3411,-1.32578,27.499,-1.34149,27.5619,-1.32021,27.5515,-1.25276,27.5476,-1.18258,27.5696,-1.10667,27.5702,-1.01664,27.5411,-1.00837,27.4886,-1.0971,27.4832,-1.16349,27.5765,-1.17812,27.6391,-1.19285,27.5407,-1.23934,27.3517,-1.32648
27.1889,-0.194662,27.2553,-0.200099,27.2863,-0.115256,27.3123,-0.171011,27.306,-0.314706,27.2302,-0.323482,27.1195,-0.218697,27.0888,-0.17005,27.1883,-0.187207,27.3054,-0.179033,27.3244,-0.132601,27.2366,-0.131046,27.1588,-0.232946,27.1757,-0.395121,27.2588,-0.501262,27.28,-0.533388
27.1563,-0.721268,27.2766,-0.696353,27.2893,-0.665397,27.2626,-0.748408,27.1966,-0.945391,27.1304,-1.12964,27.0654,-1.20058,26.9904,-1.22954,26.9312,-1.25955,26.9264,-1.18718,27.003,-1.02163,27.1439,-0.893171,27.2509,-0.86102,27.2285,-0.960207,27.1332,-1.13618,27.0659,-1.25678
27.0803,-0.3634,27.1989,-0.187903,27.1634,-0.115627,27.1109,-0.253097,27.1064,-0.40115,27.1021,-0.402982,27.0246,-0.340652,26.9604,-0.334299,27.066,-0.371993,27.3053,-0.422737,27.4605,-0.462644,27.3962,-0.474294,27.2213,-0.491373,27.121,-0.582246,27.1559,-0.695808,27.2018,-0.658568
26.7939,-0.688899,26.9194,-0.633596,27.0139,-0.663137,27.0878,-0.796223,27.0762,-0.939569,26.9846,-1.02678,26.897,-1.03796,26.8699,-0.967292,26.924,-0.870193,26.9992,-0.85396,27.0383,-0.952961,27.0588,-1.02637,27.1214,-0.96162,27.213,-0.874413,27.2233,-0.911118,27.1267,-1.04144
27.1327,-0.420895,27.2421,-0.449299,27.3625,-0.534595,27.4643,-0.630313,27.4046,-0.683598,27.1815,-0.677363,26.9518,-0.70461,26.8523,-0.864408,26.9228,-1.03224,27.0366,-1.01007,27.0337,-0.844581,26.9485,-0.739355,26.9187,-0.741628,26.9629,-0.7615,27.0346,-0.767284,27.1095,-0.80507
26.8139,-0.724123,26.8683,-0.878181,26.9324,-0.902539,27.0837,-0.89026,27.156,-0.9035,27.1131,-0.911269,27.1382,-0.916102,27.2319,-0.925458,27.2483,-0.885217,27.1765,-0.848696,27.1198,-0.921251,27.1034,-1.01023,27.0746,-0.947941,27.0287,-0.808224,27.0532,-0.774868,27.162,-0.844557
26.8502,-0.108753,26.9773,-0.0938196,27.0602,-0.217966,27.0716,-0.415804,26.9503,-0.615498,26.763,-0.755738,26.7295,-0.798032,26.8797,-0.770844,27.0242,-0.748584,27.1063,-0.72433,27.13,-0.67079,27.0712,-0.646778,26.9868,-0.671948,26.9959,-0.711749,27.0636,-0.79357,27.099,-1.01207
26.5327,-0.231926,26.5869,-0.29378,26.5802,-0.314534,26.5922,-0.373605,26.6533,-0.427436,26.6831,-0.425163,26.647,-0.442912,26.6566,-0.490169,26.7638,-0.519489,26.8968,-0.543095,26.9093,-0.530145,26.7407,-0.452268,26.5327,-0.408884,26.5306,-0.520013,26.6844,-0.678499,26.7255,-0.715114
26.7029,-0.398913,26.8246,-0.481114,26.7213,-0.473242,26.5392,-0.406137,26.4125,-0.367054,26.3717,-0.391913,26.4199,-0.463967,26.6009,-0.546899,26.8417,-0.607277,26.9676,-0.626176,26.9108,-0.588518,26.7456,-0.506632,26.5911,-0.486912,26.5589,-0.605586,26.6189,-0.772723,26.6866,-0.854541
26.6778,-0.168381,26.8058,-0.283844,26.8399,-0.425961,26.8866,-0.585864,26.9638,-0.684203,26.9858,-0.639033,26.9309,-0.508255,26.8755,-0.400757,26.8071,-0.360225,26.665,-0.3943,26.4981,-0.515745,26.4044,-0.683347,26.427,-0.773848,26.5437,-0.740214,26.6884,-0.730683,26.8036,-0.766891
26.3945,-0.849058,26.3869,-0.916374,26.4496,-0.86435,26.6018,-0.726034,26.7454,-0.701596,26.7652,-0.803561,26.667,-0.862784,26.5875,-0.862844,26.5726,-0.943455,26.5427,-1.09195,26.5554,-1.18921,26.6462,-1.21003,26.7303,-1.17213,26.7049,-1.12383,26.6284,-1.09442,26.6103,-1.06356
26.3622,-0.229169,26.5587,-0.238942,26.7302,-0.354093,26.7449,-0.468442,26.6636,-0.592357,26.639,-0.741199,26.6748,-0.808201,26.7011,-0.730463,26.7276,-0.63472,26.7466,-0.619022,26.7472,-0.577736,26.7132,-0.466355,26.6572,-0.400143,26.5977,-0.435424,26.5498,-0.535048,26.5568,-0.685979
26.1799,-0.503249,26.2792,-0.507675,26.2195,-0.481486,26.1861,-0.554517,26.3259,-0.66758,26.6168,-0.706895,26.8488,-0.660726,26.8366,-0.61966,26.6014,-0.651834,26.338,-0.757386,26.2159,-0.906159,26.2872,-1.04544,26.4389,-1.1561,26.5404,-1.23909,26.5592,-1.2594,26.5098,-1.1417
26.221,-0.668077,26.2258,-0.771182,26.2232,-0.844119,26.372,-0.740551,26.5371,-0.614745,26.5856,-0.650792,26.5315,-0.796631,26.4464,-0.929833,26.3908,-0.937822,26.3547,-0.809349,26.2946,-0.708958,26.266,-0.756876,26.3454,-0.854299,26.4569,-0.851053,26.5022,-0.855097,26.4897,-0.996266
26.2604,-0.407888,26.3904,-0.460965,26.3886,-0.536081,26.3002,-0.624556,26.2736,-0.689562,26.3547,-0.729874,26.4497,-0.718129,26.4516,-0.625007,26.3705,-0.553958,26.2891,-0.647141,26.2139,-0.79159,26.157,-0.802672,26.2132,-0.722662,26.4078,-0.728076,26.5715,-0.800328,26.5633,-0.860188
26.2886,-0.237029,26.2668,-0.294929,26.1212,-0.333016,26.0041,-0.34119,25.9534,-0.354802,25.992,-0.428342,26.1111,-0.534738,26.1789,-0.567816,26.0837,-0.500084,25.9102,-0.447321,25.8768,-0.47161,26.0405,-0.513127,26.246,-0.562701,26.3358,-0.630085,26.2944,-0.696228,26.1939,-0.725631
26.0421,-0.986887,26.0994,-0.921788,26.08,-0.942762,26.0855,-0.955839,26.1491,-1.00348,26.194,-1.11028,26.186,-1.18287,26.2489,-1.19232,26.4487,-1.21609,26.5427,-1.26891,26.3981,-1.30918,26.2569,-1.34543,26.3291,-1.35867,26.4598,-1.32172,26.4719,-1.31404,26.4023,-1.37409
26.1042,0.0675869,26.1555,0.122485,26.1465,0.162288,26.128,0.187874,26.1097,0.182726,26.1375,0.122613,26.2148,0.0422783,26.2655,-0.0415916,26.2216,-0.14466,26.159,-0.258154,26.1586,-0.36091,26.2057,-0.418056,26.2596,-0.387704,26.2934,-0.309397,26.2424,-0.279545,26.1551,-0.334187
26.1978,-1.22921,26.2676,-1.1819,26.3808,-1.24976,26.4895,-1.41693,26.4962,-1.52439,26.4235,-1.48569,26.3056,-1.3942,26.1835,-1.4455,26.1531,-1.61727,26.2321,-1.68923,26.3194,-1.63459,26.32,-1.59331,26.2612,-1.56929,26.1456,-1.48962,25.9897,-1.41153,25.9229,-1.4601
26.1153,0.108178,26.1314,0.0149279,26.1289,-0.0400038,26.1123,-0.018775,26.0255,-0.00139618,25.9467,0.00909519,25.9782,0.0377445,26.1353,-0.00652122,26.3065,-0.126945,26.3422,-0.163211,26.2077,-0.129972,26.029,-0.156336,25.9445,-0.217518,25.9772,-0.234514,26.0186,-0.265852,25.99,-0.362511
25.7368,-1.08438,25.7814,-1.14772,25.7138,-1.27359,25.7216,-1.39597,25.7986,-1.43284,25.8378,-1.38561,25.8624,-1.28551,25.8945,-1.18484,25.9281,-1.17328,25.9397,-1.23763,25.9067,-1.33612,25.8071,-1.46518,25.6718,-1.53998,25.5841,-1.56916,25.5894,-1.64898,25.6678,-1.71349
25.5397,0.312495,25.5417,0.295405,25.4805,0.282491,25.483,0.288681,25.5561,0.303995,25.6527,0.354848,25.711,0.435773,25.7088,0.434856,25.6377,0.30497,25.524,0.123851,25.4688,-0.00707912,25.5293,-0.0534544,25.6498,-0.0105343,25.7598,0.0998287,25.8149,0.212754,25.778,0.294663
25.6109,-0.809052,25.6239,-0.852295,25.5959,-0.907668,25.703,-0.906253,25.8426,-0.829629,25.85,-0.749585,25.7858,-0.791973,25.7648,-0.998275,25.7869,-1.20954,25.8041,-1.26896,25.7683,-1.20195,25.6205,-1.16148,25.4732,-1.22594,25.4959,-1.34718,25.661,-1.39833,25.762,-1.34565
25.4494,-0.156271,25.4197,-0.189278,25.3983,-0.223896,25.4647,-0.278074,25.4968,-0.305621,25.4658,-0.292984,25.4161,-0.260036,25.3594,-0.283849,25.3553,-0.377887,25.4148,-0.440087,25.432,-0.468771,25.4035,-0.498685,25.3959,-0.565997,25.3832,-0.645695,25.3831,-0.663698,25.5146,-0.598192
25.4593,-0.47269,25.7062,-0.327905,25.8634,-0.225946,25.8769,-0.245912,25.7919,-0.361108,25.778,-0.4439,25.8377,-0.390615,25.8336,-0.307695,25.7573,-0.339752,25.7199,-0.458081,25.6832,-0.547852,25.6151,-0.56879,25.5951,-0.582309,25.6302,-0.629127,25.6833,-0.706803,25.7564,-0.770965
25.5099,-0.202646,25.6398,-0.273726,25.6343,-0.35813,25.5609,-0.458196,25.509,-0.603122,25.5067,-0.701518,25.5424,-0.658308,25.5536,-0.520236,25.5258,-0.411381,25.5297,-0.43283,25.5573,-0.577697,25.4881,-0.742676,25.3368,-0.852435,25.3035,-0.907459,25.4125,-0.941141,25.4947,-0.947619
25.4659,-0.451938,25.6144,-0.579341,25.6532,-0.714352,25.6465,-0.814581,25.6,-0.893106,25.4698,-0.955516,25.3284,-1.02778,25.2966,-1.09244,25.3374,-1.06758,25.3975,-0.960282,25.4938,-0.865965,25.6225,-0.873396,25.7086,-0.998807,25.7038,-1.10339,25.6547,-1.05989,25.6623,-0.961845
25.236,-0.00232697,25.227,-0.0907412,25.2861,-0.286434,25.38,-0.406003,25.4039,-0.365191,25.4109,-0.241684,25.4697,-0.137476,25.4912,-0.0848513,25.3684,-0.115959,25.1975,-0.264696,25.1874,-0.417678,25.2947,-0.428994,25.3541,-0.380981,25.3439,-0.37501,25.3552,-0.347151,25.4286,-0.295824
24.9298,-0.628514,25.066,-0.555901,25.1008,-0.51051,25.14,-0.542765,25.1964,-0.634438,25.2414,-0.723234,25.3177,-0.788657,25.4428,-0.866846,25.5227,-0.940989,25.5124,-1.00176,25.4796,-1.06424,25.4494,-1.04106,25.3985,-0.895716,25.3793,-0.770467,25.3845,-0.770815,25.346,-0.856227
25.1166,0.275752,25.1637,0.267347,25.162,0.161494,25.2392,0.0144157,25.3283,-0.11226,25.3072,-0.208348,25.2331,-0.23949,25.2749,-0.168072,25.4082,-0.00944424,25.4349,0.0735683,25.3307,-0.0445976,25.2686,-0.214286,25.3131,-0.246886,25.2938,-0.17038,25.1529,-0.0731421,25.0893,-0.0255032
24.8901,-1.15041,24.9111,-1.12107,24.8649,-0.937884,24.9083,-0.809355,24.9911,-0.82329,25.0119,-0.909433,24.9536,-0.990357,24.9474,-1.03657,24.9975,-1.06425,25.0016,-1.14717,25.0416,-1.27908,25.1419,-1.31642,25.1757,-1.23812,25.1568,-1.18707,25.1845,-1.21645,25.1991,-1.26933
24.8813,0.420536,24.9096,0.286222,24.8789,0.255392,24.854,0.198758,24.8214,0.105541,24.8245,0.104279,24.8903,0.234512,24.9928,0.375042,25.0998,0.358451,25.2044,0.225457,25.2023,0.193808,25.053,0.292656,24.8843,0.352526,24.8186,0.289038,24.8268,0.123198,24.8759,-0.0792522
24.9581,-1.45265,25.0781,-1.33553,25.1264,-1.27937,25.1,-1.35711,24.9742,-1.46643,24.8318,-1.53651,24.7966,-1.58718,24.9066,-1.62304,25.0858,-1.65287,25.206,-1.64596,25.1897,-1.58872,25.124,-1.52399,25.114,-1.53075,25.129,-1.56035,25.135,-1.55015,25.1198,-1.58729
24.771,0.145946,24.8906,0.11157,24.9109,0.130363,24.8633,0.146226,24.7816,0.0965099,24.7467,0.00237942,24.8009,-0.108215,24.9553,-0.225418,25.1287,-0.247444,25.1766,-0.147818,25.0929,-0.0829611,24.9918,-0.153652,24.9571,-0.278517,24.9614,-0.374168,24.9798,-0.399754,25.0062,-0.322017
24.7093,-1.43412,24.7181,-1.54067,24.7381,-1.60663,24.7876,-1.67559,24.8472,-1.76853,24.9029,-1.79127,24.9327,-1.66079,24.9077,-1.50973,24.8451,-1.49501,24.8416,-1.5965,24.9368,-1.7437,25.0298,-1.89183,24.9962,-1.95213,24.9205,-1.9429,24.8983,-1.95733,24.878,-1.97613
24.6776,0.0143547,24.6511,-0.00191116,24.5922,-0.0753813,24.5892,-0.104854,24.6044,-0.0189648,24.5874,0.0764637,24.5637,0.102399,24.5446,0.135441,24.5102,0.174803,24.5545,0.124195,24.7205,0.0221233,24.8876,-0.0153837,24.9881,-0.0654545,25.0636,-0.190171,25.0489,-0.252777,24.9186,-0.186972
24.3769,-0.978825,24.4475,-1.00043,24.5994,-0.946871,24.7097,-0.849237,24.7625,-0.803977,24.8006,-0.803314,24.7549,-0.773808,24.6455,-0.745403,24.5804,-0.816347,24.6062,-0.987588,24.6987,-1.12826,24.7431,-1.08138,24.6547,-0.944157,24.5789,-0.952933,24.6488,-1.11331,24.7689,-1.30136
24.7174,0.023386,24.7559,-0.0194178,24.7393,0.00181198,24.6916,0.0176716,24.581,0.0122442,24.4929,-0.022212,24.539,-0.0951843,24.6683,-0.158811,24.8188,-0.126348,24.9306,-0.0383501,24.8955,-0.0402746,24.7135,-0.132122,24.5272,-0.17706,24.4552,-0.17655,24.5081,-0.210763,24.6459,-0.257997
24.5291,-0.486595,24.5606,-0.457944,24.5891,-0.556251,24.6386,-0.753427,24.6319,-0.920402,24.5669,-0.924601,24.4933,-0.804242,24.4763,-0.660073,24.5922,-0.508771,24.8045,-0.440113,24.9171,-0.531253,24.8634,-0.702552,24.7924,-0.832438,24.8323,-0.854141,24.8743,-0.795452,24.7755,-0.79848
24.5729,0.178084,24.5551,0.0372639,24.5167,-0.0788832,24.5498,-0.10861,24.5912,-0.0912075,24.628,-0.111648,24.6596,-0.113733,24.6739,-0.0744076,24.6642,-0.0758915,24.6656,-0.103532,24.7188,-0.0349884,24.8067,0.0916758,24.8646,0.118585,24.8775,0.00859356,24.8481,-0.147356,24.7623,-0.211633
24.2196,-0.824348,24.2535,-0.82552,24.3249,-0.818573,24.4903,-0.913191,24.6326,-1.03807,24.6568,-1.04072,24.585,-0.955462,24.4995,-0.934987,24.4636,-1.01421,24.5447,-1.134,24.6709,-1.27584,24.668,-1.43352,24.5791,-1.52727,24.5868,-1.49069,24.6203,-1.36892,24.5775,-1.27921
24.3031,-0.699515,24.3137,-0.779688,24.2973,-0.86867,24.2968,-0.971428,24.2698,-1.10845,24.2394,-1.23149,24.294,-1.23933,24.4361,-1.07703,24.5233,-0.863442,24.497,-0.812962,24.4285,-0.918652,24.4043,-0.964738,24.341,-0.911823,24.1694,-0.942895,24.0532,-1.09947,24.1549,-1.24393
24.2183,-0.265836,24.3072,-0.251563,24.2859,-0.237442,24.2808,-0.249824,24.3677,-0.346679,24.4922,-0.514894,24.5143,-0.646683,24.4023,-0.673209,24.3198,-0.672003,24.3346,-0.719609,24.3366,-0.754703,24.2664,-0.709811,24.1814,-0.617316,24.1476,-0.518664,24.168,-0.45113,24.2481,-0.440521
24.0665,-0.221919,24.0589,-0.112276,24.1383,0.0467367,24.3286,0.136972,24.4167,0.122688,24.3146,0.0054388,24.1402,-0.165318,24.0215,-0.261337,24.0551,-0.249777,24.2643,-0.179855,24.4772,-0.100645,24.5047,-0.0198126,24.3732,0.0428982,24.2897,0.0770187,24.3408,0.0651712,24.4307,-0.00221348
24.2705,-1.17738,24.3545,-1.15749,24.3077,-1.1438,24.2866,-1.14241,24.2571,-1.10868,24.2118,-1.05589,24.2133,-1.06553,24.1743,-1.09474,24.0449,-1.12859,23.9731,-1.22029,24.0236,-1.32217,24.0671,-1.37059,24.0242,-1.37836,23.9813,-1.38613,24.0499,-1.39065,24.2038,-1.40292
23.8869,-0.374321,24.1261,-0.217374,24.1778,-0.108461,24.0894,-0.148193,23.9732,-0.286764,23.8551,-0.390239,23.7952,-0.400061,23.8641,-0.350566,23.9706,-0.262219,23.9836,-0.177247,23.9355,-0.184669,23.8796,-0.308143,23.8392,-0.407201,23.8519,-0.406981,23.9083,-0.419177,23.9303,-0.599708
23.7626,-0.395793,23.7475,-0.414935,23.7191,-0.444846,23.7758,-0.500509,23.8746,-0.6257,23.9501,-0.750415,23.9924,-0.735191,24.0646,-0.620214,24.1538,-0.569932,24.2462,-0.582383,24.3728,-0.541989,24.498,-0.44322,24.4601,-0.407871,24.2449,-0.506003,24.09,-0.668512,24.1217,-0.798819
23.9394,-0.334334,23.9252,-0.178698,23.8982,-0.138767,23.8878,-0.199542,23.877,-0.234857,23.8825,-0.247935,23.8839,-0.275577,23.8205,-0.289408,23.7647,-0.266661,23.8395,-0.224969,23.9943,-0.208678,24.1181,-0.259227,24.1904,-0.400684,24.2001,-0.558152,24.1705,-0.621895,24.1595,-0.595738
23.861,-0.526258,23.7598,-0.566211,23.7145,-0.659648,23.8362,-0.741847,24.0118,-0.76296,24.0461,-0.692108,23.9277,-0.575162,23.8196,-0.49492,23.7977,-0.522084,23.7924,-0.619219,23.7737,-0.709118,23.7695,-0.77242,23.7724,-0.809693,23.7746,-0.888254,23.8425,-1.03154,23.9149,-1.15499
23.6096,-0.25749,23.7373,-0.280746,23.7762,-0.269535,23.7355,-0.276388,23.7543,-0.376176,23.8325,-0.525434,23.8258,-0.594928,23.7922,-0.557748,23.8371,-0.487594,23.8823,-0.412164,23.8292,-0.36522,23.7158,-0.382112,23.6385,-0.429996,23.6477,-0.531267,23.672,-0.692874,23.6678,-0.804918
23.6632,-1.01972,23.8568,-0.943476,23.8928,-0.815515,23.869,-0.758843,23.863,-0.769046,23.8878,-0.779156,23.9356,-0.777011,23.9416,-0.766809,23.8715,-0.752652,23.8499,-0.823281,23.9702,-0.975325,24.0815,-1.08756,23.9992,-1.17857,23.77,-1.28001,23.6836,-1.28809,23.8332,-1.12523
23.83,-0.385405,23.8515,-0.33278,23.7428,-0.342565,23.709,-0.420871,23.7958,-0.486991,23.9446,-0.432162,23.9929,-0.357995,23.8762,-0.391631,23.6778,-0.492985,23.5477,-0.616865,23.5571,-0.748875,23.5932,-0.779865,23.5313,-0.657107,23.4688,-0.544903,23.4866,-0.532302,23.4939,-0.549737
23.383,-0.383482,23.546,-0.515025,23.6529,-0.629096,23.6969,-0.63624,23.71,-0.551268,23.6873,-0.509506,23.6701,-0.609039,23.6947,-0.783377,23.6857,-0.902528,23.6196,-0.909821,23.5929,-0.815874,23.6285,-0.693188,23.6826,-0.644829,23.7046,-0.697141,23.6887,-0.793579,23.6707,-0.872928
23.4693,-0.424141,23.6094,-0.452454,23.6816,-0.483699,23.7165,-0.548518,23.7156,-0.625815,23.6451,-0.634938,23.5598,-0.529715,23.5932,-0.377209,23.729,-0.279136,23.8113,-0.267611,23.7662,-0.325035,23.672,-0.43644,23.6073,-0.581585,23.5886,-0.720226,23.6422,-0.823364,23.7239,-0.901867
23.8134,-0.589875,23.8659,-0.580623,23.8627,-0.548623,23.9003,-0.540507,23.9751,-0.596296,24.0271,-0.659066,23.9777,-0.700317,23.8272,-0.781523,23.6598,-0.877507,23.5778,-0.883758,23.5499,-0.792908,23.4928,-0.742521,23.4768,-0.777488,23.5665,-0.814136,23.6463,-0.808802,23.5956,-0.791678
23.405,-0.130618,23.388,-0.242882,23.3281,-0.38092,23.3258,-0.479316,23.4321,-0.555198,23.5866,-0.605654,23.6512,-0.606732,23.5835,-0.604391,23.483,-0.603058,23.4997,-0.557541,23.536,-0.521785,23.4386,-0.552451,23.3568,-0.668912,23.4829,-0.780015,23.7069,-0.806437,23.8292,-0.767876
22.9526,-0.964394,23.0537,-1.02192,23.2222,-0.989586,23.3781,-0.85999,23.4168,-0.738566,23.3613,-0.728549,23.2703,-0.823215,23.238,-0.959896,23.3454,-1.00195,23.479,-0.904788,23.5303,-0.80115,23.5702,-0.822855,23.6772,-0.918921,23.8024,-0.997108,23.8488,-1.06481,23.7797,-1.13231
23.123,0.253543,23.1714,0.199492,23.2096,0.0719376,23.2804,-0.0111456,23.3559,-0.0871191,23.4587,-0.167012,23.5663,-0.270534,23.6564,-0.448127,23.7178,-0.6249,23.6913,-0.689907,23.5342,-0.694383,23.3605,-0.708365,23.2698,-0.718278,23.2658,-0.666094,23.3335,-0.570954,23.4699,-0.559813
23.2614,-0.942365,23.3839,-0.916533,23.4357,-0.966573,23.3307,-1.01581,23.1878,-0.980962,23.1606,-0.87956,23.2021,-0.813417,23.2272,-0.818253,23.205,-0.881429,23.1215,-1.00626,23.0772,-1.13261,23.1502,-1.21478,23.2347,-1.25107,23.2193,-1.22675,23.1808,-1.18395,23.1717,-1.19289
22.9857,0.116364,22.9952,-0.0771141,22.9443,-0.0779953,22.8853,0.0562258,22.8984,0.0617208,22.9785,-0.153367,23.0444,-0.328307,23.0888,-0.281433,23.1408,-0.167246,23.1659,-0.0926027,23.1462,-0.0213709,23.1518,-0.0164423,23.1619,-0.0891609,23.0895,-0.142667,23.0012,-0.195129,23.0265,-0.310173
22.8273,-1.08117,22.8348,-1.0806,22.8462,-0.955258,22.8666,-0.887723,22.915,-0.844294,22.9968,-0.727833,23.1029,-0.693503,23.134,-0.865091,23.0239,-1.07293,22.9418,-1.12793,23.0515,-1.12032,23.1791,-1.16158,23.1118,-1.20271,22.9494,-1.15809,22.8927,-1.05369,22.997,-1.015
23.0471,0.0190687,23.0579,0.0851192,23.0395,0.0799723,23.0485,0.0401688,23.126,-0.0221596,23.2292,-0.0480366,23.2164,-0.0175209,23.1254,0.0160313,23.1031,0.0323315,23.1556,0.041584,23.2245,-0.00640392,23.2917,-0.129506,23.2964,-0.201876,23.2489,-0.198745,23.279,-0.209205,23.3671,-0.254221
23.0583,-0.776387,23.1201,-0.819667,23.1625,-0.786439,23.1827,-0.736911,23.1977,-0.687034,23.1918,-0.679231,23.1845,-0.710534,23.1836,-0.73909,23.151,-0.783564,23.1178,-0.869325,23.1755,-0.975906,23.2942,-1.03884,23.3714,-1.00896,23.3524,-0.927176,23.2447,-0.890402,23.125,-0.904767
22.769,-0.277308,22.9224,-0.361593,23.0156,-0.442971,23.055,-0.536695,23.0003,-0.62634,22.9153,-0.710802,22.91,-0.807935,22.9687,-0.849952,23.0304,-0.765015,23.1216,-0.603603,23.2177,-0.447818,23.2385,-0.357001,23.1908,-0.389882,23.1542,-0.510389,23.1527,-0.598236,23.1322,-0.635036
22.8176,-0.441568,22.9302,-0.532707,22.9423,-0.671254,22.8662,-0.764784,22.7744,-0.790522,22.7518,-0.779495,22.7449,-0.659303,22.6924,-0.491596,22.6611,-0.435494,22.7106,-0.553196,22.7803,-0.749583,22.7844,-0.91198,22.7512,-0.997739,22.7684,-0.977681,22.8454,-0.855598,22.9472,-0.725618
22.9427,-0.794197,23.0052,-0.729445,22.8737,-0.617992,22.81,-0.6371,22.8478,-0.769931,22.8314,-0.858914,22.7627,-0.872398,22.7924,-0.888131,22.9306,-0.912084,23.0683,-0.897845,23.1052,-0.851541,23.0462,-0.814798,22.962,-0.821962,22.8986,-0.884537,22.9006,-0.950366,22.9064,-0.958169
22.6449,0.170622,22.6021,0.13212,22.5189,-0.054184,22.509,-0.219894,22.5425,-0.226341,22.5861,-0.11054,22.6485,0.0156803,22.735,0.041769,22.8316,-0.0843382,22.9156,-0.272136,22.9397,-0.372271,22.8463,-0.375647,22.6873,-0.375761,22.5973,-0.423866,22.6265,-0.462879,22.6935,-0.427031
22.4017,-0.64197,22.4515,-0.626179,22.4849,-0.553151,22.5352,-0.416596,22.5678,-0.372122,22.57,-0.419947,22.5476,-0.421652,22.518,-0.387913,22.5143,-0.476676,22.6074,-0.753015,22.7465,-1.05359,22.8022,-1.12507,22.7344,-0.963782,22.6057,-0.761387,22.5084,-0.694572,22.5527,-0.842659
22.5052,0.124733,22.5282,0.0882478,22.5703,-0.0300217,22.5887,-0.183826,22.5659,-0.288286,22.5915,-0.26984,22.6909,-0.225529,22.7841,-0.258164,22.8298,-0.336412,22.8526,-0.408908,22.8599,-0.475086,22.8195,-0.525404,22.7459,-0.51526,22.6669,-0.461302,22.5752,-0.469036,22.4964,-0.507284
22.2907,-0.188546,22.3836,-0.177717,22.5211,-0.132744,22.6429,-0.166203,22.7029,-0.23586,22.703,-0.266595,22.6657,-0.269436,22.6291,-0.261724,22.5569,-0.248486,22.4258,-0.259975,22.3252,-0.356124,22.3407,-0.570135,22.4452,-0.769874,22.5404,-0.819601,22.5809,-0.720542,22.5373,-0.610643
22.0206,-0.314851,22.0763,-0.337597,22.1459,-0.326293,22.2448,-0.354002,22.3763,-0.496187,22.4998,-0.68023,22.5396,-0.71994,22.4821,-0.595352,22.4104,-0.510091,22.3985,-0.561231,22.4388,-0.657135,22.4413,-0.748426,22.3844,-0.80825,22.377,-0.839555,22.4426,-0.824806,22.4441,-0.7857
22.3993,-0.276241,22.4946,-0.277227,22.4668,-0.296588,22.4225,-0.374198,22.4958,-0.49983,22.5989,-0.671927,22.6085,-0.847403,22.6119,-0.940872,22.7048,-0.930042,22.8122,-0.843878,22.8302,-0.715788,22.7573,-0.615616,22.6815,-0.624393,22.6241,-0.707498,22.5615,-0.741516,22.5168,-0.696184
22.3688,0.0648508,22.438,-0.0753431,22.5862,-0.141276,22.7033,-0.133103,22.685,-0.13825,22.6046,-0.215604,22.5442,-0.328181,22.5299,-0.385514,22.5274,-0.342964,22.509,-0.268635,22.4384,-0.22902,22.3331,-0.204059,22.2742,-0.149312,22.3283,-0.0829487,22.4167,-0.0612211,22.467,-0.101625
22.3014,-0.555886,22.1779,-0.597544,21.9648,-0.566542,21.964,-0.546357,22.1563,-0.570693,22.3226,-0.588012,22.3912,-0.592535,22.4009,-0.621786,22.3771,-0.693332,22.3555,-0.763961,22.3897,-0.711115,22.4358,-0.607131,22.3951,-0.644718,22.2938,-0.800158,22.2305,-0.875461,22.2015,-0.849177
22.0711,-0.593684,22.209,-0.62291,22.3537,-0.533905,22.3645,-0.49859,22.2511,-0.643698,22.1969,-0.88702,22.2531,-1.06344,22.3086,-1.07346,22.2847,-0.986054,22.1924,-0.906857,22.0962,-0.854951,22.0513,-0.845629,22.0727,-0.841745,22.1198,-0.819415,22.0931,-0.822952,22.01,-0.845026
21.9323,-0.110879,22.0976,-0.174762,22.1454,-0.270098,22.1284,-0.351627,22.0872,-0.381758,22.056,-0.405131,22.0517,-0.437698,22.0741,-0.435995,22.1017,-0.385899,22.0693,-0.363626,22.0076,-0.399822,22.0276,-0.417039,22.1524,-0.421026,22.2729,-0.506323,22.2678,-0.695662,22.1868,-0.863043
21.9534,-0.417445,21.9547,-0.41435,21.8944,-0.50892,21.9138,-0.616165,22.0071,-0.679536,22.1055,-0.730526,22.1615,-0.766002,22.168,-0.811996,22.094,-0.904608,21.9914,-1.0144,21.9496,-1.00634,21.9396,-0.884887,21.9164,-0.817665,21.937,-0.891078,22.012,-0.959598,22.0179,-0.869919
22.174,-0.576096,22.2389,-0.651374,22.1615,-0.717261,22.0735,-0.654239,21.9918,-0.526995,21.9075,-0.503425,21.8534,-0.551783,21.8766,-0.570265,21.9071,-0.557441,21.8837,-0.574971,21.8003,-0.651063,21.7289,-0.816959,21.7492,-1.02386,21.8622,-1.10973,22.0114,-1.00088,22.0881,-0.86607
21.8476,-0.672198,21.9165,-0.591968,21.9857,-0.426986,22.0442,-0.35879,22.0122,-0.361979,21.9305,-0.362954,21.9176,-0.42992,21.9828,-0.615411,21.9901,-0.809805,21.8955,-0.877746,21.8396,-0.793528,21.9054,-0.663293,22.006,-0.585151,22.0389,-0.584142,22.0171,-0.672776,22.0142,-0.781725
21.8479,-0.50797,21.9361,-0.504248,21.9625,-0.536722,21.9898,-0.540642,22.0645,-0.468214,22.2049,-0.411774,22.3504,-0.391694,22.3978,-0.364088,22.32,-0.386511,22.187,-0.491124,22.0991,-0.587051,22.0598,-0.603538,22.0343,-0.573243,22.0532,-0.526812,22.1121,-0.50208,22.1166,-0.561718
21.6132,-0.5476,21.5984,-0.53073,21.6438,-0.437294,21.77,-0.371442,21.9063,-0.360299,21.9904,-0.371138,21.9789,-0.417004,21.8643,-0.516469,21.7228,-0.637474,21.6579,-0.721148,21.7428,-0.654691,21.9082,-0.492875,22.0037,-0.427114,21.95,-0.500933,21.8582,-0.575412,21.8845,-0.546416
21.8241,-0.756474,21.9612,-0.765517,21.8456,-0.655108,21.6829,-0.51829,21.5941,-0.435081,21.5792,-0.436216,21.6349,-0.458964,21.7505,-0.441154,21.8325,-0.483646,21.8447,-0.652929,21.8723,-0.82853,21.9187,-0.896226,21.9141,-0.836587,21.8694,-0.711779,21.8283,-0.64443,21.7906,-0.652545
21.8598,-0.182392,21.7885,-0.17133,21.7588,-0.155598,21.8487,-0.125499,21.8837,-0.14158,21.764,-0.204687,21.6033,-0.231179,21.5618,-0.217846,21.6312,-0.242552,21.6721,-0.345911,21.6871,-0.454988,21.773,-0.518927,21.8624,-0.56085,21.8368,-0.579297,21.7218,-0.55582,21.6354,-0.563899
21.5906,-0.408357,21.6925,-0.388589,21.7194,-0.367047,21.6556,-0.434895,21.569,-0.607203,21.5813,-0.709739,21.6735,-0.660721,21.7043,-0.563147,21.7054,-0.49858,21.8038,-0.421353,21.8684,-0.37369,21.7815,-0.453792,21.65,-0.61678,21.6112,-0.738204,21.6688,-0.765308,21.7083,-0.743547
21.4605,-0.709195,21.5535,-0.600885,21.6502,-0.580769,21.7654,-0.714457,21.8913,-0.861572,21.922,-0.910219,21.8177,-0.869433,21.6964,-0.812692,21.623,-0.784543,21.5717,-0.790699,21.5622,-0.82292,21.5929,-0.822827,21.6561,-0.716787,21.7307,-0.613626,21.7324,-0.68473,21.6545,-0.902117
21.4724,-0.35288,21.485,-0.273183,21.5503,-0.263712,21.7564,-0.448957,21.9824,-0.620687,22.0475,-0.598484,21.9302,-0.496446,21.7219,-0.458338,21.5542,-0.510858,21.4935,-0.610705,21.5393,-0.640211,21.6493,-0.57859,21.764,-0.5586,21.8482,-0.630911,21.8915,-0.746087,21.8353,-0.874835
21.6257,-0.357691,21.6011,-0.457793,21.4766,-0.49727,21.3882,-0.488263,21.3609,-0.404867,21.3397,-0.275259,21.3762,-0.172758,21.5483,-0.149141,21.7353,-0.221869,21.7723,-0.35252,21.6899,-0.461525,21.6096,-0.520876,21.545,-0.537802,21.5119,-0.508077,21.5293,-0.421273,21.5881,-0.365807
21.1363,-0.645429,21.3294,-0.689949,21.426,-0.718574,21.4408,-0.686703,21.4177,-0.61948,21.3385,-0.534788,21.2255,-0.497665,21.2076,-0.60775,21.3846,-0.784718,21.6338,-0.877445,21.7443,-0.841283,21.6655,-0.751315,21.5336,-0.69388,21.4714,-0.704616,21.4889,-0.776763,21.5267,-0.878859
21.4316,0.073658,21.5829,-0.139761,21.5533,-0.23424,21.4503,-0.221093,21.321,-0.206207,21.2087,-0.189269,21.1466,-0.102524,21.1071,0.0219369,21.0673,0.0436416,21.1228,-0.0458522,21.2578,-0.135288,21.3301,-0.197267,21.3337,-0.254727,21.3887,-0.288023,21.4696,-0.266865,21.4982,-0.218947
21.2612,-0.454455,21.2774,-0.480959,21.273,-0.500795,21.3618,-0.486523,21.5092,-0.452797,21.6068,-0.404124,21.5878,-0.322341,21.476,-0.233383,21.3211,-0.236942,21.1505,-0.349669,21.0951,-0.498603,21.2509,-0.594707,21.4013,-0.610983,21.3656,-0.574718,21.2683,-0.538638,21.2831,-0.604249
21.2287,-0.047534,21.2837,-0.0808301,21.262,-0.120725,21.2489,-0.174962,21.2955,-0.127171,21.3497,-0.0120673,21.3325,-0.032124,21.2497,-0.195146,21.1842,-0.320106,21.2035,-0.396613,21.311,-0.438664,21.4364,-0.432102,21.4466,-0.438073,21.2775,-0.511694,21.0703,-0.616711,21.0282,-0.644663
21.1552,-0.727212,21.1789,-0.722412,21.1824,-0.749137,21.2116,-0.836891,21.2402,-0.96593,21.2871,-1.08982,21.3758,-1.19104,21.4957,-1.26888,21.5612,-1.27214,21.4697,-1.16438,21.2748,-1.06676,21.1755,-1.11107,21.2502,-1.2156,21.3913,-1.27683,21.452,-1.25646,21.347,-1.17748
21.4079,0.0508528,21.4075,0.173795,21.2672,0.214837,21.1474,0.133725,21.0967,-0.00810289,21.1308,-0.10148,21.1944,-0.100378,21.2108,-0.0781407,21.189,-0.118035,21.2016,-0.184561,21.216,-0.127229,21.2078,0.069345,21.2534,0.198791,21.3596,0.12291,21.415,-0.0333304,21.3634,-0.093502
20.9911,-0.806458,21.0874,-0.791617,21.1911,-0.794214,21.2719,-0.821794,21.2659,-0.880739,21.193,-0.957526,21.1608,-0.996724,21.2391,-0.981756,21.3211,-0.89603,21.3047,-0.759315,21.2093,-0.727596,21.0783,-0.849297,20.9662,-0.942571,20.982,-0.943613,21.1086,-1.0007,21.228,-1.15056
20.8426,-0.471359,20.8604,-0.489492,20.8526,-0.495336,20.9167,-0.519695,21.0205,-0.553026,21.0826,-0.591031,21.0861,-0.666495,21.1332,-0.772383,21.2659,-0.801263,21.3141,-0.745103,21.1851,-0.676199,21.0066,-0.587078,20.9235,-0.480936,20.9404,-0.466153,21.0393,-0.573339,21.1417,-0.707248
20.9856,0.0914078,20.91,0.0699005,20.8009,-0.0426421,20.7696,-0.212237,20.7961,-0.324188,20.861,-0.319991,20.9763,-0.258716,21.1235,-0.212259,21.1835,-0.153698,21.0511,-0.0888076,20.915,-0.0639386,20.9939,-0.105166,21.1524,-0.207808,21.1615,-0.327085,21.0411,-0.40074,20.9309,-0.400891
21.0153,-0.455197,21.0826,-0.462814,21.205,-0.454988,21.4046,-0.44802,21.4893,-0.417573,21.3118,-0.41011,21.0486,-0.448914,20.9693,-0.461701,21.0424,-0.397645,21.0886,-0.355131,21.1154,-0.43107,21.1814,-0.588005,21.1854,-0.670924,21.0847,-0.608121,20.9884,-0.52548,20.9814,-0.502768
20.9452,-0.135867,20.9974,-0.180631,21.0762,-0.142383,21.0453,-0.0322652,20.8574,0.0426421,20.691,-0.0375171,20.6917,-0.203926,20.8011,-0.28107,20.8696,-0.254856,20.8679,-0.18375,20.8963,-0.123103,21.0029,-0.144969,21.0925,-0.248363,21.0506,-0.289046,20.9572,-0.194938,20.944,-0.0902219
20.4808,-0.525922,20.6754,-0.628817,20.7954,-0.737393,20.8136,-0.829726,20.7777,-0.908949,20.7118,-1.00845,20.6489,-1.07847,20.5902,-1.03646,20.5063,-0.910131,20.4723,-0.84749,20.5716,-0.851918,20.7227,-0.875651,20.8154,-0.980308,20.8656,-1.16693,20.9032,-1.28704,20.9334,-1.23075
20.5838,-0.105677,20.6228,-0.253419,20.7195,-0.361521,20.912,-0.349844,21.0555,-0.215193,21.0043,-0.0751276,20.858,-0.0442877,20.801,-0.122118,20.7977,-0.236342,20.7484,-0.308328,20.7252,-0.338587,20.8234,-0.376847,20.9328,-0.405252,20.9289,-0.383802,20.8089,-0.354702,20.6609,-0.35024
20.6223,-0.227959,20.5931,-0.188946,20.6772,-0.230521,20.849,-0.309659,20.9421,-0.439778,20.9213,-0.579334,20.8907,-0.640897,20.8997,-0.601223,20.9715,-0.460786,21.0828,-0.298587,21.1046,-0.289428,20.94,-0.47143,20.703,-0.676202,20.5716,-0.772443,20.5624,-0.799387,20.5545,-0.823236
20.5794,-0.0587692,20.5641,-0.113922,20.5708,-0.141909,20.6163,-0.158685,20.6086,-0.146524,20.562,-0.145573,20.5798,-0.181711,20.6688,-0.198174,20.6968,-0.1428,20.5959,-0.0980034,20.4959,-0.152866,20.5252,-0.222614,20.5817,-0.216806,20.5361,-0.218035,20.4583,-0.289199,20.5158,-0.365046
20.3194,-0.611705,20.4615,-0.52889,20.5631,-0.611878,20.6071,-0.844718,20.5833,-1.04448,20.578,-1.09287,20.5818,-1.08359,20.5407,-1.14446,20.521,-1.20144,20.5265,-1.13504,20.4572,-1.01285,20.3761,-0.972542,20.376,-0.990546,20.4275,-0.997121,20.4678,-1.04428,20.5005,-1.12803
20.3373,-0.3554,20.3346,-0.397601,20.3828,-0.469658,20.439,-0.517865,20.4091,-0.520138,20.3943,-0.472532,20.4205,-0.412801,20.4208,-0.407525,20.4179,-0.467733,20.4771,-0.517204,20.5303,-0.546142,20.5579,-0.642266,20.6208,-0.797936,20.7523,-0.860648,20.887,-0.778401,20.9175,-0.668096
20.227,-0.324815,20.3755,-0.275262,20.4306,-0.21108,20.3922,-0.278486,20.3237,-0.402181,20.2603,-0.446748,20.2478,-0.459699,20.3009,-0.555381,20.3768,-0.656816,20.4708,-0.630163,20.5393,-0.506467,20.5181,-0.474341,20.4698,-0.597248,20.4929,-0.743944,20.5378,-0.771271,20.5083,-0.670789
20.3786,-0.148308,20.3447,-0.0676632,20.2052,-0.028801,20.1676,-0.0856571,20.2633,-0.209585,20.4038,-0.263356,20.5076,-0.247947,20.5375,-0.276411,20.5059,-0.40254,20.4514,-0.553655,20.4223,-0.594118,20.4003,-0.493066,20.3839,-0.40509,20.4326,-0.453866,20.5658,-0.587682,20.69,-0.663691
20.488,-0.256191,20.4902,-0.33475,20.5365,-0.371712,20.56,-0.433657,20.4553,-0.575102,20.3441,-0.719296,20.406,-0.793312,20.5684,-0.789184,20.6388,-0.700583,20.5675,-0.512565,20.4635,-0.338287,20.4312,-0.249269,20.4618,-0.267182,20.4681,-0.397926,20.4502,-0.556751,20.4587,-0.619833
20.442,-0.0857382,20.4609,-0.0880442,20.4219,-0.11726,20.3377,-0.124427,20.271,-0.173006,20.3217,-0.336351,20.4396,-0.476578,20.4921,-0.467326,20.464,-0.394482,20.3771,-0.395109,20.2674,-0.451455,20.1967,-0.447849,20.1441,-0.377626,20.126,-0.346763,20.2673,-0.389984,20.4899,-0.468242
20.1921,-0.436951,20.2895,-0.357545,20.2747,-0.389417,20.2475,-0.464973,20.2404,-0.539743,20.221,-0.609457,20.2431,-0.692504,20.3926,-0.755342,20.5944,-0.747458,20.72,-0.643414,20.7224,-0.557746,20.6163,-0.592076,20.5107,-0.682603,20.4765,-0.784187,20.4345,-0.922352,20.3663,-0.961296
20.1294,-0.440233,20.2527,-0.434586,20.3453,-0.459769,20.3367,-0.494167,20.2692,-0.504556,20.2177,-0.497981,20.1966,-0.49659,20.2403,-0.509007,20.3197,-0.526955,20.3384,-0.516532,20.2855,-0.482318,20.2495,-0.482064,20.2477,-0.477705,20.2196,-0.40486,20.1628,-0.318462,20.1086,-0.305349
20.2245,-0.154049,20.0342,-0.244286,19.9103,-0.339959,19.8874,-0.413683,19.9407,-0.424617,20.049,-0.38937,20.2292,-0.421382,20.4652,-0.537609,20.5777,-0.616018,20.4428,-0.588055,20.2783,-0.544357,20.3152,-0.546792,20.4284,-0.56591,20.4166,-0.56831,20.291,-0.544136,20.1412,-0.51731
20.1053,-0.419572,20.0859,-0.440546,20.0347,-0.397962,19.963,-0.343435,19.8676,-0.360456,19.7815,-0.460743,19.7625,-0.555918,19.9081,-0.517831,20.1383,-0.400558,20.2615,-0.364176,20.2646,-0.462921,20.2736,-0.551463,20.2832,-0.598721,20.2424,-0.703053,20.1741,-0.79074,20.0841,-0.741361
19.8768,-0.156554,19.7904,-0.213377,19.7203,-0.19922,19.7973,-0.205354,19.8848,-0.260921,19.8945,-0.338914,19.9384,-0.364061,20.0385,-0.291194,20.0683,-0.258186,20.0153,-0.370194,19.9563,-0.46167,19.9193,-0.4285,19.9169,-0.416686,19.9722,-0.49345,20.0223,-0.569864,20.0503,-0.563233
19.9659,-0.637144,20.0257,-0.565854,19.971,-0.624761,19.9002,-0.798113,19.941,-0.950213,20.0916,-1.0767,20.2167,-1.1729,20.2467,-1.18335,20.2233,-1.12141,20.1742,-1.02917,20.0829,-0.952149,19.9692,-0.925577,19.9045,-0.942503,19.9286,-0.9939,19.9788,-1.00357,19.9634,-0.899768
19.967,-0.39562,19.9313,-0.438831,19.8462,-0.443815,19.8405,-0.418008,19.8898,-0.425498,19.9779,-0.519257,20.0671,-0.597191,20.0382,-0.552903,19.915,-0.461068,19.8875,-0.395678,19.9186,-0.310834,19.8889,-0.246361,19.8664,-0.314812,19.8933,-0.452221,19.8583,-0.533622,19.7573,-0.586306
19.7476,-0.123663,19.7573,-0.201655,19.6783,-0.178434,19.657,-0.195047,19.7017,-0.28912,19.7345,-0.385593,19.7991,-0.435411,19.918,-0.382855,19.9615,-0.254325,19.8996,-0.180311,19.8213,-0.195278,19.7826,-0.26796,19.8183,-0.352967,19.8811,-0.429162,19.8894,-0.479513,19.867,-0.529958
20.0104,-0.541529,19.9799,-0.682568,19.9518,-0.658465,19.927,-0.520138,19.8633,-0.490505,19.7813,-0.624971,19.7096,-0.796143,19.6517,-0.951269,19.6188,-1.03175,19.672,-0.981216,19.7918,-0.851364,19.8623,-0.762764,19.8576,-0.72113,19.8348,-0.697375,19.8215,-0.690139,19.8657,-0.710012
19.656,0.0455613,19.684,-0.0272837,19.7485,-0.0771027,19.9041,-0.160473,20.033,-0.278116,20.0064,-0.361127,19.8598,-0.366298,19.7301,-0.35669,19.6658,-0.36834,19.656,-0.33909,19.6893,-0.284065,19.7365,-0.29247,19.7979,-0.292285,19.8923,-0.24235,19.9431,-0.259473,19.9311,-0.37736
19.5097,-0.533947,19.7138,-0.555883,19.7173,-0.582607,19.6292,-0.617064,19.6401,-0.661226,19.7772,-0.719008,19.8415,-0.756098,19.7559,-0.704887,19.6947,-0.571582,19.764,-0.486076,19.8221,-0.520637,19.8179,-0.63268,19.8257,-0.755054,19.8511,-0.852095,19.8374,-0.947617,19.7871,-1.03543
19.9027,-0.407272,19.9326,-0.258779,19.8593,-0.261363,19.7333,-0.339946,19.5844,-0.412781,19.472,-0.542065,19.4677,-0.720852,19.5721,-0.792375,19.6873,-0.749107,19.7663,-0.723588,19.8022,-0.790589,19.7569,-0.91476,19.6678,-0.995778,19.6629,-0.941414,19.6987,-0.849463,19.676,-0.807703
19.4187,-0.579871,19.6025,-0.669342,19.7033,-0.76288,19.7212,-0.829753,19.661,-0.826844,19.5465,-0.810821,19.4818,-0.876489,19.5122,-1.00989,19.5774,-1.04916,19.6337,-0.951143,19.6361,-0.83474,19.5939,-0.783216,19.5581,-0.746951,19.55,-0.709328,19.5377,-0.73501,19.5111,-0.818022
19.4519,-0.140198,19.4027,-0.212183,19.289,-0.216347,19.338,-0.131629,19.4533,-0.119095,19.5036,-0.287718,19.5156,-0.44427,19.4465,-0.383553,19.2326,-0.204149,19.0326,-0.118913,19.0503,-0.173056,19.2488,-0.328134,19.471,-0.50915,19.6393,-0.64104,19.7455,-0.686187,19.7348,-0.606015
19.2758,-0.721979,19.3539,-0.743021,19.331,-0.768006,19.3446,-0.73923,19.3847,-0.645446,19.3424,-0.563189,19.1799,-0.536582,19.0374,-0.593937,19.1079,-0.713029,19.3229,-0.779125,19.4806,-0.733363,19.5331,-0.693376,19.5438,-0.755542,19.4834,-0.819379,19.3246,-0.80149,19.1669,-0.798511
19.4113,-0.0495672,19.3165,-0.104778,19.1848,-0.108814,19.1488,-0.108559,19.1773,-0.158122,19.2155,-0.254943,19.2361,-0.328355,19.2559,-0.332842,19.2553,-0.325387,19.2107,-0.310791,19.1676,-0.257088,19.1957,-0.201715,19.32,-0.180243,19.4506,-0.143293,19.5197,-0.0757937,19.4991,-0.0511212
19.4976,-0.444142,19.41,-0.309098,19.3448,-0.190353,19.4495,-0.177124,19.5922,-0.327461,19.6684,-0.521102,19.6495,-0.59827,19.5199,-0.539919,19.351,-0.498054,19.2828,-0.518993,19.3414,-0.579015,19.3975,-0.675962,19.3822,-0.779855,19.321,-0.823507,19.2923,-0.809953,19.377,-0.761502
19.4787,-0.47257,19.5255,-0.406775,19.3978,-0.237296,19.2726,-0.0308905,19.2503,-0.0325961,19.3234,-0.273714,19.4608,-0.55192,19.6279,-0.717641,19.7643,-0.706499,19.772,-0.621181,19.6297,-0.593783,19.4742,-0.589888,19.391,-0.581229,19.3675,-0.616764,19.3837,-0.692008,19.4574,-0.763624
19.3324,-0.313514,19.3273,-0.423378,19.41,-0.534794,19.5461,-0.608405,19.5924,-0.596624,19.5381,-0.552777,19.4724,-0.58553,19.4444,-0.720378,19.483,-0.793918,19.5604,-0.728029,19.5634,-0.667823,19.4446,-0.684367,19.3187,-0.66547,19.2417,-0.579862,19.1991,-0.551619,19.2102,-0.60851
19.2005,-0.433037,19.3914,-0.447737,19.4913,-0.45962,19.4358,-0.480339,19.2646,-0.457396,19.1909,-0.434521,19.2627,-0.471042,19.3201,-0.564894,19.3109,-0.671313,19.375,-0.744413,19.4829,-0.763184,19.5044,-0.710558,19.4932,-0.622932,19.4934,-0.556187,19.4245,-0.587675,19.2978,-0.72555
19.3347,-0.117636,19.3924,-0.254954,19.4419,-0.323914,19.4131,-0.31036,19.248,-0.35669,19.0617,-0.481104,18.9693,-0.59687,19.0107,-0.628208,19.1616,-0.59047,19.2606,-0.551434,19.2352,-0.58261,19.19,-0.658039,19.208,-0.658167,19.2214,-0.598655,19.1697,-0.579351,19.1276,-0.558563
19.0542,-0.804852,19.1531,-0.73508,19.1883,-0.66641,19.146,-0.632892,19.0787,-0.625275,19.0584,-0.644069,19.0338,-0.69543,18.9136,-0.75108,18.7794,-0.761307,18.7512,-0.75521,18.8269,-0.813177,18.9313,-0.884701,19.0362,-0.932941,19.1173,-1.00399,19.2113,-1.05681,19.3372,-0.996233
19.0935,-0.0805364,19.1308,-0.108431,19.0465,-0.182343,18.9796,-0.248926,18.9392,-0.299245,18.8664,-0.358026,18.7739,-0.363578,18.7975,-0.310039,18.9801,-0.305122,19.1308,-0.33413,19.1553,-0.252032,19.1408,-0.101672,19.1292,-0.0373259,19.0476,-0.0690355,18.9466,-0.121719,18.9344,-0.178134
18.8518,-0.579584,19.0618,-0.609321,19.1804,-0.513301,19.1469,-0.378638,19.0378,-0.314222,19.0283,-0.377177,19.1211,-0.512571,19.2343,-0.659905,19.3005,-0.701353,19.3087,-0.592754,19.2758,-0.496281,19.1618,-0.554459,18.9478,-0.746977,18.7942,-0.955133,18.8047,-1.00457,18.8805,-0.867577
18.8848,0.177995,19.0063,0.108524,19.0022,0.0144863,18.9804,-0.0434122,19.0009,-0.0860896,19.0308,-0.163293,19.0656,-0.246121,19.0993,-0.216556,19.0711,-0.130981,18.9741,-0.187108,18.9248,-0.356576,18.9472,-0.483088,18.9709,-0.460284,19.0114,-0.312484,19.0979,-0.15818,19.1565,-0.169461
19.0701,-0.482717,19.1039,-0.581369,19.0588,-0.638793,18.9401,-0.606599,18.7807,-0.532513,18.6936,-0.52041,18.7533,-0.59534,18.8586,-0.669043,18.9518,-0.750419,19.0474,-0.843611,19.0833,-0.861871,19.045,-0.783055,19.0242,-0.696914,19.0028,-0.700799,18.9562,-0.748588,18.9484,-0.754431
18.7701,-0.0189495,18.6472,-0.0500584,18.6156,-0.127448,18.6512,-0.230458,18.6383,-0.266689,18.6219,-0.258191,18.6277,-0.217253,18.6553,-0.185161,18.7553,-0.227779,18.8991,-0.295545,18.9844,-0.272555,19.0119,-0.240462,18.9916,-0.259256,18.9091,-0.288786,18.8059,-0.31165,18.7475,-0.36184
18.7051,-0.651502,18.7074,-0.760798,18.8039,-0.904909,18.9148,-0.973683,18.97,-0.940235,19.0059,-0.830278,18.9989,-0.758825,18.9041,-0.862776,18.7878,-1.06809,18.7849,-1.1283,18.9022,-1.05338,19.0459,-1.01093,19.1515,-1.04863,19.1614,-1.09061,19.1259,-1.06707,19.1311,-0.987942
18.6161,-0.201647,18.7151,-0.193346,18.8871,-0.156999,18.962,-0.146042,18.8531,-0.222574,18.7105,-0.32867,18.6698,-0.366257,18.7186,-0.366292,18.7618,-0.353249,18.7865,-0.332623,18.8295,-0.355591,18.9057,-0.421014,18.9588,-0.419218,18.9805,-0.330582,18.9455,-0.235026,18.8307,-0.224278
18.7092,-0.331765,18.7865,-0.509581,18.7848,-0.664174,18.7798,-0.70729,18.7583,-0.631699,18.6545,-0.598367,18.5509,-0.675246,18.5683,-0.716659,18.6687,-0.607781,18.7672,-0.463808,18.7999,-0.450069,18.8334,-0.584733,18.9027,-0.75566,18.9392,-0.860852,18.9437,-0.889755,18.9769,-0.883471
18.5957,-0.269182,18.681,-0.325667,18.7465,-0.408401,18.7761,-0.442138,18.7309,-0.468828,18.6169,-0.527007,18.4966,-0.582658,18.4272,-0.606692,18.3831,-0.617556,18.3503,-0.600559,18.4522,-0.580791,18.661,-0.564883,18.7219,-0.508503,18.6356,-0.467843,18.6655,-0.545047,18.8386,-0.731302
18.4114,-0.300475,18.482,-0.450302,18.4866,-0.461201,18.5079,-0.347106,18.5753,-0.305981,18.5942,-0.387765,18.5192,-0.465467,18.4737,-0.448689,18.5027,-0.377493,18.51,-0.315454,18.465,-0.354874,18.4958,-0.482997,18.6488,-0.572559,18.7951,-0.603399,18.8292,-0.696775,18.7922,-0.840562
18.5403,-0.338641,18.6687,-0.351347,18.6917,-0.308358,18.6388,-0.274144,18.6147,-0.302225,18.6672,-0.341712,18.7136,-0.329934,18.6915,-0.326363,18.6099,-0.406813,18.4987,-0.551007,18.3904,-0.683734,18.3741,-0.785447,18.4884,-0.819474,18.6434,-0.767174,18.7356,-0.687419,18.7202,-0.614355
18.6162,0.0420566,18.6877,0.0490003,18.727,0.0347524,18.6883,-0.0379295,18.5111,-0.122671,18.3779,-0.165812,18.3998,-0.187388,18.4812,-0.173684,18.5546,-0.104352,18.5938,-0.0571313,18.5539,-0.0841665,18.4992,-0.173812,18.5014,-0.301112,18.5573,-0.38533,18.6649,-0.360634,18.7765,-0.259906
18.3882,-0.281994,18.4899,-0.21876,18.5001,-0.224731,18.4937,-0.209474,18.5456,-0.241508,18.6198,-0.418059,18.6581,-0.625091,18.6396,-0.648243,18.5335,-0.554358,18.3735,-0.570299,18.3028,-0.725647,18.3418,-0.873387,18.3357,-0.901595,18.2603,-0.856355,18.2495,-0.84293,18.3287,-0.848146
18.3692,-0.425909,18.3536,-0.437597,18.3918,-0.388193,18.4657,-0.393063,18.5998,-0.480319,18.7984,-0.537916,18.8923,-0.511261,18.8413,-0.481408,18.706,-0.476723,18.537,-0.404124,18.4359,-0.297854,18.467,-0.292486,18.5281,-0.346317,18.5257,-0.334502,18.4993,-0.332764,18.5089,-0.477501
18.256,-0.052876,18.2493,-0.0428934,18.2404,-0.0338268,18.2386,-0.0114627,18.1957,-0.0192313,18.1553,-0.0388136,18.1452,-0.0148373,18.0907,0.0110054,18.0255,0.00153303,18.0753,-0.0621524,18.1849,-0.231503,18.2622,-0.409319,18.3415,-0.476006,18.4394,-0.42206,18.5154,-0.297797,18.5663,-0.217438
18.1952,-0.188734,18.129,-0.372983,18.1037,-0.434895,18.1614,-0.315779,18.2048,-0.235991,18.2318,-0.227178,18.2874,-0.139714,18.3281,-0.00464582,18.3229,0.0444436,18.2907,0.0232491,18.2585,-0.0159497,18.2209,-0.103542,18.2083,-0.262714,18.2965,-0.387209,18.4716,-0.352125,18.5902,-0.207363
18.0039,-0.502488,18.0973,-0.419637,18.1616,-0.456726,18.2145,-0.619157,18.2261,-0.780984,18.231,-0.835347,18.2543,-0.787082,18.2367,-0.763675,18.1881,-0.843116,18.2094,-0.936712,18.2802,-0.940319,18.2918,-0.925188,18.253,-0.967134,18.2704,-1.00855,18.3621,-1.03155,18.4108,-1.08033
18.2217,-0.251943,18.4051,-0.267212,18.5274,-0.228651,18.4756,-0.178611,18.3543,-0.121871,18.3111,-0.0861726,18.3127,-0.126543,18.2349,-0.277183,18.1278,-0.455554,18.0896,-0.504958,18.1156,-0.463231,18.1598,-0.452367,18.2314,-0.458152,18.2669,-0.450953,18.2685,-0.442581,18.3219,-0.435509
17.8827,-0.299526,18.0064,-0.447556,17.9838,-0.582751,17.9623,-0.586637,18.0175,-0.553188,18.0592,-0.579251,18.0501,-0.63693,18.0762,-0.67468,18.1486,-0.669915,18.2227,-0.638773,18.3066,-0.588142,18.3422,-0.514198,18.2464,-0.457016,18.0746,-0.426618,17.9297,-0.374677,17.8068,-0.357042
18.0424,-0.240119,17.9202,-0.132458,17.8306,-0.157281,17.8762,-0.333009,17.9672,-0.512783,18.037,-0.56295,18.0793,-0.498987,18.0612,-0.437388,18.0201,-0.400775,18.0543,-0.347929,18.1805,-0.282075,18.2963,-0.246263,18.3127,-0.20602,18.2483,-0.138196,18.151,-0.150857,18.092,-0.291072
17.8445,-0.605361,18.0066,-0.685984,18.176,-0.655828,18.3019,-0.595249,18.2871,-0.57838,18.1487,-0.572433,18.0415,-0.543112,18.0939,-0.551866,18.2069,-0.63773,18.2834,-0.667142,18.3509,-0.559273,18.4031,-0.457816,18.4212,-0.488678,18.3991,-0.582588,18.3237,-0.665565,18.2293,-0.715501
18.089,-0.271805,18.1409,-0.224362,18.0897,-0.133037,18.0267,-0.123588,18.0387,-0.182658,18.0986,-0.239584,18.1057,-0.244292,18.0647,-0.158938,18.0582,-0.112945,18.0837,-0.19198,18.0514,-0.27992,17.9845,-0.297762,17.9615,-0.310018,18.0192,-0.349855,18.1234,-0.329171,18.1622,-0.238482
17.9285,-0.713683,17.9823,-0.701334,17.9997,-0.791488,18.0699,-0.867115,18.1514,-0.80467,18.1983,-0.751605,18.2089,-0.880517,18.1783,-1.03956,18.1424,-1.0213,18.1398,-0.899277,18.1039,-0.85028,18.0083,-0.885306,17.943,-0.94352,17.9494,-1.00752,17.9445,-1.08137,17.924,-1.08743
17.7038,0.217711,17.7222,0.222859,17.6742,0.153968,17.6846,-0.0416899,17.8212,-0.171494,17.8886,-0.0816293,17.783,0.0842781,17.6897,0.116915,17.7152,-0.0108619,17.7532,-0.125687,17.7806,-0.0808659,17.8786,0.0398273,18.0539,0.031445,18.1748,-0.0793114,18.1408,-0.144885,18.052,-0.159158
17.6832,-0.416706,17.762,-0.506674,17.8447,-0.538615,17.8674,-0.482894,17.7831,-0.379848,17.7337,-0.341624,17.8021,-0.412891,17.8971,-0.498628,17.9309,-0.499799,17.8872,-0.407905,17.7829,-0.318378,17.6971,-0.285173,17.6905,-0.305926,17.7292,-0.361461,17.7663,-0.425365,17.8015,-0.502918
17.6667,-0.426211,17.7022,-0.498488,17.6726,-0.544227,17.6304,-0.510709,17.6764,-0.455464,17.8217,-0.453388,17.8979,-0.567552,17.8829,-0.794388,17.8873,-0.969513,17.9088,-0.947623,17.896,-0.837632,17.903,-0.762863,17.9138,-0.727548,17.8593,-0.750446,17.846,-0.871428,17.9307,-0.9692
17.9608,-0.19235,17.8949,-0.291851,17.8282,-0.322424,17.8472,-0.306726,17.8333,-0.21256,17.7527,-0.118233,17.7299,-0.125212,17.8298,-0.185836,17.9741,-0.230322,18.0165,-0.294575,17.951,-0.388799,17.8828,-0.458478,17.8993,-0.448971,17.9389,-0.378468,17.96,-0.349124,17.9677,-0.392021
17.3552,-0.52118,17.4194,-0.448057,17.5003,-0.329416,17.5919,-0.290946,17.6058,-0.336372,17.5379,-0.418781,17.5071,-0.595832,17.6044,-0.760127,17.7488,-0.755874,17.8165,-0.660733,17.7854,-0.61736,17.7011,-0.642532,17.6098,-0.742471,17.595,-0.902559,17.6595,-1.00112,17.7282,-0.938894
17.6587,-0.321846,17.7789,-0.266193,17.8135,-0.159333,17.795,-0.10301,17.7517,-0.116053,17.721,-0.164887,17.6488,-0.231122,17.5361,-0.316941,17.4982,-0.409808,17.5609,-0.504008,17.6118,-0.631343,17.5641,-0.743701,17.4656,-0.759457,17.4057,-0.720536,17.4824,-0.665198,17.6766,-0.645151
17.564,-0.810446,17.4295,-0.856682,17.437,-0.856114,17.5392,-0.800336,17.6053,-0.762309,17.6437,-0.774376,17.6771,-0.878304,17.6531,-1.06534,17.5618,-1.16528,17.5205,-1.06719,17.5768,-0.920437,17.6309,-0.872079,17.6257,-0.902466,17.6384,-0.999728,17.7183,-1.15335,17.7643,-1.27506
17.4276,0.0144591,17.3486,-0.0110602,17.3207,-0.0484266,17.3799,-0.097898,17.4603,-0.14876,17.5213,-0.171854,17.5433,-0.175425,17.492,-0.230324,17.3857,-0.300664,17.307,-0.272166,17.2964,-0.191995,17.317,-0.216666,17.388,-0.361218,17.4809,-0.478605,17.5162,-0.538151,17.515,-0.620724
17.3553,-0.551915,17.3581,-0.68667,17.4409,-0.780083,17.5156,-0.805137,17.5222,-0.784383,17.4919,-0.730459,17.4718,-0.713243,17.5188,-0.788395,17.574,-0.883162,17.5318,-0.88038,17.4742,-0.822538,17.5511,-0.828672,17.6991,-0.881876,17.7614,-0.901875,17.6781,-0.95996,17.5421,-1.09404
17.1589,-0.236967,17.3168,-0.252676,17.407,-0.217304,17.4117,-0.179461,17.4197,-0.186348,17.5149,-0.156598,17.5711,-0.156065,17.4366,-0.251041,17.2683,-0.344848,17.2935,-0.429159,17.4908,-0.538593,17.6355,-0.577803,17.5486,-0.480948,17.328,-0.371039,17.2419,-0.343109,17.3674,-0.336547
17.3448,-0.0203462,17.4642,-0.170208,17.6095,-0.29635,17.6725,-0.305799,17.5902,-0.268583,17.4639,-0.254961,17.3766,-0.309602,17.3396,-0.40465,17.354,-0.426794,17.3582,-0.363492,17.3108,-0.262879,17.2071,-0.180806,17.1197,-0.155972,17.0907,-0.209167,17.1104,-0.329139,17.1269,-0.447848
17.3172,-0.406353,17.1977,-0.402713,16.9983,-0.373671,16.9682,-0.332479,17.0433,-0.382993,17.1347,-0.539486,17.264,-0.651855,17.3422,-0.606151,17.3206,-0.499823,17.2857,-0.514478,17.267,-0.573643,17.254,-0.481656,17.3155,-0.304513,17.4138,-0.227285,17.4399,-0.265036,17.4031,-0.342077
17.258,-0.131185,17.2877,-0.146918,17.3952,-0.0914865,17.5592,-0.0302467,17.5808,-0.0570989,17.4383,-0.14519,17.3077,-0.212874,17.3077,-0.261616,17.3497,-0.331144,17.3103,-0.414377,17.223,-0.469019,17.2322,-0.490816,17.3659,-0.55261,17.465,-0.623785,17.4679,-0.612318,17.481,-0.509341
17.2829,-0.605421,17.2559,-0.516751,17.1737,-0.382053,17.1725,-0.367144,17.2639,-0.523637,17.3739,-0.687714,17.4087,-0.691064,17.3299,-0.552356,17.1971,-0.443999,17.084,-0.504358,17.0169,-0.735169,17.05,-0.972589,17.1504,-1.04067,17.2247,-0.973516,17.2377,-0.857808,17.2222,-0.723273
16.9668,-0.0484052,16.9365,-0.0739579,16.9624,-0.275936,17.1048,-0.462283,17.2937,-0.441889,17.3874,-0.323028,17.3781,-0.270496,17.3406,-0.260607,17.275,-0.226614,17.1345,-0.172842,17.0265,-0.123337,17.0605,-0.137238,17.1589,-0.267703,17.2071,-0.43724,17.2372,-0.478432,17.3044,-0.327098
17.3557,0.11245,17.2699,-0.0313034,17.1058,-0.238765,16.9849,-0.384443,16.9869,-0.450273,17.1632,-0.363352,17.3682,-0.179774,17.3975,-0.121306,17.3292,-0.208991,17.2888,-0.259308,17.256,-0.242311,17.1742,-0.261292,17.0925,-0.311007,17.0603,-0.350204,17.0406,-0.358449,17.0019,-0.302913
17.3331,-0.61509,17.3921,-0.572355,17.3412,-0.445018,17.2715,-0.425589,17.2353,-0.492079,17.221,-0.531405,17.1924,-0.499846,17.1949,-0.493656,17.2538,-0.597143,17.3049,-0.706473,17.3032,-0.684109,17.2866,-0.61414,17.3081,-0.59225,17.336,-0.603622,17.2698,-0.659657,17.179,-0.718311
17.0004,-0.775411,17.0424,-0.942421,17.1235,-0.982732,17.2653,-0.856452,17.365,-0.629907,17.3459,-0.437912,17.2528,-0.38727,17.1053,-0.439003,16.9275,-0.467547,16.8713,-0.468081,16.9951,-0.51863,17.1414,-0.646951,17.1892,-0.821763,17.1566,-0.945712,17.153,-0.888254,17.1809,-0.673929
16.9255,-0.224759,16.9016,-0.314312,16.8219,-0.301638,16.8353,-0.290868,16.9235,-0.366622,16.9909,-0.453716,17.0053,-0.445124,16.984,-0.382262,17.0008,-0.367481,17.05,-0.441716,17.068,-0.521319,17.0733,-0.521667,17.14,-0.442353,17.2377,-0.375677,17.2792,-0.389009,17.2377,-0.455152
17.0303,-0.193525,16.9861,-0.301871,16.8515,-0.414854,16.7533,-0.425335,16.7372,-0.332086,16.771,-0.205039,16.8206,-0.127778,16.9295,-0.179463,17.0875,-0.323389,17.1803,-0.410041,17.1436,-0.420337,17.0677,-0.477854,17.0661,-0.583705,17.0801,-0.611125,17.045,-0.582314,17.0551,-0.637026
17.187,0.062108,17.1271,-0.0271878,16.918,-0.0483708,16.7705,-0.0513625,16.776,-0.0644398,16.9346,-0.0695987,17.1437,-0.097157,17.233,-0.157086,17.1716,-0.188006,17.0932,-0.172239,17.0884,-0.148611,17.0954,-0.122582,17.0532,-0.1198,17.0122,-0.162663,17.0518,-0.189641,17.1648,-0.147289
16.9857,-0.532844,17.0607,-0.601364,16.9752,-0.562883,16.8392,-0.440534,16.7984,-0.416651,16.8282,-0.542594,16.7975,-0.670905,16.6786,-0.72346,16.5873,-0.725919,16.6319,-0.740515,16.7946,-0.779852,16.9538,-0.823201,16.9603,-0.838459,16.8577,-0.802031,16.772,-0.720086,16.7374,-0.649989
16.7004,0.219228,16.7005,0.188492,16.6526,0.0888653,16.589,-0.0404534,16.556,-0.0594668,16.6179,0.0127392,16.7172,0.0390463,16.7703,-0.0386324,16.7459,-0.151464,16.6785,-0.210593,16.6234,-0.177295,16.658,-0.0704346,16.7808,0.0401483,16.8788,0.112101,16.9334,0.153003,16.9988,0.131741
16.5695,-0.512822,16.6686,-0.553262,16.7542,-0.604471,16.6927,-0.573922,16.5183,-0.470239,16.3806,-0.405,16.3548,-0.459456,16.423,-0.548728,16.5029,-0.543396,16.5605,-0.473021,16.6271,-0.491188,16.6832,-0.636877,16.6809,-0.784015,16.6534,-0.816107,16.589,-0.748283,16.439,-0.708725
16.4936,-0.362648,16.5635,-0.49229,16.6591,-0.616217,16.7438,-0.585772,16.7221,-0.497449,16.645,-0.509321,16.6444,-0.630083,16.7091,-0.710637,16.7105,-0.640796,16.6074,-0.517438,16.4544,-0.507351,16.3705,-0.606722,16.4378,-0.66308,16.58,-0.659739,16.6473,-0.667358,16.6221,-0.711263
16.5432,-0.462343,16.6279,-0.383157,16.716,-0.348699,16.8021,-0.376628,16.7946,-0.425937,16.6754,-0.417022,16.5397,-0.386878,16.4291,-0.441046,16.3477,-0.582965,16.3657,-0.66257,16.4557,-0.632472,16.5021,-0.571951,16.4979,-0.537772,16.5388,-0.512916,16.628,-0.493368,16.6633,-0.504174
16.6278,-0.608855,16.6687,-0.663474,16.6521,-0.690986,16.6768,-0.621619,16.6986,-0.484243,16.6241,-0.47192,16.4681,-0.588787,16.3711,-0.644912,16.3958,-0.575546,16.4653,-0.582247,16.4823,-0.726418,16.5529,-0.845509,16.7444,-0.849659,16.8732,-0.80835,16.8335,-0.76864,16.7485,-0.706879
16.2716,-0.37132,16.3314,-0.30003,16.4229,-0.212821,16.5121,-0.242013,16.6117,-0.387388,16.6515,-0.506573,16.6252,-0.53557,16.634,-0.531906,16.7203,-0.523824,16.8058,-0.416082,16.7888,-0.192436,16.6675,-0.0869555,16.5836,-0.235068,16.5785,-0.424407,16.6401,-0.503699,16.7409,-0.597237
16.6156,0.298993,16.5595,0.395941,16.527,0.320731,16.5698,0.133537,16.593,-0.0438962,16.5224,-0.199242,16.4064,-0.350543,16.3606,-0.467259,16.3736,-0.47977,16.3773,-0.342265,16.3251,-0.169286,16.2588,-0.115107,16.2334,-0.195024,16.3261,-0.299682,16.5209,-0.366566,16.6481,-0.382368
